DESCRIPTOR_NAME,Owner,NAMESPACE,CODE_VALUE,SHORT_DESCRIPTION,DESCRIPTION
absence_event_category_descriptors,ed-fi,uri://ed-fi.org/AbsenceEventCategoryDescriptor,Bereavement,Bereavement,Bereavement
absence_event_category_descriptors,ed-fi,uri://ed-fi.org/AbsenceEventCategoryDescriptor,Compensatory leave time,Compensatory leave time,Compensatory leave time
absence_event_category_descriptors,ed-fi,uri://ed-fi.org/AbsenceEventCategoryDescriptor,Flex time,Flex time,Flex time
absence_event_category_descriptors,ed-fi,uri://ed-fi.org/AbsenceEventCategoryDescriptor,Jury duty,Jury duty,Jury duty
absence_event_category_descriptors,ed-fi,uri://ed-fi.org/AbsenceEventCategoryDescriptor,Other,Other,Other
absence_event_category_descriptors,ed-fi,uri://ed-fi.org/AbsenceEventCategoryDescriptor,Personal,Personal,Personal
absence_event_category_descriptors,ed-fi,uri://ed-fi.org/AbsenceEventCategoryDescriptor,Professional development,Professional development,Professional development
absence_event_category_descriptors,ed-fi,uri://ed-fi.org/AbsenceEventCategoryDescriptor,Release time,Release time,Release time
absence_event_category_descriptors,ed-fi,uri://ed-fi.org/AbsenceEventCategoryDescriptor,Sick leave,Sick leave,Sick leave
absence_event_category_descriptors,ed-fi,uri://ed-fi.org/AbsenceEventCategoryDescriptor,Suspension,Suspension,Suspension
absence_event_category_descriptors,ed-fi,uri://ed-fi.org/AbsenceEventCategoryDescriptor,Vacation,Vacation,Vacation
absence_event_category_descriptors,ed-fi,uri://ed-fi.org/AbsenceEventCategoryDescriptor,Work compensation,Work compensation,Work compensation
academic_honor_category_descriptors,ed-fi,uri://ed-fi.org/AcademicHonorCategoryDescriptor,Attendance award,Attendance award,Attendance award
academic_honor_category_descriptors,ed-fi,uri://ed-fi.org/AcademicHonorCategoryDescriptor,Awarding of units of value,Awarding of units of value,Awarding of units of value
academic_honor_category_descriptors,ed-fi,uri://ed-fi.org/AcademicHonorCategoryDescriptor,Certificate,Certificate,Certificate
academic_honor_category_descriptors,ed-fi,uri://ed-fi.org/AcademicHonorCategoryDescriptor,Citizenship award/recognition,Citizenship award/recognition,Citizenship award/recognition
academic_honor_category_descriptors,ed-fi,uri://ed-fi.org/AcademicHonorCategoryDescriptor,"Completion of requirement, but no units awarded","Completion of requirement, but no units of value awarded","Completion of requirement, but no units of value awarded"
academic_honor_category_descriptors,ed-fi,uri://ed-fi.org/AcademicHonorCategoryDescriptor,Honor award,Honor award,Honor award
academic_honor_category_descriptors,ed-fi,uri://ed-fi.org/AcademicHonorCategoryDescriptor,Honor roll,Honor roll,Honor roll
academic_honor_category_descriptors,ed-fi,uri://ed-fi.org/AcademicHonorCategoryDescriptor,Honor society,Honor society,Honor society
academic_honor_category_descriptors,ed-fi,uri://ed-fi.org/AcademicHonorCategoryDescriptor,Honorable mention,Honorable mention,Honorable mention
academic_honor_category_descriptors,ed-fi,uri://ed-fi.org/AcademicHonorCategoryDescriptor,Honors program,Honors program,Honors program
academic_honor_category_descriptors,ed-fi,uri://ed-fi.org/AcademicHonorCategoryDescriptor,Letter of student commendation,Letter of student commendation,Letter of student commendation
academic_honor_category_descriptors,ed-fi,uri://ed-fi.org/AcademicHonorCategoryDescriptor,Medals,Medals,Medals
academic_honor_category_descriptors,ed-fi,uri://ed-fi.org/AcademicHonorCategoryDescriptor,National Merit Scholar,National Merit Scholar,National Merit Scholar
academic_honor_category_descriptors,ed-fi,uri://ed-fi.org/AcademicHonorCategoryDescriptor,Other,Other,Other
academic_honor_category_descriptors,ed-fi,uri://ed-fi.org/AcademicHonorCategoryDescriptor,Points,Points,Points
academic_honor_category_descriptors,ed-fi,uri://ed-fi.org/AcademicHonorCategoryDescriptor,Prize awards,Prize awards,Prize awards
academic_honor_category_descriptors,ed-fi,uri://ed-fi.org/AcademicHonorCategoryDescriptor,Promotion or advancement,Promotion or advancement,Promotion or advancement
academic_honor_category_descriptors,ed-fi,uri://ed-fi.org/AcademicHonorCategoryDescriptor,Scholarships,Scholarships,Scholarships
academic_subject_descriptors,ed-fi,uri://ed-fi.org/AcademicSubjectDescriptor,Career and Technical Education,Career and Technical Education,Career and Technical Education
academic_subject_descriptors,ed-fi,uri://ed-fi.org/AcademicSubjectDescriptor,Composite,Composite,Composite
academic_subject_descriptors,ed-fi,uri://ed-fi.org/AcademicSubjectDescriptor,Critical Reading,Critical Reading,Critical Reading
academic_subject_descriptors,ed-fi,uri://ed-fi.org/AcademicSubjectDescriptor,Cross Subject,Cross Subject,Cross Subject
academic_subject_descriptors,ed-fi,uri://ed-fi.org/AcademicSubjectDescriptor,English,English,English
academic_subject_descriptors,ed-fi,uri://ed-fi.org/AcademicSubjectDescriptor,English Language Arts,English Language Arts,English Language Arts
academic_subject_descriptors,ed-fi,uri://ed-fi.org/AcademicSubjectDescriptor,Fine and Performing Arts,Fine and Performing Arts,Fine and Performing Arts
academic_subject_descriptors,ed-fi,uri://ed-fi.org/AcademicSubjectDescriptor,Foreign Language and Literature,Foreign Language and Literature,Foreign Language and Literature
academic_subject_descriptors,ed-fi,uri://ed-fi.org/AcademicSubjectDescriptor,Life and Physical Sciences,Life and Physical Sciences,Life and Physical Sciences
academic_subject_descriptors,ed-fi,uri://ed-fi.org/AcademicSubjectDescriptor,Mathematics,Mathematics,Mathematics
academic_subject_descriptors,ed-fi,uri://ed-fi.org/AcademicSubjectDescriptor,Military Science,Military Science,Military Science
academic_subject_descriptors,ed-fi,uri://ed-fi.org/AcademicSubjectDescriptor,Other,Other,Other
academic_subject_descriptors,ed-fi,uri://ed-fi.org/AcademicSubjectDescriptor,"Physical, Health, and Safety Education","Physical, Health, and Safety Education","Physical, Health, and Safety Education"
academic_subject_descriptors,ed-fi,uri://ed-fi.org/AcademicSubjectDescriptor,Reading,Reading,Reading
academic_subject_descriptors,ed-fi,uri://ed-fi.org/AcademicSubjectDescriptor,Religious Education and Theology,Religious Education and Theology,Religious Education and Theology
academic_subject_descriptors,ed-fi,uri://ed-fi.org/AcademicSubjectDescriptor,Science,Science,Science
academic_subject_descriptors,ed-fi,uri://ed-fi.org/AcademicSubjectDescriptor,Social Sciences and History,Social Sciences and History,Social Sciences and History
academic_subject_descriptors,ed-fi,uri://ed-fi.org/AcademicSubjectDescriptor,Social Studies,Social Studies,Social Studies
academic_subject_descriptors,ed-fi,uri://ed-fi.org/AcademicSubjectDescriptor,Writing,Writing,Writing
accommodation_descriptors,ed-fi,uri://ed-fi.org/AccommodationDescriptor,504 accommodation,504 accommodation,504 accommodation
accommodation_descriptors,ed-fi,uri://ed-fi.org/AccommodationDescriptor,English language learner accommodation,English language learner accommodation,English language learner accommodation
accommodation_descriptors,ed-fi,uri://ed-fi.org/AccommodationDescriptor,Other,Other,Other
accommodation_descriptors,ed-fi,uri://ed-fi.org/AccommodationDescriptor,Scheduling accommodation,Scheduling accommodation,Scheduling accommodation
accommodation_descriptors,ed-fi,uri://ed-fi.org/AccommodationDescriptor,Settings accommodation,Settings accommodation,Settings accommodation
accommodation_descriptors,ed-fi,uri://ed-fi.org/AccommodationDescriptor,Student equipment/technology,Student equipment/technology,Student equipment/technology
accommodation_descriptors,ed-fi,uri://ed-fi.org/AccommodationDescriptor,Test administration accommodation,Test administration accommodation,Test administration accommodation
accommodation_descriptors,ed-fi,uri://ed-fi.org/AccommodationDescriptor,Test material accommodation,Test material accommodation,Test material accommodation
accommodation_descriptors,ed-fi,uri://ed-fi.org/AccommodationDescriptor,Test response accommodation,Test response accommodation,Test response accommodation
account_classification_descriptors,ed-fi,uri://ed-fi.org/AccountClassificationDescriptor,Function,Function,Function
account_classification_descriptors,ed-fi,uri://ed-fi.org/AccountClassificationDescriptor,Fund,Fund,Fund
account_classification_descriptors,ed-fi,uri://ed-fi.org/AccountClassificationDescriptor,Job Class,Job Class,Job Class
account_classification_descriptors,ed-fi,uri://ed-fi.org/AccountClassificationDescriptor,Level of Instruction,Level of Instruction,Level of Instruction
account_classification_descriptors,ed-fi,uri://ed-fi.org/AccountClassificationDescriptor,Object,Object,Object
account_classification_descriptors,ed-fi,uri://ed-fi.org/AccountClassificationDescriptor,Operational Unit,Operational Unit,Operational Unit
account_classification_descriptors,ed-fi,uri://ed-fi.org/AccountClassificationDescriptor,Program,Program,Program
account_classification_descriptors,ed-fi,uri://ed-fi.org/AccountClassificationDescriptor,Project,Project,Project
account_classification_descriptors,ed-fi,uri://ed-fi.org/AccountClassificationDescriptor,Subject Matter,Subject Matter,Subject Matter
achievement_category_descriptors,ed-fi,uri://ed-fi.org/AchievementCategoryDescriptor,Academic Honor,Academic Honor,Academic Honor
achievement_category_descriptors,ed-fi,uri://ed-fi.org/AchievementCategoryDescriptor,Certificate Earned,Certificate Earned,Certificate Earned
achievement_category_descriptors,ed-fi,uri://ed-fi.org/AchievementCategoryDescriptor,Competency Mastered,Competency Mastered,Competency Mastered
achievement_category_descriptors,ed-fi,uri://ed-fi.org/AchievementCategoryDescriptor,Competency Retained,Competency Retained,Competency Retained
achievement_category_descriptors,ed-fi,uri://ed-fi.org/AchievementCategoryDescriptor,Course Completed,Course Completed,Course Completed
achievement_category_descriptors,ed-fi,uri://ed-fi.org/AchievementCategoryDescriptor,Diploma Earned,Diploma Earned,Diploma Earned
achievement_category_descriptors,ed-fi,uri://ed-fi.org/AchievementCategoryDescriptor,Level Completed,Level Completed,Level Completed
achievement_category_descriptors,ed-fi,uri://ed-fi.org/AchievementCategoryDescriptor,License Earned,License Earned,License Earned
achievement_category_descriptors,ed-fi,uri://ed-fi.org/AchievementCategoryDescriptor,License Endorsement Earned,License Endorsement Earned,License Endorsement Earned
achievement_category_descriptors,ed-fi,uri://ed-fi.org/AchievementCategoryDescriptor,Non-Academic Honor,Non-Academic Honor,Non-Academic Honor
achievement_category_descriptors,ed-fi,uri://ed-fi.org/AchievementCategoryDescriptor,Participation,Participation,Participation
achievement_category_descriptors,ed-fi,uri://ed-fi.org/AchievementCategoryDescriptor,Recognition,Recognition,Recognition
additional_credit_type_descriptors,ed-fi,uri://ed-fi.org/AdditionalCreditTypeDescriptor,Advanced Placement,Advanced Placement,Advanced Placement
additional_credit_type_descriptors,ed-fi,uri://ed-fi.org/AdditionalCreditTypeDescriptor,Career and Technical Education,Career and Technical Education,Career and Technical Education
additional_credit_type_descriptors,ed-fi,uri://ed-fi.org/AdditionalCreditTypeDescriptor,Dual credit,Dual credit,Dual credit
additional_credit_type_descriptors,ed-fi,uri://ed-fi.org/AdditionalCreditTypeDescriptor,International Baccalaureate,International Baccalaureate,International Baccalaureate
additional_credit_type_descriptors,ed-fi,uri://ed-fi.org/AdditionalCreditTypeDescriptor,Other,Other,Other
address_type_descriptors,ed-fi,uri://ed-fi.org/AddressTypeDescriptor,Billing,Billing,Billing
address_type_descriptors,ed-fi,uri://ed-fi.org/AddressTypeDescriptor,"Doubled - up (i.e., living with another family)","Doubled - up (i.e., living with another family)","Doubled - up (i.e., living with another family)"
address_type_descriptors,ed-fi,uri://ed-fi.org/AddressTypeDescriptor,Father Address,Father Address,Father Address
address_type_descriptors,ed-fi,uri://ed-fi.org/AddressTypeDescriptor,Guardian Address,Guardian Address,Guardian Address
address_type_descriptors,ed-fi,uri://ed-fi.org/AddressTypeDescriptor,Home,Home,Home
address_type_descriptors,ed-fi,uri://ed-fi.org/AddressTypeDescriptor,Hotels/Motels,Hotels/Motels,Hotels/Motels
address_type_descriptors,ed-fi,uri://ed-fi.org/AddressTypeDescriptor,Mailing,Mailing,Mailing
address_type_descriptors,ed-fi,uri://ed-fi.org/AddressTypeDescriptor,Mother Address,Mother Address,Mother Address
address_type_descriptors,ed-fi,uri://ed-fi.org/AddressTypeDescriptor,Other,Other,Other
address_type_descriptors,ed-fi,uri://ed-fi.org/AddressTypeDescriptor,Physical,Physical,Physical
address_type_descriptors,ed-fi,uri://ed-fi.org/AddressTypeDescriptor,"Shelter, Transitional housing, Awaiting Foster","Shelters, Transitional housing, Awaiting Foster Care","Shelters, Transitional housing, Awaiting Foster Care"
address_type_descriptors,ed-fi,uri://ed-fi.org/AddressTypeDescriptor,Shipping,Shipping,Shipping
address_type_descriptors,ed-fi,uri://ed-fi.org/AddressTypeDescriptor,Temporary,Temporary,Temporary
address_type_descriptors,ed-fi,uri://ed-fi.org/AddressTypeDescriptor,Unsheltered,"Unsheltered (cars, parks, temporary trailers, or abandoned buildings)","Unsheltered (e.g. cars, parks, campgrounds, temporary trailers including FEMA trailers, or abandoned buildings)"
address_type_descriptors,ed-fi,uri://ed-fi.org/AddressTypeDescriptor,Work,Work,Work
administration_environment_descriptors,ed-fi,uri://ed-fi.org/AdministrationEnvironmentDescriptor,Classroom,Classroom,Classroom
administration_environment_descriptors,ed-fi,uri://ed-fi.org/AdministrationEnvironmentDescriptor,School,School,School
administration_environment_descriptors,ed-fi,uri://ed-fi.org/AdministrationEnvironmentDescriptor,Testing Center,Testing Center,Testing Center
administrative_funding_control_descriptors,ed-fi,uri://ed-fi.org/AdministrativeFundingControlDescriptor,Other,Other,Other
administrative_funding_control_descriptors,ed-fi,uri://ed-fi.org/AdministrativeFundingControlDescriptor,Private School,Private School,Private School
administrative_funding_control_descriptors,ed-fi,uri://ed-fi.org/AdministrativeFundingControlDescriptor,Public School,Public School,Public School
assessment_category_descriptors,ed-fi,uri://ed-fi.org/AssessmentCategoryDescriptor,Achievement test,Achievement test,Achievement test
assessment_category_descriptors,ed-fi,uri://ed-fi.org/AssessmentCategoryDescriptor,Advanced Placement,Advanced Placement,Advanced Placement
assessment_category_descriptors,ed-fi,uri://ed-fi.org/AssessmentCategoryDescriptor,Alternate assessment/ELL,Alternate assessment/ELL,Alternate assessment/ELL
assessment_category_descriptors,ed-fi,uri://ed-fi.org/AssessmentCategoryDescriptor,Alternate assessment/grade-level standards,Alternate assessment/grade-level standards,Alternate assessment/grade-level standards
assessment_category_descriptors,ed-fi,uri://ed-fi.org/AssessmentCategoryDescriptor,Alternative assessment/modified standards,Alternative assessment/modified standards,Alternative assessment/modified standards
assessment_category_descriptors,ed-fi,uri://ed-fi.org/AssessmentCategoryDescriptor,Aptitude test,Aptitude test,Aptitude test
assessment_category_descriptors,ed-fi,uri://ed-fi.org/AssessmentCategoryDescriptor,Attitudinal test,Attitudinal test,Attitudinal test
assessment_category_descriptors,ed-fi,uri://ed-fi.org/AssessmentCategoryDescriptor,Benchmark test,Benchmark test,Benchmark test
assessment_category_descriptors,ed-fi,uri://ed-fi.org/AssessmentCategoryDescriptor,Class quiz,Class quiz,Class quiz
assessment_category_descriptors,ed-fi,uri://ed-fi.org/AssessmentCategoryDescriptor,Class test,Class test,Class test
assessment_category_descriptors,ed-fi,uri://ed-fi.org/AssessmentCategoryDescriptor,Cognitive and perceptual skills test,Cognitive and perceptual skills test,Cognitive and perceptual skills test
assessment_category_descriptors,ed-fi,uri://ed-fi.org/AssessmentCategoryDescriptor,College entrance exam,College entrance exam,College entrance exam
assessment_category_descriptors,ed-fi,uri://ed-fi.org/AssessmentCategoryDescriptor,Developmental observation,Developmental observation,Developmental observation
assessment_category_descriptors,ed-fi,uri://ed-fi.org/AssessmentCategoryDescriptor,Diagnostic,Diagnostic,Diagnostic
assessment_category_descriptors,ed-fi,uri://ed-fi.org/AssessmentCategoryDescriptor,Early Learning - Approaches toward learning,Early Learning - Approaches toward learning,Early Learning - Approaches toward learning
assessment_category_descriptors,ed-fi,uri://ed-fi.org/AssessmentCategoryDescriptor,Early Learning - Cognition and general knowledge,Early Learning - Cognition and general knowledge,Early Learning - Cognition and general knowledge
assessment_category_descriptors,ed-fi,uri://ed-fi.org/AssessmentCategoryDescriptor,Early Learning - Language and literacy development,Early Learning - Language and literacy development,Early Learning - Language and literacy development
assessment_category_descriptors,ed-fi,uri://ed-fi.org/AssessmentCategoryDescriptor,Early Learning - Physical well-being and motor dev,Early Learning - Physical well-being and motor development,Early Learning - Physical well-being and motor development
assessment_category_descriptors,ed-fi,uri://ed-fi.org/AssessmentCategoryDescriptor,Early Learning - Social and emotional development,Early Learning - Social and emotional development,Early Learning - Social and emotional development
assessment_category_descriptors,ed-fi,uri://ed-fi.org/AssessmentCategoryDescriptor,English proficiency screening test,English proficiency screening test,English proficiency screening test
assessment_category_descriptors,ed-fi,uri://ed-fi.org/AssessmentCategoryDescriptor,Foreign language proficiency test,Foreign language proficiency test,Foreign language proficiency test
assessment_category_descriptors,ed-fi,uri://ed-fi.org/AssessmentCategoryDescriptor,Formative,Formative,Formative
assessment_category_descriptors,ed-fi,uri://ed-fi.org/AssessmentCategoryDescriptor,Interest inventory,Interest inventory,Interest inventory
assessment_category_descriptors,ed-fi,uri://ed-fi.org/AssessmentCategoryDescriptor,Interim,Interim,Interim
assessment_category_descriptors,ed-fi,uri://ed-fi.org/AssessmentCategoryDescriptor,International Baccalaureate,International Baccalaureate,International Baccalaureate
assessment_category_descriptors,ed-fi,uri://ed-fi.org/AssessmentCategoryDescriptor,Language proficiency test,Language proficiency test,Language proficiency test
assessment_category_descriptors,ed-fi,uri://ed-fi.org/AssessmentCategoryDescriptor,Manual dexterity test,Manual dexterity test,Manual dexterity test
assessment_category_descriptors,ed-fi,uri://ed-fi.org/AssessmentCategoryDescriptor,Mental ability (intelligence) test,Mental ability (intelligence) test,Mental ability (intelligence) test
assessment_category_descriptors,ed-fi,uri://ed-fi.org/AssessmentCategoryDescriptor,Other,Other,Other
assessment_category_descriptors,ed-fi,uri://ed-fi.org/AssessmentCategoryDescriptor,Performance assessment,Performance assessment,Performance assessment
assessment_category_descriptors,ed-fi,uri://ed-fi.org/AssessmentCategoryDescriptor,Personality test,Personality test,Personality test
assessment_category_descriptors,ed-fi,uri://ed-fi.org/AssessmentCategoryDescriptor,Portfolio assessment,Portfolio assessment,Portfolio assessment
assessment_category_descriptors,ed-fi,uri://ed-fi.org/AssessmentCategoryDescriptor,Prekindergarten Readiness,Prekindergarten Readiness,Prekindergarten Readiness
assessment_category_descriptors,ed-fi,uri://ed-fi.org/AssessmentCategoryDescriptor,Psychological test,Psychological test,Psychological test
assessment_category_descriptors,ed-fi,uri://ed-fi.org/AssessmentCategoryDescriptor,Psychomotor test,Psychomotor test,Psychomotor test
assessment_category_descriptors,ed-fi,uri://ed-fi.org/AssessmentCategoryDescriptor,Reading readiness test,Reading readiness test,Reading readiness test
assessment_category_descriptors,ed-fi,uri://ed-fi.org/AssessmentCategoryDescriptor,State English proficiency test,State English proficiency test,State English proficiency test
assessment_category_descriptors,ed-fi,uri://ed-fi.org/AssessmentCategoryDescriptor,State alternate assessment/ELL,State alternate assessment/ELL,State alternate assessment/ELL
assessment_category_descriptors,ed-fi,uri://ed-fi.org/AssessmentCategoryDescriptor,State alternative assessment/grade-level standards,State alternative assessment/grade-level standards,State alternative assessment/grade-level standards
assessment_category_descriptors,ed-fi,uri://ed-fi.org/AssessmentCategoryDescriptor,State alternative assessment/modified standards,State alternative assessment/modified standards,State alternative assessment/modified standards
assessment_category_descriptors,ed-fi,uri://ed-fi.org/AssessmentCategoryDescriptor,State assessment,State assessment,State assessment
assessment_category_descriptors,ed-fi,uri://ed-fi.org/AssessmentCategoryDescriptor,State high school course assessment,State high school course assessment,State high school course assessment
assessment_category_descriptors,ed-fi,uri://ed-fi.org/AssessmentCategoryDescriptor,State high school subject assessment,State high school subject assessment,State high school subject assessment
assessment_category_descriptors,ed-fi,uri://ed-fi.org/AssessmentCategoryDescriptor,State summative assessment 3-8 general,State summative assessment 3-8 general,State summative assessment 3-8 general
assessment_identification_system_descriptors,ed-fi,uri://ed-fi.org/AssessmentIdentificationSystemDescriptor,District,District,District
assessment_identification_system_descriptors,ed-fi,uri://ed-fi.org/AssessmentIdentificationSystemDescriptor,Federal,Federal,Federal
assessment_identification_system_descriptors,ed-fi,uri://ed-fi.org/AssessmentIdentificationSystemDescriptor,Other,Other,Other
assessment_identification_system_descriptors,ed-fi,uri://ed-fi.org/AssessmentIdentificationSystemDescriptor,Other Federal,Other Federal,Other Federal
assessment_identification_system_descriptors,ed-fi,uri://ed-fi.org/AssessmentIdentificationSystemDescriptor,School,School,School
assessment_identification_system_descriptors,ed-fi,uri://ed-fi.org/AssessmentIdentificationSystemDescriptor,State,State,State
assessment_identification_system_descriptors,ed-fi,uri://ed-fi.org/AssessmentIdentificationSystemDescriptor,Test Contractor,Test Contractor,Test Contractor
assessment_item_category_descriptors,ed-fi,uri://ed-fi.org/AssessmentItemCategoryDescriptor,Analytic,Analytic,Analytic
assessment_item_category_descriptors,ed-fi,uri://ed-fi.org/AssessmentItemCategoryDescriptor,Essay,Essay,Essay
assessment_item_category_descriptors,ed-fi,uri://ed-fi.org/AssessmentItemCategoryDescriptor,Fill-in-the-blank,Fill-in-the-blank,Fill-in-the-blank
assessment_item_category_descriptors,ed-fi,uri://ed-fi.org/AssessmentItemCategoryDescriptor,Innovative,Innovative,Innovative
assessment_item_category_descriptors,ed-fi,uri://ed-fi.org/AssessmentItemCategoryDescriptor,Labeling,Labeling,Labeling
assessment_item_category_descriptors,ed-fi,uri://ed-fi.org/AssessmentItemCategoryDescriptor,List Question,List Question,List Question
assessment_item_category_descriptors,ed-fi,uri://ed-fi.org/AssessmentItemCategoryDescriptor,Matching,Matching,Matching
assessment_item_category_descriptors,ed-fi,uri://ed-fi.org/AssessmentItemCategoryDescriptor,Math Matrix,Math Matrix,Math Matrix
assessment_item_category_descriptors,ed-fi,uri://ed-fi.org/AssessmentItemCategoryDescriptor,Multiple-choice,Multiple-choice,Multiple-choice
assessment_item_category_descriptors,ed-fi,uri://ed-fi.org/AssessmentItemCategoryDescriptor,Multiple-choice multi-select,Multiple-choice multi-select,Multiple-choice multi-select
assessment_item_category_descriptors,ed-fi,uri://ed-fi.org/AssessmentItemCategoryDescriptor,Other,Other,Other
assessment_item_category_descriptors,ed-fi,uri://ed-fi.org/AssessmentItemCategoryDescriptor,Other constructed response,Other constructed response,Other constructed response
assessment_item_category_descriptors,ed-fi,uri://ed-fi.org/AssessmentItemCategoryDescriptor,Other extended response,Other extended response,Other extended response
assessment_item_category_descriptors,ed-fi,uri://ed-fi.org/AssessmentItemCategoryDescriptor,Performance task,Performance task,Performance task
assessment_item_category_descriptors,ed-fi,uri://ed-fi.org/AssessmentItemCategoryDescriptor,Prose,Prose,Prose
assessment_item_category_descriptors,ed-fi,uri://ed-fi.org/AssessmentItemCategoryDescriptor,Reordering,Reordering,Reordering
assessment_item_category_descriptors,ed-fi,uri://ed-fi.org/AssessmentItemCategoryDescriptor,Rubric,Rubric,Rubric
assessment_item_category_descriptors,ed-fi,uri://ed-fi.org/AssessmentItemCategoryDescriptor,Short answer,Short answer,Short answer
assessment_item_category_descriptors,ed-fi,uri://ed-fi.org/AssessmentItemCategoryDescriptor,Show your work,Show your work,Show your work
assessment_item_category_descriptors,ed-fi,uri://ed-fi.org/AssessmentItemCategoryDescriptor,Substitution,Substitution,Substitution
assessment_item_category_descriptors,ed-fi,uri://ed-fi.org/AssessmentItemCategoryDescriptor,True-False,True-False,True-False
assessment_item_category_descriptors,ed-fi,uri://ed-fi.org/AssessmentItemCategoryDescriptor,Visual representation,Visual representation,Visual representation
assessment_item_result_descriptors,ed-fi,uri://ed-fi.org/AssessmentItemResultDescriptor,Above Standard,Above Standard,Above Standard
assessment_item_result_descriptors,ed-fi,uri://ed-fi.org/AssessmentItemResultDescriptor,Below Standard,Below Standard,Below Standard
assessment_item_result_descriptors,ed-fi,uri://ed-fi.org/AssessmentItemResultDescriptor,Correct,Correct,Correct
assessment_item_result_descriptors,ed-fi,uri://ed-fi.org/AssessmentItemResultDescriptor,Incorrect,Incorrect,Incorrect
assessment_item_result_descriptors,ed-fi,uri://ed-fi.org/AssessmentItemResultDescriptor,Met Standard,Met Standard,Met Standard
assessment_item_result_descriptors,ed-fi,uri://ed-fi.org/AssessmentItemResultDescriptor,Partially Correct,Partially Correct,Partially Correct
assessment_period_descriptors,ed-fi,uri://ed-fi.org/AssessmentPeriodDescriptor,BOY,BOY,Beginning of Year
assessment_period_descriptors,ed-fi,uri://ed-fi.org/AssessmentPeriodDescriptor,EOY,EOY,End of Year
assessment_period_descriptors,ed-fi,uri://ed-fi.org/AssessmentPeriodDescriptor,MOY,MOY,Middle of Year
assessment_reporting_method_descriptors,ed-fi,uri://ed-fi.org/AssessmentReportingMethodDescriptor,ACT score,DEPRECATED: ACT score,DEPRECATED: ACT score
assessment_reporting_method_descriptors,ed-fi,uri://ed-fi.org/AssessmentReportingMethodDescriptor,Achievement/proficiency level,Achievement/proficiency level,Achievement/proficiency level
assessment_reporting_method_descriptors,ed-fi,uri://ed-fi.org/AssessmentReportingMethodDescriptor,Adaptive scale score,Adaptive scale score,Adaptive scale score
assessment_reporting_method_descriptors,ed-fi,uri://ed-fi.org/AssessmentReportingMethodDescriptor,Age score,Age score,Age score
assessment_reporting_method_descriptors,ed-fi,uri://ed-fi.org/AssessmentReportingMethodDescriptor,C-scaled scores,C-scaled scores,C-scaled scores
assessment_reporting_method_descriptors,ed-fi,uri://ed-fi.org/AssessmentReportingMethodDescriptor,College Board examination scores,DEPRECATED: College Board examination scores,DEPRECATED: College Board examination scores
assessment_reporting_method_descriptors,ed-fi,uri://ed-fi.org/AssessmentReportingMethodDescriptor,Composite Rating,Composite Rating,Composite Rating
assessment_reporting_method_descriptors,ed-fi,uri://ed-fi.org/AssessmentReportingMethodDescriptor,Composite Score,Composite Score,Composite Score
assessment_reporting_method_descriptors,ed-fi,uri://ed-fi.org/AssessmentReportingMethodDescriptor,Composition Score,Composition Score,Composition Score
assessment_reporting_method_descriptors,ed-fi,uri://ed-fi.org/AssessmentReportingMethodDescriptor,Grade equivalent or grade-level indicator,Grade equivalent or grade-level indicator,Grade equivalent or grade-level indicator
assessment_reporting_method_descriptors,ed-fi,uri://ed-fi.org/AssessmentReportingMethodDescriptor,Graduation score,Graduation score,Graduation score
assessment_reporting_method_descriptors,ed-fi,uri://ed-fi.org/AssessmentReportingMethodDescriptor,Growth/value-added/indexing,Growth/value-added/indexing,Growth/value-added/indexing
assessment_reporting_method_descriptors,ed-fi,uri://ed-fi.org/AssessmentReportingMethodDescriptor,International Baccalaureate score,DEPRECATED: International Baccalaureate score,DEPRECATED: International Baccalaureate score
assessment_reporting_method_descriptors,ed-fi,uri://ed-fi.org/AssessmentReportingMethodDescriptor,Letter grade/mark,Letter grade/mark,Letter grade/mark
assessment_reporting_method_descriptors,ed-fi,uri://ed-fi.org/AssessmentReportingMethodDescriptor,Lexile Measure,Lexile Measure,Lexile Measure
assessment_reporting_method_descriptors,ed-fi,uri://ed-fi.org/AssessmentReportingMethodDescriptor,Mastery level,Mastery level,Mastery level
assessment_reporting_method_descriptors,ed-fi,uri://ed-fi.org/AssessmentReportingMethodDescriptor,National College-Bound Percentile,National College-Bound Percentile,National College-Bound Percentile
assessment_reporting_method_descriptors,ed-fi,uri://ed-fi.org/AssessmentReportingMethodDescriptor,Normal curve equivalent,Normal curve equivalent,Normal curve equivalent
assessment_reporting_method_descriptors,ed-fi,uri://ed-fi.org/AssessmentReportingMethodDescriptor,Normalized standard score,Normalized standard score,Normalized standard score
assessment_reporting_method_descriptors,ed-fi,uri://ed-fi.org/AssessmentReportingMethodDescriptor,Not applicable,DEPRECATED: Not applicable,DEPRECATED: Not applicable
assessment_reporting_method_descriptors,ed-fi,uri://ed-fi.org/AssessmentReportingMethodDescriptor,Number score,Number score,Number score
assessment_reporting_method_descriptors,ed-fi,uri://ed-fi.org/AssessmentReportingMethodDescriptor,Other,Other,Other
assessment_reporting_method_descriptors,ed-fi,uri://ed-fi.org/AssessmentReportingMethodDescriptor,Pass-fail,Pass-fail,Pass-fail
assessment_reporting_method_descriptors,ed-fi,uri://ed-fi.org/AssessmentReportingMethodDescriptor,Percentile,Percentile,Percentile
assessment_reporting_method_descriptors,ed-fi,uri://ed-fi.org/AssessmentReportingMethodDescriptor,Percentile rank,Percentile rank,Percentile rank
assessment_reporting_method_descriptors,ed-fi,uri://ed-fi.org/AssessmentReportingMethodDescriptor,Proficiency level,Proficiency level,Proficiency level
assessment_reporting_method_descriptors,ed-fi,uri://ed-fi.org/AssessmentReportingMethodDescriptor,Promotion score,Promotion score,Promotion score
assessment_reporting_method_descriptors,ed-fi,uri://ed-fi.org/AssessmentReportingMethodDescriptor,Quantile Measure,Quantile Measure,Quantile Measure
assessment_reporting_method_descriptors,ed-fi,uri://ed-fi.org/AssessmentReportingMethodDescriptor,RIT scale score,RIT scale score,RIT scale score
assessment_reporting_method_descriptors,ed-fi,uri://ed-fi.org/AssessmentReportingMethodDescriptor,Ranking,Ranking,Ranking
assessment_reporting_method_descriptors,ed-fi,uri://ed-fi.org/AssessmentReportingMethodDescriptor,Ratio IQ's,Ratio IQ's,Ratio IQ's
assessment_reporting_method_descriptors,ed-fi,uri://ed-fi.org/AssessmentReportingMethodDescriptor,Raw score,Raw score,Raw score
assessment_reporting_method_descriptors,ed-fi,uri://ed-fi.org/AssessmentReportingMethodDescriptor,Scale score,Scale score,Scale score
assessment_reporting_method_descriptors,ed-fi,uri://ed-fi.org/AssessmentReportingMethodDescriptor,Standard age score,Standard age score,Standard age score
assessment_reporting_method_descriptors,ed-fi,uri://ed-fi.org/AssessmentReportingMethodDescriptor,Standard error measurement,Standard error measurement,Standard error measurement
assessment_reporting_method_descriptors,ed-fi,uri://ed-fi.org/AssessmentReportingMethodDescriptor,Stanine score,Stanine score,Stanine score
assessment_reporting_method_descriptors,ed-fi,uri://ed-fi.org/AssessmentReportingMethodDescriptor,State College-Bound Percentile,State College-Bound Percentile,State College-Bound Percentile
assessment_reporting_method_descriptors,ed-fi,uri://ed-fi.org/AssessmentReportingMethodDescriptor,Sten score,Sten score,Sten score
assessment_reporting_method_descriptors,ed-fi,uri://ed-fi.org/AssessmentReportingMethodDescriptor,T-score,T-score,T-score
assessment_reporting_method_descriptors,ed-fi,uri://ed-fi.org/AssessmentReportingMethodDescriptor,Theta,Theta,Theta
assessment_reporting_method_descriptors,ed-fi,uri://ed-fi.org/AssessmentReportingMethodDescriptor,Vertical Scale Score,Vertical Scale Score,Vertical Scale Score
assessment_reporting_method_descriptors,ed-fi,uri://ed-fi.org/AssessmentReportingMethodDescriptor,Vertical score,Vertical score,Vertical score
assessment_reporting_method_descriptors,ed-fi,uri://ed-fi.org/AssessmentReportingMethodDescriptor,Workplace readiness score,Workplace readiness score,Workplace readiness score
assessment_reporting_method_descriptors,ed-fi,uri://ed-fi.org/AssessmentReportingMethodDescriptor,Z-score,Z-score,Z-score
attempt_status_descriptors,ed-fi,uri://ed-fi.org/AttemptStatusDescriptor,Audited,Audited,Audited
attempt_status_descriptors,ed-fi,uri://ed-fi.org/AttemptStatusDescriptor,Died or is permanently incapacitated,DEPRECATED: Died or is permanently incapacitated,DEPRECATED: Died or is permanently incapacitated
attempt_status_descriptors,ed-fi,uri://ed-fi.org/AttemptStatusDescriptor,Discontinued schooling,DEPRECATED: Discontinued schooling,DEPRECATED: Discontinued schooling
attempt_status_descriptors,ed-fi,uri://ed-fi.org/AttemptStatusDescriptor,Fail,Fail,Fail
attempt_status_descriptors,ed-fi,uri://ed-fi.org/AttemptStatusDescriptor,Graduated with a high school diploma,DEPRECATED: Graduated with a high school diploma,DEPRECATED: Graduated with a high school diploma
attempt_status_descriptors,ed-fi,uri://ed-fi.org/AttemptStatusDescriptor,Incomplete,Incomplete,Incomplete
attempt_status_descriptors,ed-fi,uri://ed-fi.org/AttemptStatusDescriptor,Moved out of state,DEPRECATED: Moved out of state,DEPRECATED: Moved out of state
attempt_status_descriptors,ed-fi,uri://ed-fi.org/AttemptStatusDescriptor,Other,DEPRECATED: Other,DEPRECATED: Other
attempt_status_descriptors,ed-fi,uri://ed-fi.org/AttemptStatusDescriptor,Pass,Pass,Pass
attempt_status_descriptors,ed-fi,uri://ed-fi.org/AttemptStatusDescriptor,Reached maximum age,DEPRECATED: Reached maximum age,DEPRECATED: Reached maximum age
attempt_status_descriptors,ed-fi,uri://ed-fi.org/AttemptStatusDescriptor,Received certificate of completion or equivalent,"DEPRECATED: Received completion certificate, modified diploma, or met IEP r","DEPRECATED: Received certificate of completion, modified diploma, or finished IEP requirements"
attempt_status_descriptors,ed-fi,uri://ed-fi.org/AttemptStatusDescriptor,Suspended or expelled from school,DEPRECATED: Suspended or expelled from school,DEPRECATED: Suspended or expelled from school
attempt_status_descriptors,ed-fi,uri://ed-fi.org/AttemptStatusDescriptor,Transferred to another district or school,DEPRECATED: Transferred to another district or school,DEPRECATED: Transferred to another district or school
attempt_status_descriptors,ed-fi,uri://ed-fi.org/AttemptStatusDescriptor,Unknown reason,DEPRECATED: Unknown reason,DEPRECATED: Unknown reason
attempt_status_descriptors,ed-fi,uri://ed-fi.org/AttemptStatusDescriptor,Withdrawal by a parent (or guardian),DEPRECATED: Withdrawal by a parent (or guardian),DEPRECATED: Withdrawal by a parent (or guardian)
attempt_status_descriptors,ed-fi,uri://ed-fi.org/AttemptStatusDescriptor,Withdrawn,Withdrawn,Withdrawn
attendance_event_category_descriptors,ed-fi,uri://ed-fi.org/AttendanceEventCategoryDescriptor,Early departure,Early departure,Early departure
attendance_event_category_descriptors,ed-fi,uri://ed-fi.org/AttendanceEventCategoryDescriptor,Excused Absence,Excused Absence,Excused Absence
attendance_event_category_descriptors,ed-fi,uri://ed-fi.org/AttendanceEventCategoryDescriptor,In Attendance,In Attendance,In Attendance
attendance_event_category_descriptors,ed-fi,uri://ed-fi.org/AttendanceEventCategoryDescriptor,Partial,Partial,Partial
attendance_event_category_descriptors,ed-fi,uri://ed-fi.org/AttendanceEventCategoryDescriptor,Tardy,Tardy,Tardy
attendance_event_category_descriptors,ed-fi,uri://ed-fi.org/AttendanceEventCategoryDescriptor,Unexcused Absence,Unexcused Absence,Unexcused Absence
barrier_to_internet_access_in_residence_descriptors,ed-fi,uri://ed-fi.org/BarrierToInternetAccessInResidenceDescriptor,Not Affordable,Not Affordable,The student cannot access the internet in their primary place of residence because internet service is not affordable.
barrier_to_internet_access_in_residence_descriptors,ed-fi,uri://ed-fi.org/BarrierToInternetAccessInResidenceDescriptor,Not Available,Not Available,The student cannot access the internet in their primary place of residence because internet service is not available.
barrier_to_internet_access_in_residence_descriptors,ed-fi,uri://ed-fi.org/BarrierToInternetAccessInResidenceDescriptor,Not Desired,Not Desired,The student cannot access the internet in their primary place of residence because the parent or guardian chooses not to subscribe to internet service.
barrier_to_internet_access_in_residence_descriptors,ed-fi,uri://ed-fi.org/BarrierToInternetAccessInResidenceDescriptor,Other,Other,The reason why a student cannot access the internet in their primary place of residence is not yet defined.
behavior_descriptors,ed-fi,uri://ed-fi.org/BehaviorDescriptor,Other,Other,Other
behavior_descriptors,ed-fi,uri://ed-fi.org/BehaviorDescriptor,School Code of Conduct,School Code of Conduct,School Code of Conduct
behavior_descriptors,ed-fi,uri://ed-fi.org/BehaviorDescriptor,School Violation,School Violation,School Violation
behavior_descriptors,ed-fi,uri://ed-fi.org/BehaviorDescriptor,State Offense,State Offense,State Offense
cte_program_service_descriptors,ed-fi,uri://ed-fi.org/CTEProgramServiceDescriptor,"Agriculture, Food and Natural Resources","Agriculture, Food and Natural Resources","Agriculture, Food and Natural Resources"
cte_program_service_descriptors,ed-fi,uri://ed-fi.org/CTEProgramServiceDescriptor,Architecture and Construction,Architecture and Construction,Architecture and Construction
cte_program_service_descriptors,ed-fi,uri://ed-fi.org/CTEProgramServiceDescriptor,"Arts, A/V Technology and Communications","Arts, A/V Technology and Communications","Arts, A/V Technology and Communications"
cte_program_service_descriptors,ed-fi,uri://ed-fi.org/CTEProgramServiceDescriptor,"Business, Management and Administration","Business, Management and Administration","Business, Management and Administration"
cte_program_service_descriptors,ed-fi,uri://ed-fi.org/CTEProgramServiceDescriptor,Education and Training,Education and Training,Education and Training
cte_program_service_descriptors,ed-fi,uri://ed-fi.org/CTEProgramServiceDescriptor,Finance,Finance,Finance
cte_program_service_descriptors,ed-fi,uri://ed-fi.org/CTEProgramServiceDescriptor,Government and Public Administration,Government and Public Administration,Government and Public Administration
cte_program_service_descriptors,ed-fi,uri://ed-fi.org/CTEProgramServiceDescriptor,Health Science,Health Science,Health Science
cte_program_service_descriptors,ed-fi,uri://ed-fi.org/CTEProgramServiceDescriptor,Hospitality and Tourism,Hospitality and Tourism,Hospitality and Tourism
cte_program_service_descriptors,ed-fi,uri://ed-fi.org/CTEProgramServiceDescriptor,Human Services,Human Services,Human Services
cte_program_service_descriptors,ed-fi,uri://ed-fi.org/CTEProgramServiceDescriptor,Information Technology,Information Technology,Information Technology
cte_program_service_descriptors,ed-fi,uri://ed-fi.org/CTEProgramServiceDescriptor,"Law, Public Safety, Corrections and Security","Law, Public Safety, Corrections and Security","Law, Public Safety, Corrections and Security"
cte_program_service_descriptors,ed-fi,uri://ed-fi.org/CTEProgramServiceDescriptor,Manufacturing,Manufacturing,Manufacturing
cte_program_service_descriptors,ed-fi,uri://ed-fi.org/CTEProgramServiceDescriptor,"Marketing, Sales and Service","Marketing, Sales and Service","Marketing, Sales and Service"
cte_program_service_descriptors,ed-fi,uri://ed-fi.org/CTEProgramServiceDescriptor,Other,Other,Other
cte_program_service_descriptors,ed-fi,uri://ed-fi.org/CTEProgramServiceDescriptor,"Science, Technology, Engineering and Mathematics","Science, Technology, Engineering and Mathematics","Science, Technology, Engineering and Mathematics"
cte_program_service_descriptors,ed-fi,uri://ed-fi.org/CTEProgramServiceDescriptor,"Transportation, Distribution and Logistics","Transportation, Distribution and Logistics","Transportation, Distribution and Logistics"
calendar_event_descriptors,ed-fi,uri://ed-fi.org/CalendarEventDescriptor,Emergency day,Emergency day,Instruction cancelled or reduced due to an emergency
calendar_event_descriptors,ed-fi,uri://ed-fi.org/CalendarEventDescriptor,Holiday,Holiday,Instruction cancelled or reduced due to a holiday
calendar_event_descriptors,ed-fi,uri://ed-fi.org/CalendarEventDescriptor,Instructional day,Instructional day,Student instructional day
calendar_event_descriptors,ed-fi,uri://ed-fi.org/CalendarEventDescriptor,Make-up day,Make-up day,Make-up instructional day
calendar_event_descriptors,ed-fi,uri://ed-fi.org/CalendarEventDescriptor,Non-instructional day,Non-instructional day,Non-instructional day
calendar_event_descriptors,ed-fi,uri://ed-fi.org/CalendarEventDescriptor,Other,Other,Other
calendar_event_descriptors,ed-fi,uri://ed-fi.org/CalendarEventDescriptor,Strike,Strike,Instruction cancelled or reduced due to a strike
calendar_event_descriptors,ed-fi,uri://ed-fi.org/CalendarEventDescriptor,Student late arrival/early dismissal,Student late arrival/early dismissal,Abbreviated instructional day due to student late arrival or early dismissal
calendar_event_descriptors,ed-fi,uri://ed-fi.org/CalendarEventDescriptor,Teacher only day,Teacher only day,"Non-instructional day for students designated for teachers (e.g., staff development, work day)"
calendar_event_descriptors,ed-fi,uri://ed-fi.org/CalendarEventDescriptor,Weather day,Weather day,Instruction cancelled or reduced due to weather
calendar_type_descriptors,ed-fi,uri://ed-fi.org/CalendarTypeDescriptor,Grade Level,Grade Level,Grade Level
calendar_type_descriptors,ed-fi,uri://ed-fi.org/CalendarTypeDescriptor,IEP,IEP,IEP
calendar_type_descriptors,ed-fi,uri://ed-fi.org/CalendarTypeDescriptor,School,School,School
calendar_type_descriptors,ed-fi,uri://ed-fi.org/CalendarTypeDescriptor,Staff,Staff,Staff
calendar_type_descriptors,ed-fi,uri://ed-fi.org/CalendarTypeDescriptor,Student Specific,Student Specific,Student Specific
career_pathway_descriptors,ed-fi,uri://ed-fi.org/CareerPathwayDescriptor,"Agriculture, Food and Natural Resources","Agriculture, Food and Natural Resources","Agriculture, Food and Natural Resources"
career_pathway_descriptors,ed-fi,uri://ed-fi.org/CareerPathwayDescriptor,Architecture and Construction,Architecture and Construction,Architecture and Construction
career_pathway_descriptors,ed-fi,uri://ed-fi.org/CareerPathwayDescriptor,"Arts, A/V Technology and Communications","Arts, A/V Technology and Communications","Arts, A/V Technology and Communications"
career_pathway_descriptors,ed-fi,uri://ed-fi.org/CareerPathwayDescriptor,"Business, Management and Administration","Business, Management and Administration","Business, Management and Administration"
career_pathway_descriptors,ed-fi,uri://ed-fi.org/CareerPathwayDescriptor,Education and Training,Education and Training,Education and Training
career_pathway_descriptors,ed-fi,uri://ed-fi.org/CareerPathwayDescriptor,Finance,Finance,Finance
career_pathway_descriptors,ed-fi,uri://ed-fi.org/CareerPathwayDescriptor,Government and Public Administration,Government and Public Administration,Government and Public Administration
career_pathway_descriptors,ed-fi,uri://ed-fi.org/CareerPathwayDescriptor,Health Science,Health Science,Health Science
career_pathway_descriptors,ed-fi,uri://ed-fi.org/CareerPathwayDescriptor,Hospitality and Tourism,Hospitality and Tourism,Hospitality and Tourism
career_pathway_descriptors,ed-fi,uri://ed-fi.org/CareerPathwayDescriptor,Human Services,Human Services,Human Services
career_pathway_descriptors,ed-fi,uri://ed-fi.org/CareerPathwayDescriptor,Information Technology,Information Technology,Information Technology
career_pathway_descriptors,ed-fi,uri://ed-fi.org/CareerPathwayDescriptor,"Law, Public Safety, Corrections and Security","Law, Public Safety, Corrections and Security","Law, Public Safety, Corrections and Security"
career_pathway_descriptors,ed-fi,uri://ed-fi.org/CareerPathwayDescriptor,Manufacturing,Manufacturing,Manufacturing
career_pathway_descriptors,ed-fi,uri://ed-fi.org/CareerPathwayDescriptor,"Marketing, Sales and Service","Marketing, Sales and Service","Marketing, Sales and Service"
career_pathway_descriptors,ed-fi,uri://ed-fi.org/CareerPathwayDescriptor,Other,Other,Other
career_pathway_descriptors,ed-fi,uri://ed-fi.org/CareerPathwayDescriptor,"Science, Technology, Engineering and Mathematics","Science, Technology, Engineering and Mathematics","Science, Technology, Engineering and Mathematics"
career_pathway_descriptors,ed-fi,uri://ed-fi.org/CareerPathwayDescriptor,"Transportation, Distribution and Logistics","Transportation, Distribution and Logistics","Transportation, Distribution and Logistics"
charter_approval_agency_type_descriptors,ed-fi,uri://ed-fi.org/CharterApprovalAgencyTypeDescriptor,Other,Other,Other
charter_approval_agency_type_descriptors,ed-fi,uri://ed-fi.org/CharterApprovalAgencyTypeDescriptor,Public charter school board,Public charter school board,Public charter school board
charter_approval_agency_type_descriptors,ed-fi,uri://ed-fi.org/CharterApprovalAgencyTypeDescriptor,State board of education,State board of education,State board of education
charter_approval_agency_type_descriptors,ed-fi,uri://ed-fi.org/CharterApprovalAgencyTypeDescriptor,University,University,University
charter_status_descriptors,ed-fi,uri://ed-fi.org/CharterStatusDescriptor,College/University Charter,College/University Charter,College/University Charter
charter_status_descriptors,ed-fi,uri://ed-fi.org/CharterStatusDescriptor,Not a Charter School,Not a Charter School,Not a Charter School
charter_status_descriptors,ed-fi,uri://ed-fi.org/CharterStatusDescriptor,Open Enrollment,Open Enrollment,Open Enrollment
charter_status_descriptors,ed-fi,uri://ed-fi.org/CharterStatusDescriptor,School Charter,School Charter,School Charter
citizenship_status_descriptors,ed-fi,uri://ed-fi.org/CitizenshipStatusDescriptor,Non-resident alien,Non-resident alien,Non-resident alien
citizenship_status_descriptors,ed-fi,uri://ed-fi.org/CitizenshipStatusDescriptor,Permanent resident,Permanent resident,Permanent resident
citizenship_status_descriptors,ed-fi,uri://ed-fi.org/CitizenshipStatusDescriptor,Refugee,Refugee,Refugee
citizenship_status_descriptors,ed-fi,uri://ed-fi.org/CitizenshipStatusDescriptor,Resident alien,Resident alien,Resident alien
citizenship_status_descriptors,ed-fi,uri://ed-fi.org/CitizenshipStatusDescriptor,US Citizen,US Citizen,US Citizen
classroom_position_descriptors,ed-fi,uri://ed-fi.org/ClassroomPositionDescriptor,Assistant Teacher,Assistant Teacher,Assistant Teacher
classroom_position_descriptors,ed-fi,uri://ed-fi.org/ClassroomPositionDescriptor,Substitute Teacher,Substitute Teacher,Substitute Teacher
classroom_position_descriptors,ed-fi,uri://ed-fi.org/ClassroomPositionDescriptor,Support Teacher,Support Teacher,Support Teacher
classroom_position_descriptors,ed-fi,uri://ed-fi.org/ClassroomPositionDescriptor,Teacher of Record,Teacher of Record,Teacher of Record
cohort_scope_descriptors,ed-fi,uri://ed-fi.org/CohortScopeDescriptor,Classroom,Classroom,Classroom
cohort_scope_descriptors,ed-fi,uri://ed-fi.org/CohortScopeDescriptor,Counselor,Counselor,Counselor
cohort_scope_descriptors,ed-fi,uri://ed-fi.org/CohortScopeDescriptor,District,District,District
cohort_scope_descriptors,ed-fi,uri://ed-fi.org/CohortScopeDescriptor,Network,Network,Network
cohort_scope_descriptors,ed-fi,uri://ed-fi.org/CohortScopeDescriptor,Other,Other,Other
cohort_scope_descriptors,ed-fi,uri://ed-fi.org/CohortScopeDescriptor,Principal,Principal,Principal
cohort_scope_descriptors,ed-fi,uri://ed-fi.org/CohortScopeDescriptor,School,School,School
cohort_scope_descriptors,ed-fi,uri://ed-fi.org/CohortScopeDescriptor,Statewide,Statewide,Statewide
cohort_scope_descriptors,ed-fi,uri://ed-fi.org/CohortScopeDescriptor,Teacher,Teacher,Teacher
cohort_type_descriptors,ed-fi,uri://ed-fi.org/CohortTypeDescriptor,Academic Intervention,Academic Intervention,Academic Intervention
cohort_type_descriptors,ed-fi,uri://ed-fi.org/CohortTypeDescriptor,Attendance Intervention,Attendance Intervention,Attendance Intervention
cohort_type_descriptors,ed-fi,uri://ed-fi.org/CohortTypeDescriptor,Classroom Pullout,Classroom Pullout,Classroom Pullout
cohort_type_descriptors,ed-fi,uri://ed-fi.org/CohortTypeDescriptor,Counselor List,Counselor List,Counselor List
cohort_type_descriptors,ed-fi,uri://ed-fi.org/CohortTypeDescriptor,Discipline Intervention,Discipline Intervention,Discipline Intervention
cohort_type_descriptors,ed-fi,uri://ed-fi.org/CohortTypeDescriptor,Extracurricular Activity,Extracurricular Activity,Extracurricular Activity
cohort_type_descriptors,ed-fi,uri://ed-fi.org/CohortTypeDescriptor,Field Trip,Field Trip,Field Trip
cohort_type_descriptors,ed-fi,uri://ed-fi.org/CohortTypeDescriptor,In-school Suspension,In-school Suspension,In-school Suspension
cohort_type_descriptors,ed-fi,uri://ed-fi.org/CohortTypeDescriptor,Other,Other,Other
cohort_type_descriptors,ed-fi,uri://ed-fi.org/CohortTypeDescriptor,Principal Watch List,Principal Watch List,Principal Watch List
cohort_type_descriptors,ed-fi,uri://ed-fi.org/CohortTypeDescriptor,Study Hall,Study Hall,Study Hall
cohort_year_type_descriptors,ed-fi,uri://ed-fi.org/CohortYearTypeDescriptor,Eighth grade,Eighth grade,Eighth grade
cohort_year_type_descriptors,ed-fi,uri://ed-fi.org/CohortYearTypeDescriptor,Eleventh grade,Eleventh grade,Eleventh grade
cohort_year_type_descriptors,ed-fi,uri://ed-fi.org/CohortYearTypeDescriptor,Fifth grade,Fifth grade,Fifth grade
cohort_year_type_descriptors,ed-fi,uri://ed-fi.org/CohortYearTypeDescriptor,First grade,First grade,First grade
cohort_year_type_descriptors,ed-fi,uri://ed-fi.org/CohortYearTypeDescriptor,Fourth grade,Fourth grade,Fourth grade
cohort_year_type_descriptors,ed-fi,uri://ed-fi.org/CohortYearTypeDescriptor,Ninth grade,Ninth grade,Ninth grade
cohort_year_type_descriptors,ed-fi,uri://ed-fi.org/CohortYearTypeDescriptor,Second grade,Second grade,Second grade
cohort_year_type_descriptors,ed-fi,uri://ed-fi.org/CohortYearTypeDescriptor,Seventh grade,Seventh grade,Seventh grade
cohort_year_type_descriptors,ed-fi,uri://ed-fi.org/CohortYearTypeDescriptor,Sixth grade,Sixth grade,Sixth grade
cohort_year_type_descriptors,ed-fi,uri://ed-fi.org/CohortYearTypeDescriptor,Tenth grade,Tenth grade,Tenth grade
cohort_year_type_descriptors,ed-fi,uri://ed-fi.org/CohortYearTypeDescriptor,Third grade,Third grade,Third grade
cohort_year_type_descriptors,ed-fi,uri://ed-fi.org/CohortYearTypeDescriptor,Twelfth grade,Twelfth grade,Twelfth grade
competency_level_descriptors,ed-fi,uri://ed-fi.org/CompetencyLevelDescriptor,Advanced,Advanced,Advanced
competency_level_descriptors,ed-fi,uri://ed-fi.org/CompetencyLevelDescriptor,Basic,Basic,Basic
competency_level_descriptors,ed-fi,uri://ed-fi.org/CompetencyLevelDescriptor,Below Basic,Below Basic,Below Basic
competency_level_descriptors,ed-fi,uri://ed-fi.org/CompetencyLevelDescriptor,Fail,Fail,Fail
competency_level_descriptors,ed-fi,uri://ed-fi.org/CompetencyLevelDescriptor,Pass,Pass,Pass
competency_level_descriptors,ed-fi,uri://ed-fi.org/CompetencyLevelDescriptor,Proficient,Proficient,Proficient
competency_level_descriptors,ed-fi,uri://ed-fi.org/CompetencyLevelDescriptor,Well Below Basic,Well Below Basic,Well Below Basic
contact_type_descriptors,ed-fi,uri://ed-fi.org/ContactTypeDescriptor,Other,Other,Other
content_class_descriptors,ed-fi,uri://ed-fi.org/ContentClassDescriptor,Education Research,Education Research,Education Research
content_class_descriptors,ed-fi,uri://ed-fi.org/ContentClassDescriptor,Presentation,Presentation,Presentation
content_class_descriptors,ed-fi,uri://ed-fi.org/ContentClassDescriptor,Vendor Intervention Offering,Vendor Intervention Offering,Vendor Intervention Offering
content_class_descriptors,ed-fi,uri://ed-fi.org/ContentClassDescriptor,Video,Video,Video
content_class_descriptors,ed-fi,uri://ed-fi.org/ContentClassDescriptor,Written Activity,Written Activity,Written Activity
continuation_of_services_reason_descriptors,ed-fi,uri://ed-fi.org/ContinuationofServicesReasonDescriptor,Ceased to be migratory during previous term,Ceased to be migratory in previous term - comparable services not available,Ceased to be migratory during previous school term and no comparable services are available
continuation_of_services_reason_descriptors,ed-fi,uri://ed-fi.org/ContinuationofServicesReasonDescriptor,Ceased to be migratory during school term,Ceased to be migratory during school term,Ceased to be migratory during school term
continuation_of_services_reason_descriptors,ed-fi,uri://ed-fi.org/ContinuationofServicesReasonDescriptor,Previously migratory secondary student,Previously migratory secondary student continuing credit accrual,Previously migratory secondary student continuing secondary school credit accrual
cost_rate_descriptors,ed-fi,uri://ed-fi.org/CostRateDescriptor,Flat Fee,Flat Fee,Flat Fee
cost_rate_descriptors,ed-fi,uri://ed-fi.org/CostRateDescriptor,Per Student,Per Student,Per Student
country_descriptors,ed-fi,uri://ed-fi.org/CountryDescriptor,AD,Andorra,Andorra
country_descriptors,ed-fi,uri://ed-fi.org/CountryDescriptor,AE,United Arab Emirates,United Arab Emirates
country_descriptors,ed-fi,uri://ed-fi.org/CountryDescriptor,AF,Afghanistan,Afghanistan
country_descriptors,ed-fi,uri://ed-fi.org/CountryDescriptor,AG,Antigua and Barbuda,Antigua and Barbuda
country_descriptors,ed-fi,uri://ed-fi.org/CountryDescriptor,AI,Anguilla,Anguilla
country_descriptors,ed-fi,uri://ed-fi.org/CountryDescriptor,AL,Albania,Albania
country_descriptors,ed-fi,uri://ed-fi.org/CountryDescriptor,AM,Armenia,Armenia
country_descriptors,ed-fi,uri://ed-fi.org/CountryDescriptor,AO,Angola,Angola
country_descriptors,ed-fi,uri://ed-fi.org/CountryDescriptor,AQ,Antarctica,Antarctica
country_descriptors,ed-fi,uri://ed-fi.org/CountryDescriptor,AR,Argentina,Argentina
country_descriptors,ed-fi,uri://ed-fi.org/CountryDescriptor,AS,American Samoa,American Samoa
country_descriptors,ed-fi,uri://ed-fi.org/CountryDescriptor,AT,Austria,Austria
country_descriptors,ed-fi,uri://ed-fi.org/CountryDescriptor,AU,Australia,Australia
country_descriptors,ed-fi,uri://ed-fi.org/CountryDescriptor,AW,Aruba,Aruba
country_descriptors,ed-fi,uri://ed-fi.org/CountryDescriptor,AX,Ã…land Islands,Ã…land Islands
country_descriptors,ed-fi,uri://ed-fi.org/CountryDescriptor,AZ,Azerbaijan,Azerbaijan
country_descriptors,ed-fi,uri://ed-fi.org/CountryDescriptor,BA,Bosnia and Herzegovina,Bosnia and Herzegovina
country_descriptors,ed-fi,uri://ed-fi.org/CountryDescriptor,BB,Barbados,Barbados
country_descriptors,ed-fi,uri://ed-fi.org/CountryDescriptor,BD,Bangladesh,Bangladesh
country_descriptors,ed-fi,uri://ed-fi.org/CountryDescriptor,BE,Belgium,Belgium
country_descriptors,ed-fi,uri://ed-fi.org/CountryDescriptor,BF,Burkina Faso,Burkina Faso
country_descriptors,ed-fi,uri://ed-fi.org/CountryDescriptor,BG,Bulgaria,Bulgaria
country_descriptors,ed-fi,uri://ed-fi.org/CountryDescriptor,BH,Bahrain,Bahrain
country_descriptors,ed-fi,uri://ed-fi.org/CountryDescriptor,BI,Burundi,Burundi
country_descriptors,ed-fi,uri://ed-fi.org/CountryDescriptor,BJ,Benin,Benin
country_descriptors,ed-fi,uri://ed-fi.org/CountryDescriptor,BL,Saint BarthÃ©lemy,Saint BarthÃ©lemy
country_descriptors,ed-fi,uri://ed-fi.org/CountryDescriptor,BM,Bermuda,Bermuda
country_descriptors,ed-fi,uri://ed-fi.org/CountryDescriptor,BN,Brunei Darussalam,Brunei Darussalam
country_descriptors,ed-fi,uri://ed-fi.org/CountryDescriptor,BO,"Bolivia, Plurinational State of","Bolivia, Plurinational State of"
country_descriptors,ed-fi,uri://ed-fi.org/CountryDescriptor,BQ,"Bonaire, Sint Eustatius and Saba","Bonaire, Sint Eustatius and Saba"
country_descriptors,ed-fi,uri://ed-fi.org/CountryDescriptor,BR,Brazil,Brazil
country_descriptors,ed-fi,uri://ed-fi.org/CountryDescriptor,BS,Bahamas,Bahamas
country_descriptors,ed-fi,uri://ed-fi.org/CountryDescriptor,BT,Bhutan,Bhutan
country_descriptors,ed-fi,uri://ed-fi.org/CountryDescriptor,BV,Bouvet Island,Bouvet Island
country_descriptors,ed-fi,uri://ed-fi.org/CountryDescriptor,BW,Botswana,Botswana
country_descriptors,ed-fi,uri://ed-fi.org/CountryDescriptor,BY,Belarus,Belarus
country_descriptors,ed-fi,uri://ed-fi.org/CountryDescriptor,BZ,Belize,Belize
country_descriptors,ed-fi,uri://ed-fi.org/CountryDescriptor,CA,Canada,Canada
country_descriptors,ed-fi,uri://ed-fi.org/CountryDescriptor,CC,Cocos (Keeling) Islands,Cocos (Keeling) Islands
country_descriptors,ed-fi,uri://ed-fi.org/CountryDescriptor,CD,"Congo, the Democratic Republic of the","Congo, the Democratic Republic of the"
country_descriptors,ed-fi,uri://ed-fi.org/CountryDescriptor,CF,Central African Republic,Central African Republic
country_descriptors,ed-fi,uri://ed-fi.org/CountryDescriptor,CG,Congo,Congo
country_descriptors,ed-fi,uri://ed-fi.org/CountryDescriptor,CH,Switzerland,Switzerland
country_descriptors,ed-fi,uri://ed-fi.org/CountryDescriptor,CI,CÃ´te d'Ivoire,CÃ´te d'Ivoire
country_descriptors,ed-fi,uri://ed-fi.org/CountryDescriptor,CK,Cook Islands,Cook Islands
country_descriptors,ed-fi,uri://ed-fi.org/CountryDescriptor,CL,Chile,Chile
country_descriptors,ed-fi,uri://ed-fi.org/CountryDescriptor,CM,Cameroon,Cameroon
country_descriptors,ed-fi,uri://ed-fi.org/CountryDescriptor,CN,China,China
country_descriptors,ed-fi,uri://ed-fi.org/CountryDescriptor,CO,Colombia,Colombia
country_descriptors,ed-fi,uri://ed-fi.org/CountryDescriptor,CR,Costa Rica,Costa Rica
country_descriptors,ed-fi,uri://ed-fi.org/CountryDescriptor,CU,Cuba,Cuba
country_descriptors,ed-fi,uri://ed-fi.org/CountryDescriptor,CV,Cabo Verde,Cabo Verde
country_descriptors,ed-fi,uri://ed-fi.org/CountryDescriptor,CW,CuraÃ§ao,CuraÃ§ao
country_descriptors,ed-fi,uri://ed-fi.org/CountryDescriptor,CX,Christmas Island,Christmas Island
country_descriptors,ed-fi,uri://ed-fi.org/CountryDescriptor,CY,Cyprus,Cyprus
country_descriptors,ed-fi,uri://ed-fi.org/CountryDescriptor,CZ,Czech Republic,Czech Republic
country_descriptors,ed-fi,uri://ed-fi.org/CountryDescriptor,DE,Germany,Germany
country_descriptors,ed-fi,uri://ed-fi.org/CountryDescriptor,DJ,Djibouti,Djibouti
country_descriptors,ed-fi,uri://ed-fi.org/CountryDescriptor,DK,Denmark,Denmark
country_descriptors,ed-fi,uri://ed-fi.org/CountryDescriptor,DM,Dominica,Dominica
country_descriptors,ed-fi,uri://ed-fi.org/CountryDescriptor,DO,Dominican Republic,Dominican Republic
country_descriptors,ed-fi,uri://ed-fi.org/CountryDescriptor,DZ,Algeria,Algeria
country_descriptors,ed-fi,uri://ed-fi.org/CountryDescriptor,EC,Ecuador,Ecuador
country_descriptors,ed-fi,uri://ed-fi.org/CountryDescriptor,EE,Estonia,Estonia
country_descriptors,ed-fi,uri://ed-fi.org/CountryDescriptor,EG,Egypt,Egypt
country_descriptors,ed-fi,uri://ed-fi.org/CountryDescriptor,EH,Western Sahara,Western Sahara
country_descriptors,ed-fi,uri://ed-fi.org/CountryDescriptor,ER,Eritrea,Eritrea
country_descriptors,ed-fi,uri://ed-fi.org/CountryDescriptor,ES,Spain,Spain
country_descriptors,ed-fi,uri://ed-fi.org/CountryDescriptor,ET,Ethiopia,Ethiopia
country_descriptors,ed-fi,uri://ed-fi.org/CountryDescriptor,FI,Finland,Finland
country_descriptors,ed-fi,uri://ed-fi.org/CountryDescriptor,FJ,Fiji,Fiji
country_descriptors,ed-fi,uri://ed-fi.org/CountryDescriptor,FK,Falkland Islands (Malvinas),Falkland Islands (Malvinas)
country_descriptors,ed-fi,uri://ed-fi.org/CountryDescriptor,FM,"Micronesia, Federated States of","Micronesia, Federated States of"
country_descriptors,ed-fi,uri://ed-fi.org/CountryDescriptor,FO,Faroe Islands,Faroe Islands
country_descriptors,ed-fi,uri://ed-fi.org/CountryDescriptor,FR,France,France
country_descriptors,ed-fi,uri://ed-fi.org/CountryDescriptor,GA,Gabon,Gabon
country_descriptors,ed-fi,uri://ed-fi.org/CountryDescriptor,GB,United Kingdom of Great Britain and Northern Ireland,United Kingdom of Great Britain and Northern Ireland
country_descriptors,ed-fi,uri://ed-fi.org/CountryDescriptor,GD,Grenada,Grenada
country_descriptors,ed-fi,uri://ed-fi.org/CountryDescriptor,GE,Georgia,Georgia
country_descriptors,ed-fi,uri://ed-fi.org/CountryDescriptor,GF,French Guiana,French Guiana
country_descriptors,ed-fi,uri://ed-fi.org/CountryDescriptor,GG,Guernsey,Guernsey
country_descriptors,ed-fi,uri://ed-fi.org/CountryDescriptor,GH,Ghana,Ghana
country_descriptors,ed-fi,uri://ed-fi.org/CountryDescriptor,GI,Gibraltar,Gibraltar
country_descriptors,ed-fi,uri://ed-fi.org/CountryDescriptor,GL,Greenland,Greenland
country_descriptors,ed-fi,uri://ed-fi.org/CountryDescriptor,GM,Gambia,Gambia
country_descriptors,ed-fi,uri://ed-fi.org/CountryDescriptor,GN,Guinea,Guinea
country_descriptors,ed-fi,uri://ed-fi.org/CountryDescriptor,GP,Guadeloupe,Guadeloupe
country_descriptors,ed-fi,uri://ed-fi.org/CountryDescriptor,GQ,Equatorial Guinea,Equatorial Guinea
country_descriptors,ed-fi,uri://ed-fi.org/CountryDescriptor,GR,Greece,Greece
country_descriptors,ed-fi,uri://ed-fi.org/CountryDescriptor,GS,South Georgia and the South Sandwich Islands,South Georgia and the South Sandwich Islands
country_descriptors,ed-fi,uri://ed-fi.org/CountryDescriptor,GT,Guatemala,Guatemala
country_descriptors,ed-fi,uri://ed-fi.org/CountryDescriptor,GU,Guam,Guam
country_descriptors,ed-fi,uri://ed-fi.org/CountryDescriptor,GW,Guinea-Bissau,Guinea-Bissau
country_descriptors,ed-fi,uri://ed-fi.org/CountryDescriptor,GY,Guyana,Guyana
country_descriptors,ed-fi,uri://ed-fi.org/CountryDescriptor,HK,Hong Kong,Hong Kong
country_descriptors,ed-fi,uri://ed-fi.org/CountryDescriptor,HM,Heard Island and McDonald Islands,Heard Island and McDonald Islands
country_descriptors,ed-fi,uri://ed-fi.org/CountryDescriptor,HN,Honduras,Honduras
country_descriptors,ed-fi,uri://ed-fi.org/CountryDescriptor,HR,Croatia,Croatia
country_descriptors,ed-fi,uri://ed-fi.org/CountryDescriptor,HT,Haiti,Haiti
country_descriptors,ed-fi,uri://ed-fi.org/CountryDescriptor,HU,Hungary,Hungary
country_descriptors,ed-fi,uri://ed-fi.org/CountryDescriptor,ID,Indonesia,Indonesia
country_descriptors,ed-fi,uri://ed-fi.org/CountryDescriptor,IE,Ireland,Ireland
country_descriptors,ed-fi,uri://ed-fi.org/CountryDescriptor,IL,Israel,Israel
country_descriptors,ed-fi,uri://ed-fi.org/CountryDescriptor,IM,Isle of Man,Isle of Man
country_descriptors,ed-fi,uri://ed-fi.org/CountryDescriptor,IN,India,India
country_descriptors,ed-fi,uri://ed-fi.org/CountryDescriptor,IO,British Indian Ocean Territory,British Indian Ocean Territory
country_descriptors,ed-fi,uri://ed-fi.org/CountryDescriptor,IQ,Iraq,Iraq
country_descriptors,ed-fi,uri://ed-fi.org/CountryDescriptor,IR,"Iran, Islamic Republic of","Iran, Islamic Republic of"
country_descriptors,ed-fi,uri://ed-fi.org/CountryDescriptor,IS,Iceland,Iceland
country_descriptors,ed-fi,uri://ed-fi.org/CountryDescriptor,IT,Italy,Italy
country_descriptors,ed-fi,uri://ed-fi.org/CountryDescriptor,JE,Jersey,Jersey
country_descriptors,ed-fi,uri://ed-fi.org/CountryDescriptor,JM,Jamaica,Jamaica
country_descriptors,ed-fi,uri://ed-fi.org/CountryDescriptor,JO,Jordan,Jordan
country_descriptors,ed-fi,uri://ed-fi.org/CountryDescriptor,JP,Japan,Japan
country_descriptors,ed-fi,uri://ed-fi.org/CountryDescriptor,KE,Kenya,Kenya
country_descriptors,ed-fi,uri://ed-fi.org/CountryDescriptor,KG,Kyrgyzstan,Kyrgyzstan
country_descriptors,ed-fi,uri://ed-fi.org/CountryDescriptor,KH,Cambodia,Cambodia
country_descriptors,ed-fi,uri://ed-fi.org/CountryDescriptor,KI,Kiribati,Kiribati
country_descriptors,ed-fi,uri://ed-fi.org/CountryDescriptor,KM,Comoros,Comoros
country_descriptors,ed-fi,uri://ed-fi.org/CountryDescriptor,KN,Saint Kitts and Nevis,Saint Kitts and Nevis
country_descriptors,ed-fi,uri://ed-fi.org/CountryDescriptor,KP,"Korea, Democratic People's Republic of","Korea, Democratic People's Republic of"
country_descriptors,ed-fi,uri://ed-fi.org/CountryDescriptor,KR,"Korea, Republic of","Korea, Republic of"
country_descriptors,ed-fi,uri://ed-fi.org/CountryDescriptor,KW,Kuwait,Kuwait
country_descriptors,ed-fi,uri://ed-fi.org/CountryDescriptor,KY,Cayman Islands,Cayman Islands
country_descriptors,ed-fi,uri://ed-fi.org/CountryDescriptor,KZ,Kazakhstan,Kazakhstan
country_descriptors,ed-fi,uri://ed-fi.org/CountryDescriptor,LA,Lao People's Democratic Republic,Lao People's Democratic Republic
country_descriptors,ed-fi,uri://ed-fi.org/CountryDescriptor,LB,Lebanon,Lebanon
country_descriptors,ed-fi,uri://ed-fi.org/CountryDescriptor,LC,Saint Lucia,Saint Lucia
country_descriptors,ed-fi,uri://ed-fi.org/CountryDescriptor,LI,Liechtenstein,Liechtenstein
country_descriptors,ed-fi,uri://ed-fi.org/CountryDescriptor,LK,Sri Lanka,Sri Lanka
country_descriptors,ed-fi,uri://ed-fi.org/CountryDescriptor,LR,Liberia,Liberia
country_descriptors,ed-fi,uri://ed-fi.org/CountryDescriptor,LS,Lesotho,Lesotho
country_descriptors,ed-fi,uri://ed-fi.org/CountryDescriptor,LT,Lithuania,Lithuania
country_descriptors,ed-fi,uri://ed-fi.org/CountryDescriptor,LU,Luxembourg,Luxembourg
country_descriptors,ed-fi,uri://ed-fi.org/CountryDescriptor,LV,Latvia,Latvia
country_descriptors,ed-fi,uri://ed-fi.org/CountryDescriptor,LY,Libya,Libya
country_descriptors,ed-fi,uri://ed-fi.org/CountryDescriptor,MA,Morocco,Morocco
country_descriptors,ed-fi,uri://ed-fi.org/CountryDescriptor,MC,Monaco,Monaco
country_descriptors,ed-fi,uri://ed-fi.org/CountryDescriptor,MD,"Moldova, Republic of","Moldova, Republic of"
country_descriptors,ed-fi,uri://ed-fi.org/CountryDescriptor,ME,Montenegro,Montenegro
country_descriptors,ed-fi,uri://ed-fi.org/CountryDescriptor,MF,Saint Martin (French part),Saint Martin (French part)
country_descriptors,ed-fi,uri://ed-fi.org/CountryDescriptor,MG,Madagascar,Madagascar
country_descriptors,ed-fi,uri://ed-fi.org/CountryDescriptor,MH,Marshall Islands,Marshall Islands
country_descriptors,ed-fi,uri://ed-fi.org/CountryDescriptor,MK,"Macedonia, the former Yugoslav Republic of","Macedonia, the former Yugoslav Republic of"
country_descriptors,ed-fi,uri://ed-fi.org/CountryDescriptor,ML,Mali,Mali
country_descriptors,ed-fi,uri://ed-fi.org/CountryDescriptor,MM,Myanmar,Myanmar
country_descriptors,ed-fi,uri://ed-fi.org/CountryDescriptor,MN,Mongolia,Mongolia
country_descriptors,ed-fi,uri://ed-fi.org/CountryDescriptor,MO,Macao,Macao
country_descriptors,ed-fi,uri://ed-fi.org/CountryDescriptor,MP,Northern Mariana Islands,Northern Mariana Islands
country_descriptors,ed-fi,uri://ed-fi.org/CountryDescriptor,MQ,Martinique,Martinique
country_descriptors,ed-fi,uri://ed-fi.org/CountryDescriptor,MR,Mauritania,Mauritania
country_descriptors,ed-fi,uri://ed-fi.org/CountryDescriptor,MS,Montserrat,Montserrat
country_descriptors,ed-fi,uri://ed-fi.org/CountryDescriptor,MT,Malta,Malta
country_descriptors,ed-fi,uri://ed-fi.org/CountryDescriptor,MU,Mauritius,Mauritius
country_descriptors,ed-fi,uri://ed-fi.org/CountryDescriptor,MV,Maldives,Maldives
country_descriptors,ed-fi,uri://ed-fi.org/CountryDescriptor,MW,Malawi,Malawi
country_descriptors,ed-fi,uri://ed-fi.org/CountryDescriptor,MX,Mexico,Mexico
country_descriptors,ed-fi,uri://ed-fi.org/CountryDescriptor,MY,Malaysia,Malaysia
country_descriptors,ed-fi,uri://ed-fi.org/CountryDescriptor,MZ,Mozambique,Mozambique
country_descriptors,ed-fi,uri://ed-fi.org/CountryDescriptor,NA,Namibia,Namibia
country_descriptors,ed-fi,uri://ed-fi.org/CountryDescriptor,NC,New Caledonia,New Caledonia
country_descriptors,ed-fi,uri://ed-fi.org/CountryDescriptor,NE,Niger,Niger
country_descriptors,ed-fi,uri://ed-fi.org/CountryDescriptor,NF,Norfolk Island,Norfolk Island
country_descriptors,ed-fi,uri://ed-fi.org/CountryDescriptor,NG,Nigeria,Nigeria
country_descriptors,ed-fi,uri://ed-fi.org/CountryDescriptor,NI,Nicaragua,Nicaragua
country_descriptors,ed-fi,uri://ed-fi.org/CountryDescriptor,NL,Netherlands,Netherlands
country_descriptors,ed-fi,uri://ed-fi.org/CountryDescriptor,NO,Norway,Norway
country_descriptors,ed-fi,uri://ed-fi.org/CountryDescriptor,NP,Nepal,Nepal
country_descriptors,ed-fi,uri://ed-fi.org/CountryDescriptor,NR,Nauru,Nauru
country_descriptors,ed-fi,uri://ed-fi.org/CountryDescriptor,NU,Niue,Niue
country_descriptors,ed-fi,uri://ed-fi.org/CountryDescriptor,NZ,New Zealand,New Zealand
country_descriptors,ed-fi,uri://ed-fi.org/CountryDescriptor,OM,Oman,Oman
country_descriptors,ed-fi,uri://ed-fi.org/CountryDescriptor,PA,Panama,Panama
country_descriptors,ed-fi,uri://ed-fi.org/CountryDescriptor,PE,Peru,Peru
country_descriptors,ed-fi,uri://ed-fi.org/CountryDescriptor,PF,French Polynesia,French Polynesia
country_descriptors,ed-fi,uri://ed-fi.org/CountryDescriptor,PG,Papua New Guinea,Papua New Guinea
country_descriptors,ed-fi,uri://ed-fi.org/CountryDescriptor,PH,Philippines,Philippines
country_descriptors,ed-fi,uri://ed-fi.org/CountryDescriptor,PK,Pakistan,Pakistan
country_descriptors,ed-fi,uri://ed-fi.org/CountryDescriptor,PL,Poland,Poland
country_descriptors,ed-fi,uri://ed-fi.org/CountryDescriptor,PM,Saint Pierre and Miquelon,Saint Pierre and Miquelon
country_descriptors,ed-fi,uri://ed-fi.org/CountryDescriptor,PN,Pitcairn,Pitcairn
country_descriptors,ed-fi,uri://ed-fi.org/CountryDescriptor,PR,Puerto Rico,Puerto Rico
country_descriptors,ed-fi,uri://ed-fi.org/CountryDescriptor,PS,"Palestine, State of","Palestine, State of"
country_descriptors,ed-fi,uri://ed-fi.org/CountryDescriptor,PT,Portugal,Portugal
country_descriptors,ed-fi,uri://ed-fi.org/CountryDescriptor,PW,Palau,Palau
country_descriptors,ed-fi,uri://ed-fi.org/CountryDescriptor,PY,Paraguay,Paraguay
country_descriptors,ed-fi,uri://ed-fi.org/CountryDescriptor,QA,Qatar,Qatar
country_descriptors,ed-fi,uri://ed-fi.org/CountryDescriptor,RE,RÃ©union,RÃ©union
country_descriptors,ed-fi,uri://ed-fi.org/CountryDescriptor,RO,Romania,Romania
country_descriptors,ed-fi,uri://ed-fi.org/CountryDescriptor,RS,Serbia,Serbia
country_descriptors,ed-fi,uri://ed-fi.org/CountryDescriptor,RU,Russian Federation,Russian Federation
country_descriptors,ed-fi,uri://ed-fi.org/CountryDescriptor,RW,Rwanda,Rwanda
country_descriptors,ed-fi,uri://ed-fi.org/CountryDescriptor,SA,Saudi Arabia,Saudi Arabia
country_descriptors,ed-fi,uri://ed-fi.org/CountryDescriptor,SB,Solomon Islands,Solomon Islands
country_descriptors,ed-fi,uri://ed-fi.org/CountryDescriptor,SC,Seychelles,Seychelles
country_descriptors,ed-fi,uri://ed-fi.org/CountryDescriptor,SD,Sudan,Sudan
country_descriptors,ed-fi,uri://ed-fi.org/CountryDescriptor,SE,Sweden,Sweden
country_descriptors,ed-fi,uri://ed-fi.org/CountryDescriptor,SG,Singapore,Singapore
country_descriptors,ed-fi,uri://ed-fi.org/CountryDescriptor,SH,"Saint Helena, Ascension and Tristan da Cunha","Saint Helena, Ascension and Tristan da Cunha"
country_descriptors,ed-fi,uri://ed-fi.org/CountryDescriptor,SI,Slovenia,Slovenia
country_descriptors,ed-fi,uri://ed-fi.org/CountryDescriptor,SJ,Svalbard and Jan Mayen,Svalbard and Jan Mayen
country_descriptors,ed-fi,uri://ed-fi.org/CountryDescriptor,SK,Slovakia,Slovakia
country_descriptors,ed-fi,uri://ed-fi.org/CountryDescriptor,SL,Sierra Leone,Sierra Leone
country_descriptors,ed-fi,uri://ed-fi.org/CountryDescriptor,SM,San Marino,San Marino
country_descriptors,ed-fi,uri://ed-fi.org/CountryDescriptor,SN,Senegal,Senegal
country_descriptors,ed-fi,uri://ed-fi.org/CountryDescriptor,SO,Somalia,Somalia
country_descriptors,ed-fi,uri://ed-fi.org/CountryDescriptor,SR,Suriname,Suriname
country_descriptors,ed-fi,uri://ed-fi.org/CountryDescriptor,SS,South Sudan,South Sudan
country_descriptors,ed-fi,uri://ed-fi.org/CountryDescriptor,ST,Sao Tome and Principe,Sao Tome and Principe
country_descriptors,ed-fi,uri://ed-fi.org/CountryDescriptor,SV,El Salvador,El Salvador
country_descriptors,ed-fi,uri://ed-fi.org/CountryDescriptor,SX,Sint Maarten (Dutch part),Sint Maarten (Dutch part)
country_descriptors,ed-fi,uri://ed-fi.org/CountryDescriptor,SY,Syrian Arab Republic,Syrian Arab Republic
country_descriptors,ed-fi,uri://ed-fi.org/CountryDescriptor,SZ,Swaziland,Swaziland
country_descriptors,ed-fi,uri://ed-fi.org/CountryDescriptor,TC,Turks and Caicos Islands,Turks and Caicos Islands
country_descriptors,ed-fi,uri://ed-fi.org/CountryDescriptor,TD,Chad,Chad
country_descriptors,ed-fi,uri://ed-fi.org/CountryDescriptor,TF,French Southern Territories,French Southern Territories
country_descriptors,ed-fi,uri://ed-fi.org/CountryDescriptor,TG,Togo,Togo
country_descriptors,ed-fi,uri://ed-fi.org/CountryDescriptor,TH,Thailand,Thailand
country_descriptors,ed-fi,uri://ed-fi.org/CountryDescriptor,TJ,Tajikistan,Tajikistan
country_descriptors,ed-fi,uri://ed-fi.org/CountryDescriptor,TK,Tokelau,Tokelau
country_descriptors,ed-fi,uri://ed-fi.org/CountryDescriptor,TL,Timor-Leste,Timor-Leste
country_descriptors,ed-fi,uri://ed-fi.org/CountryDescriptor,TM,Turkmenistan,Turkmenistan
country_descriptors,ed-fi,uri://ed-fi.org/CountryDescriptor,TN,Tunisia,Tunisia
country_descriptors,ed-fi,uri://ed-fi.org/CountryDescriptor,TO,Tonga,Tonga
country_descriptors,ed-fi,uri://ed-fi.org/CountryDescriptor,TR,Turkey,Turkey
country_descriptors,ed-fi,uri://ed-fi.org/CountryDescriptor,TT,Trinidad and Tobago,Trinidad and Tobago
country_descriptors,ed-fi,uri://ed-fi.org/CountryDescriptor,TV,Tuvalu,Tuvalu
country_descriptors,ed-fi,uri://ed-fi.org/CountryDescriptor,TW,"Taiwan, Province of China","Taiwan, Province of China"
country_descriptors,ed-fi,uri://ed-fi.org/CountryDescriptor,TZ,"Tanzania, United Republic of","Tanzania, United Republic of"
country_descriptors,ed-fi,uri://ed-fi.org/CountryDescriptor,UA,Ukraine,Ukraine
country_descriptors,ed-fi,uri://ed-fi.org/CountryDescriptor,UG,Uganda,Uganda
country_descriptors,ed-fi,uri://ed-fi.org/CountryDescriptor,UM,United States Minor Outlying Islands,United States Minor Outlying Islands
country_descriptors,ed-fi,uri://ed-fi.org/CountryDescriptor,US,United States of America,United States of America
country_descriptors,ed-fi,uri://ed-fi.org/CountryDescriptor,UY,Uruguay,Uruguay
country_descriptors,ed-fi,uri://ed-fi.org/CountryDescriptor,UZ,Uzbekistan,Uzbekistan
country_descriptors,ed-fi,uri://ed-fi.org/CountryDescriptor,VA,Holy See,Holy See
country_descriptors,ed-fi,uri://ed-fi.org/CountryDescriptor,VC,Saint Vincent and the Grenadines,Saint Vincent and the Grenadines
country_descriptors,ed-fi,uri://ed-fi.org/CountryDescriptor,VE,"Venezuela, Bolivarian Republic of","Venezuela, Bolivarian Republic of"
country_descriptors,ed-fi,uri://ed-fi.org/CountryDescriptor,VG,"Virgin Islands, British","Virgin Islands, British"
country_descriptors,ed-fi,uri://ed-fi.org/CountryDescriptor,VI,"Virgin Islands, U.S.","Virgin Islands, U.S."
country_descriptors,ed-fi,uri://ed-fi.org/CountryDescriptor,VN,Viet Nam,Viet Nam
country_descriptors,ed-fi,uri://ed-fi.org/CountryDescriptor,VU,Vanuatu,Vanuatu
country_descriptors,ed-fi,uri://ed-fi.org/CountryDescriptor,WF,Wallis and Futuna,Wallis and Futuna
country_descriptors,ed-fi,uri://ed-fi.org/CountryDescriptor,WS,Samoa,Samoa
country_descriptors,ed-fi,uri://ed-fi.org/CountryDescriptor,YE,Yemen,Yemen
country_descriptors,ed-fi,uri://ed-fi.org/CountryDescriptor,YT,Mayotte,Mayotte
country_descriptors,ed-fi,uri://ed-fi.org/CountryDescriptor,ZA,South Africa,South Africa
country_descriptors,ed-fi,uri://ed-fi.org/CountryDescriptor,ZM,Zambia,Zambia
country_descriptors,ed-fi,uri://ed-fi.org/CountryDescriptor,ZW,Zimbabwe,Zimbabwe
course_attempt_result_descriptors,ed-fi,uri://ed-fi.org/CourseAttemptResultDescriptor,Fail,Fail,Fail
course_attempt_result_descriptors,ed-fi,uri://ed-fi.org/CourseAttemptResultDescriptor,Incomplete,Incomplete,Incomplete
course_attempt_result_descriptors,ed-fi,uri://ed-fi.org/CourseAttemptResultDescriptor,Pass,Pass,Pass
course_attempt_result_descriptors,ed-fi,uri://ed-fi.org/CourseAttemptResultDescriptor,Withdrawn,Withdrawn,Withdrawn
course_defined_by_descriptors,ed-fi,uri://ed-fi.org/CourseDefinedByDescriptor,LEA,LEA,LEA
course_defined_by_descriptors,ed-fi,uri://ed-fi.org/CourseDefinedByDescriptor,National Organization,National Organization,National Organization
course_defined_by_descriptors,ed-fi,uri://ed-fi.org/CourseDefinedByDescriptor,SEA,SEA,SEA
course_defined_by_descriptors,ed-fi,uri://ed-fi.org/CourseDefinedByDescriptor,School,School,School
course_gpa_applicability_descriptors,ed-fi,uri://ed-fi.org/CourseGPAApplicabilityDescriptor,Applicable,Applicable,Applicable
course_gpa_applicability_descriptors,ed-fi,uri://ed-fi.org/CourseGPAApplicabilityDescriptor,Not Applicable,Not Applicable,Not Applicable
course_gpa_applicability_descriptors,ed-fi,uri://ed-fi.org/CourseGPAApplicabilityDescriptor,Weighted,Weighted,Weighted
course_identification_system_descriptors,ed-fi,uri://ed-fi.org/CourseIdentificationSystemDescriptor,CSSC course code,CSSC course code,CSSC course code
course_identification_system_descriptors,ed-fi,uri://ed-fi.org/CourseIdentificationSystemDescriptor,Intermediate agency course code,Intermediate agency course code,Intermediate agency course code
course_identification_system_descriptors,ed-fi,uri://ed-fi.org/CourseIdentificationSystemDescriptor,LEA course code,LEA course code,LEA course code
course_identification_system_descriptors,ed-fi,uri://ed-fi.org/CourseIdentificationSystemDescriptor,NCES Pilot SNCCS course code,NCES Pilot SNCCS course code,NCES Pilot SNCCS course code
course_identification_system_descriptors,ed-fi,uri://ed-fi.org/CourseIdentificationSystemDescriptor,Other,Other,Other
course_identification_system_descriptors,ed-fi,uri://ed-fi.org/CourseIdentificationSystemDescriptor,SCED course code,SCED course code,SCED course code
course_identification_system_descriptors,ed-fi,uri://ed-fi.org/CourseIdentificationSystemDescriptor,School course code,School course code,School course code
course_identification_system_descriptors,ed-fi,uri://ed-fi.org/CourseIdentificationSystemDescriptor,State course code,State course code,State course code
course_identification_system_descriptors,ed-fi,uri://ed-fi.org/CourseIdentificationSystemDescriptor,University course code,University course code,University course code
course_level_characteristic_descriptors,ed-fi,uri://ed-fi.org/CourseLevelCharacteristicDescriptor,Accepted as high school equivalent,Accepted as high school equivalent,Accepted as high school equivalent
course_level_characteristic_descriptors,ed-fi,uri://ed-fi.org/CourseLevelCharacteristicDescriptor,Advanced,Advanced,Advanced
course_level_characteristic_descriptors,ed-fi,uri://ed-fi.org/CourseLevelCharacteristicDescriptor,Advanced Placement,Advanced Placement,Advanced Placement
course_level_characteristic_descriptors,ed-fi,uri://ed-fi.org/CourseLevelCharacteristicDescriptor,Basic,Basic,Basic
course_level_characteristic_descriptors,ed-fi,uri://ed-fi.org/CourseLevelCharacteristicDescriptor,Career and Technical Education,Career and Technical Education,Career and Technical Education
course_level_characteristic_descriptors,ed-fi,uri://ed-fi.org/CourseLevelCharacteristicDescriptor,College-level,College-level,College-level
course_level_characteristic_descriptors,ed-fi,uri://ed-fi.org/CourseLevelCharacteristicDescriptor,Core Subject,Core Subject,Core Subject
course_level_characteristic_descriptors,ed-fi,uri://ed-fi.org/CourseLevelCharacteristicDescriptor,Correspondence,Correspondence,Correspondence
course_level_characteristic_descriptors,ed-fi,uri://ed-fi.org/CourseLevelCharacteristicDescriptor,Distance Learning,Distance Learning,Distance Learning
course_level_characteristic_descriptors,ed-fi,uri://ed-fi.org/CourseLevelCharacteristicDescriptor,Dual Credit,Dual Credit,Dual Credit
course_level_characteristic_descriptors,ed-fi,uri://ed-fi.org/CourseLevelCharacteristicDescriptor,English Language Learner,English Language Learner,English Language Learner
course_level_characteristic_descriptors,ed-fi,uri://ed-fi.org/CourseLevelCharacteristicDescriptor,General,General,General
course_level_characteristic_descriptors,ed-fi,uri://ed-fi.org/CourseLevelCharacteristicDescriptor,Gifted and Talented,Gifted and Talented,Gifted and Talented
course_level_characteristic_descriptors,ed-fi,uri://ed-fi.org/CourseLevelCharacteristicDescriptor,Graduation Credit,Graduation Credit,Graduation Credit
course_level_characteristic_descriptors,ed-fi,uri://ed-fi.org/CourseLevelCharacteristicDescriptor,Honors,Honors,Honors
course_level_characteristic_descriptors,ed-fi,uri://ed-fi.org/CourseLevelCharacteristicDescriptor,International Baccalaureate,International Baccalaureate,International Baccalaureate
course_level_characteristic_descriptors,ed-fi,uri://ed-fi.org/CourseLevelCharacteristicDescriptor,Magnet,Magnet,Magnet
course_level_characteristic_descriptors,ed-fi,uri://ed-fi.org/CourseLevelCharacteristicDescriptor,Other,Other,Other
course_level_characteristic_descriptors,ed-fi,uri://ed-fi.org/CourseLevelCharacteristicDescriptor,Pre-AP,Pre-AP,Pre-AP
course_level_characteristic_descriptors,ed-fi,uri://ed-fi.org/CourseLevelCharacteristicDescriptor,Pre-IB,Pre-IB,Pre-IB
course_level_characteristic_descriptors,ed-fi,uri://ed-fi.org/CourseLevelCharacteristicDescriptor,Remedial,Remedial,Remedial
course_level_characteristic_descriptors,ed-fi,uri://ed-fi.org/CourseLevelCharacteristicDescriptor,Students with disabilities,Students with disabilities,Students with disabilities
course_level_characteristic_descriptors,ed-fi,uri://ed-fi.org/CourseLevelCharacteristicDescriptor,Untracked,Untracked,Untracked
course_repeat_code_descriptors,ed-fi,uri://ed-fi.org/CourseRepeatCodeDescriptor,Not Counted Other,Not Counted Other,Not Counted Other
course_repeat_code_descriptors,ed-fi,uri://ed-fi.org/CourseRepeatCodeDescriptor,Repeat Counted,Repeat Counted,Repeat Counted
course_repeat_code_descriptors,ed-fi,uri://ed-fi.org/CourseRepeatCodeDescriptor,Repeat NotCounted,Repeat NotCounted,Repeat NotCounted
course_repeat_code_descriptors,ed-fi,uri://ed-fi.org/CourseRepeatCodeDescriptor,Repeat Other Institution,Repeat Other Institution,Repeat Other Institution
course_repeat_code_descriptors,ed-fi,uri://ed-fi.org/CourseRepeatCodeDescriptor,Replaced NotCounted,Replaced NotCounted,Replaced NotCounted
course_repeat_code_descriptors,ed-fi,uri://ed-fi.org/CourseRepeatCodeDescriptor,Replacement Counted,Replacement Counted,Replacement Counted
credential_field_descriptors,ed-fi,uri://ed-fi.org/CredentialFieldDescriptor,Agricultural Science and Technology,Agricultural Science and Technology,Agricultural Science and Technology
credential_field_descriptors,ed-fi,uri://ed-fi.org/CredentialFieldDescriptor,Art,Art,Art
credential_field_descriptors,ed-fi,uri://ed-fi.org/CredentialFieldDescriptor,Bilingual,Bilingual,Bilingual
credential_field_descriptors,ed-fi,uri://ed-fi.org/CredentialFieldDescriptor,Bilingual Generalist-Spanish,Bilingual Generalist-Spanish,Bilingual Generalist-Spanish
credential_field_descriptors,ed-fi,uri://ed-fi.org/CredentialFieldDescriptor,Computer Science,Computer Science,Computer Science
credential_field_descriptors,ed-fi,uri://ed-fi.org/CredentialFieldDescriptor,Elementary Education,Elementary Education,Elementary Education
credential_field_descriptors,ed-fi,uri://ed-fi.org/CredentialFieldDescriptor,Generalist,Generalist,Generalist
credential_field_descriptors,ed-fi,uri://ed-fi.org/CredentialFieldDescriptor,Health,Health,Health
credential_field_descriptors,ed-fi,uri://ed-fi.org/CredentialFieldDescriptor,Life and Physical Sciences,Life and Physical Sciences,Life and Physical Sciences
credential_field_descriptors,ed-fi,uri://ed-fi.org/CredentialFieldDescriptor,Master Teacher,Master Teacher,Master Teacher
credential_field_descriptors,ed-fi,uri://ed-fi.org/CredentialFieldDescriptor,Mathematics,Mathematics,Mathematics
credential_field_descriptors,ed-fi,uri://ed-fi.org/CredentialFieldDescriptor,Music,Music,Music
credential_field_descriptors,ed-fi,uri://ed-fi.org/CredentialFieldDescriptor,Physical Education,Physical Education,Physical Education
credential_field_descriptors,ed-fi,uri://ed-fi.org/CredentialFieldDescriptor,Psychology,Psychology,Psychology
credential_field_descriptors,ed-fi,uri://ed-fi.org/CredentialFieldDescriptor,Social Studies,Social Studies,Social Studies
credential_type_descriptors,ed-fi,uri://ed-fi.org/CredentialTypeDescriptor,Certification,Certification,Certification
credential_type_descriptors,ed-fi,uri://ed-fi.org/CredentialTypeDescriptor,Endorsement,Endorsement,Endorsement
credential_type_descriptors,ed-fi,uri://ed-fi.org/CredentialTypeDescriptor,Licensure,Licensure,Licensure
credential_type_descriptors,ed-fi,uri://ed-fi.org/CredentialTypeDescriptor,Other,Other,Other
credential_type_descriptors,ed-fi,uri://ed-fi.org/CredentialTypeDescriptor,Registration,Registration,Registration
credit_type_descriptors,ed-fi,uri://ed-fi.org/CreditTypeDescriptor,Adult education credit,Adult education credit,Adult education credit
credit_type_descriptors,ed-fi,uri://ed-fi.org/CreditTypeDescriptor,Career and Technical Education credit,Career and Technical Education credit,Career and Technical Education credit
credit_type_descriptors,ed-fi,uri://ed-fi.org/CreditTypeDescriptor,Carnegie unit,Carnegie unit,Carnegie unit
credit_type_descriptors,ed-fi,uri://ed-fi.org/CreditTypeDescriptor,Converted occupational experience credit,Converted occupational experience credit,Converted occupational experience credit
credit_type_descriptors,ed-fi,uri://ed-fi.org/CreditTypeDescriptor,Correspondence credit,Correspondence credit,Correspondence credit
credit_type_descriptors,ed-fi,uri://ed-fi.org/CreditTypeDescriptor,Credit by examination,Credit by examination,Credit by examination
credit_type_descriptors,ed-fi,uri://ed-fi.org/CreditTypeDescriptor,Intersession hour credit,Intersession hour credit,Intersession hour credit
credit_type_descriptors,ed-fi,uri://ed-fi.org/CreditTypeDescriptor,Long session hour credit,Long session hour credit,Long session hour credit
credit_type_descriptors,ed-fi,uri://ed-fi.org/CreditTypeDescriptor,Mini-term hour credit,Mini-term hour credit,Mini-term hour credit
credit_type_descriptors,ed-fi,uri://ed-fi.org/CreditTypeDescriptor,Nine month year hour credit,Nine month year hour credit,Nine month year hour credit
credit_type_descriptors,ed-fi,uri://ed-fi.org/CreditTypeDescriptor,Other,Other,Other
credit_type_descriptors,ed-fi,uri://ed-fi.org/CreditTypeDescriptor,Quarter hour credit,Quarter hour credit,Quarter hour credit
credit_type_descriptors,ed-fi,uri://ed-fi.org/CreditTypeDescriptor,Quinmester hour credit,Quinmester hour credit,Quinmester hour credit
credit_type_descriptors,ed-fi,uri://ed-fi.org/CreditTypeDescriptor,Semester hour credit,Semester hour credit,Semester hour credit
credit_type_descriptors,ed-fi,uri://ed-fi.org/CreditTypeDescriptor,Summer term hour credit,Summer term hour credit,Summer term hour credit
credit_type_descriptors,ed-fi,uri://ed-fi.org/CreditTypeDescriptor,Trimester hour credit,Trimester hour credit,Trimester hour credit
credit_type_descriptors,ed-fi,uri://ed-fi.org/CreditTypeDescriptor,Twelve month year hour credit,Twelve month year hour credit,Twelve month year hour credit
curriculum_used_descriptors,ed-fi,uri://ed-fi.org/CurriculumUsedDescriptor,Creative curriculum family child care,Creative curriculum family child care,Creative curriculum family child care
curriculum_used_descriptors,ed-fi,uri://ed-fi.org/CurriculumUsedDescriptor,Creative curriculum infants/toddlers,Creative curriculum infants/toddlers,Creative curriculum infants/toddlers
curriculum_used_descriptors,ed-fi,uri://ed-fi.org/CurriculumUsedDescriptor,Creative curriculum preschool,Creative curriculum preschool,Creative curriculum preschool
curriculum_used_descriptors,ed-fi,uri://ed-fi.org/CurriculumUsedDescriptor,Highscope infants/toddlers,Highscope infants/toddlers,Highscope infants/toddlers
curriculum_used_descriptors,ed-fi,uri://ed-fi.org/CurriculumUsedDescriptor,Highscope preschoolers,Highscope preschoolers,Highscope preschoolers
curriculum_used_descriptors,ed-fi,uri://ed-fi.org/CurriculumUsedDescriptor,Locally designed curriculum,Locally designed curriculum,Locally designed curriculum
curriculum_used_descriptors,ed-fi,uri://ed-fi.org/CurriculumUsedDescriptor,Montessori curriculum,Montessori curriculum,Montessori curriculum
curriculum_used_descriptors,ed-fi,uri://ed-fi.org/CurriculumUsedDescriptor,None,None,None
curriculum_used_descriptors,ed-fi,uri://ed-fi.org/CurriculumUsedDescriptor,Other curriculum,Other curriculum,Other curriculum
delivery_method_descriptors,ed-fi,uri://ed-fi.org/DeliveryMethodDescriptor,Individual,Individual,Individual
delivery_method_descriptors,ed-fi,uri://ed-fi.org/DeliveryMethodDescriptor,Small Group,Small Group,Small Group
delivery_method_descriptors,ed-fi,uri://ed-fi.org/DeliveryMethodDescriptor,Whole Class,Whole Class,Whole Class
delivery_method_descriptors,ed-fi,uri://ed-fi.org/DeliveryMethodDescriptor,Whole School,Whole School,Whole School
diagnosis_descriptors,ed-fi,uri://ed-fi.org/DiagnosisDescriptor,Dropout Risk,Dropout Risk,Dropout Risk
diagnosis_descriptors,ed-fi,uri://ed-fi.org/DiagnosisDescriptor,Low Attendance,Low Attendance,Low Attendance
diploma_level_descriptors,ed-fi,uri://ed-fi.org/DiplomaLevelDescriptor,Cum laude,Cum laude,Cum laude
diploma_level_descriptors,ed-fi,uri://ed-fi.org/DiplomaLevelDescriptor,Distinguished,Distinguished,Distinguished
diploma_level_descriptors,ed-fi,uri://ed-fi.org/DiplomaLevelDescriptor,Magna cum laude,Magna cum laude,Magna cum laude
diploma_level_descriptors,ed-fi,uri://ed-fi.org/DiplomaLevelDescriptor,Minimum,Minimum,Minimum
diploma_level_descriptors,ed-fi,uri://ed-fi.org/DiplomaLevelDescriptor,Open Enrollment,Open Enrollment,Open Enrollment
diploma_level_descriptors,ed-fi,uri://ed-fi.org/DiplomaLevelDescriptor,Recommended,Recommended,Recommended
diploma_level_descriptors,ed-fi,uri://ed-fi.org/DiplomaLevelDescriptor,Summa cum laude,Summa cum laude,Summa cum laude
diploma_type_descriptors,ed-fi,uri://ed-fi.org/DiplomaTypeDescriptor,Alternative credential,Alternative credential,Alternative credential
diploma_type_descriptors,ed-fi,uri://ed-fi.org/DiplomaTypeDescriptor,Apprenticeship Certificate,Apprenticeship Certificate,Apprenticeship Certificate
diploma_type_descriptors,ed-fi,uri://ed-fi.org/DiplomaTypeDescriptor,Career and Technical Education certificate,Career and Technical Education certificate,Career and Technical Education certificate
diploma_type_descriptors,ed-fi,uri://ed-fi.org/DiplomaTypeDescriptor,Certificate of attendance,Certificate of attendance,Certificate of attendance
diploma_type_descriptors,ed-fi,uri://ed-fi.org/DiplomaTypeDescriptor,Certificate of completion,Certificate of completion,Certificate of completion
diploma_type_descriptors,ed-fi,uri://ed-fi.org/DiplomaTypeDescriptor,Endorsed/advanced diploma,Endorsed/advanced diploma,Endorsed/advanced diploma
diploma_type_descriptors,ed-fi,uri://ed-fi.org/DiplomaTypeDescriptor,General Educational Development (GED) credential,General Educational Development (GED) credential,General Educational Development (GED) credential
diploma_type_descriptors,ed-fi,uri://ed-fi.org/DiplomaTypeDescriptor,"High school equivalency credential, other than GED","High school equivalency credential, other than GED","High school equivalency credential, other than GED"
diploma_type_descriptors,ed-fi,uri://ed-fi.org/DiplomaTypeDescriptor,Industry-recognized Certification,Industry-recognized Certification,Industry-recognized Certification
diploma_type_descriptors,ed-fi,uri://ed-fi.org/DiplomaTypeDescriptor,International Baccalaureate,International Baccalaureate,International Baccalaureate
diploma_type_descriptors,ed-fi,uri://ed-fi.org/DiplomaTypeDescriptor,Modified diploma,Modified diploma,Modified diploma
diploma_type_descriptors,ed-fi,uri://ed-fi.org/DiplomaTypeDescriptor,Occupational License,Occupational License,Occupational License
diploma_type_descriptors,ed-fi,uri://ed-fi.org/DiplomaTypeDescriptor,Other,Other,Other
diploma_type_descriptors,ed-fi,uri://ed-fi.org/DiplomaTypeDescriptor,Other diploma,Other diploma,Other diploma
diploma_type_descriptors,ed-fi,uri://ed-fi.org/DiplomaTypeDescriptor,Post graduate certificate (grade 13),Post graduate certificate (grade 13),Post graduate certificate (grade 13)
diploma_type_descriptors,ed-fi,uri://ed-fi.org/DiplomaTypeDescriptor,Regents diploma,Regents diploma,Regents diploma
diploma_type_descriptors,ed-fi,uri://ed-fi.org/DiplomaTypeDescriptor,Regular diploma,Regular diploma,Regular diploma
disability_descriptors,ed-fi,uri://ed-fi.org/DisabilityDescriptor,Autism Spectrum Disorders,Autism Spectrum Disorders,Autism Spectrum Disorders
disability_descriptors,ed-fi,uri://ed-fi.org/DisabilityDescriptor,Deaf-Blindness,Deaf-Blindness,Deaf-Blindness
disability_descriptors,ed-fi,uri://ed-fi.org/DisabilityDescriptor,"Hearing Impairment, including Deafness","Hearing Impairment, including Deafness","Hearing Impairment, including Deafness"
disability_descriptors,ed-fi,uri://ed-fi.org/DisabilityDescriptor,Infant/Toddler with a Disability,Infant/Toddler with a Disability,Infant/Toddler with a Disability
disability_descriptors,ed-fi,uri://ed-fi.org/DisabilityDescriptor,Intellectual Disability,Intellectual Disability,Intellectual Disability
disability_descriptors,ed-fi,uri://ed-fi.org/DisabilityDescriptor,Medical condition,Medical condition,Medical condition
disability_descriptors,ed-fi,uri://ed-fi.org/DisabilityDescriptor,Mental impairment,Mental impairment,Mental impairment
disability_descriptors,ed-fi,uri://ed-fi.org/DisabilityDescriptor,Motor impairment,Motor impairment,Motor impairment
disability_descriptors,ed-fi,uri://ed-fi.org/DisabilityDescriptor,Multiple Disabilities,Multiple Disabilities,Multiple disabilities
disability_descriptors,ed-fi,uri://ed-fi.org/DisabilityDescriptor,Orthopedic Impairment,Orthopedic Impairment,Orthopedic Impairment
disability_descriptors,ed-fi,uri://ed-fi.org/DisabilityDescriptor,Other,Other,Other
disability_descriptors,ed-fi,uri://ed-fi.org/DisabilityDescriptor,Other Health Impairment,Other Health Impairment,Other Health Impairment
disability_descriptors,ed-fi,uri://ed-fi.org/DisabilityDescriptor,Physical Disability,Physical Disability,Physical Disability
disability_descriptors,ed-fi,uri://ed-fi.org/DisabilityDescriptor,Preschooler with a Disability,Preschooler with a Disability,Preschooler with a Disability
disability_descriptors,ed-fi,uri://ed-fi.org/DisabilityDescriptor,Sensory impairment,Sensory impairment,Sensory impairment
disability_descriptors,ed-fi,uri://ed-fi.org/DisabilityDescriptor,Serious Emotional Disability,Serious Emotional Disability,Serious Emotional Disability
disability_descriptors,ed-fi,uri://ed-fi.org/DisabilityDescriptor,Specific Learning Disability,Specific Learning Disability,Specific Learning Disability
disability_descriptors,ed-fi,uri://ed-fi.org/DisabilityDescriptor,Speech or Language Impairment,Speech or Language Impairment,Speech or Language Impairment
disability_descriptors,ed-fi,uri://ed-fi.org/DisabilityDescriptor,Traumatic Brain Injury,Traumatic Brain Injury,Traumatic Brain Injury
disability_descriptors,ed-fi,uri://ed-fi.org/DisabilityDescriptor,"Visual Impairment, including Blindness","Visual Impairment, including Blindness","Visual Impairment, including Blindness"
disability_designation_descriptors,ed-fi,uri://ed-fi.org/DisabilityDesignationDescriptor,Individuals with Disabilities Education Act,Individuals with Disabilities Education Act,Individuals with Disabilities Education Act
disability_designation_descriptors,ed-fi,uri://ed-fi.org/DisabilityDesignationDescriptor,Other,Other,Other
disability_designation_descriptors,ed-fi,uri://ed-fi.org/DisabilityDesignationDescriptor,Section 504,Section 504,Section 504
disability_determination_source_type_descriptors,ed-fi,uri://ed-fi.org/DisabilityDeterminationSourceTypeDescriptor,By health care provider,By health care provider,By health care provider
disability_determination_source_type_descriptors,ed-fi,uri://ed-fi.org/DisabilityDeterminationSourceTypeDescriptor,By licensed physical therapist,By licensed physical therapist,By licensed physical therapist
disability_determination_source_type_descriptors,ed-fi,uri://ed-fi.org/DisabilityDeterminationSourceTypeDescriptor,By physician,By physician,By physician
disability_determination_source_type_descriptors,ed-fi,uri://ed-fi.org/DisabilityDeterminationSourceTypeDescriptor,By school psychologist or other psychologist,By school psychologist or other psychologist,By school psychologist or other psychologist
disability_determination_source_type_descriptors,ed-fi,uri://ed-fi.org/DisabilityDeterminationSourceTypeDescriptor,By social service or other type of agency,By social service or other type of agency,By social service or other type of agency
disability_determination_source_type_descriptors,ed-fi,uri://ed-fi.org/DisabilityDeterminationSourceTypeDescriptor,Not applicable to the student,Not applicable to the student,Not applicable to the student
disability_determination_source_type_descriptors,ed-fi,uri://ed-fi.org/DisabilityDeterminationSourceTypeDescriptor,Other,Other,Other
disability_determination_source_type_descriptors,ed-fi,uri://ed-fi.org/DisabilityDeterminationSourceTypeDescriptor,Self-reported,Self-reported,Self-reported
disability_determination_source_type_descriptors,ed-fi,uri://ed-fi.org/DisabilityDeterminationSourceTypeDescriptor,Unknown or Unreported,Unknown or Unreported,Unknown or Unreported
discipline_action_length_difference_reason_descriptors,ed-fi,uri://ed-fi.org/DisciplineActionLengthDifferenceReasonDescriptor,Completed Term Requirements Sooner Than Expected,Student Completed Term Requirements Sooner Than Expected,Student Completed Term Requirements Sooner Than Expected
discipline_action_length_difference_reason_descriptors,ed-fi,uri://ed-fi.org/DisciplineActionLengthDifferenceReasonDescriptor,Continuation Of Prior Year's Disciplinary Action,Continuation Of Previous Year's Disciplinary Action Assignment,Continuation Of Previous Year's Disciplinary Action Assignment
discipline_action_length_difference_reason_descriptors,ed-fi,uri://ed-fi.org/DisciplineActionLengthDifferenceReasonDescriptor,No Difference,No Difference,No Difference
discipline_action_length_difference_reason_descriptors,ed-fi,uri://ed-fi.org/DisciplineActionLengthDifferenceReasonDescriptor,Other,Other,Other
discipline_action_length_difference_reason_descriptors,ed-fi,uri://ed-fi.org/DisciplineActionLengthDifferenceReasonDescriptor,School Year Ended,School Year Ended,School Year Ended
discipline_action_length_difference_reason_descriptors,ed-fi,uri://ed-fi.org/DisciplineActionLengthDifferenceReasonDescriptor,Student Incarcerated,Student Incarcerated,Student Incarcerated
discipline_action_length_difference_reason_descriptors,ed-fi,uri://ed-fi.org/DisciplineActionLengthDifferenceReasonDescriptor,Student Withdrew From School,Student Withdrew From School,Student Withdrew From School
discipline_action_length_difference_reason_descriptors,ed-fi,uri://ed-fi.org/DisciplineActionLengthDifferenceReasonDescriptor,Term Decreased Due To Health-Related Circumstances,Term Decreased Due To Extenuating Health-Related Circumstances,Term Decreased Due To Extenuating Health-Related Circumstances
discipline_action_length_difference_reason_descriptors,ed-fi,uri://ed-fi.org/DisciplineActionLengthDifferenceReasonDescriptor,Term Modified By Court Order,Term Modified By Court Order,Term Modified By Court Order
discipline_action_length_difference_reason_descriptors,ed-fi,uri://ed-fi.org/DisciplineActionLengthDifferenceReasonDescriptor,Term Modified By District,Term Modified By District,Term Modified By District
discipline_action_length_difference_reason_descriptors,ed-fi,uri://ed-fi.org/DisciplineActionLengthDifferenceReasonDescriptor,Term Modified By Mutual Agreement,Term Modified By Mutual Agreement,Term Modified By Mutual Agreement
discipline_action_length_difference_reason_descriptors,ed-fi,uri://ed-fi.org/DisciplineActionLengthDifferenceReasonDescriptor,Term Modified By Placement Program Due To Behavior,Term Modified By Placement Program Due To Student Behavior,Term Modified By Placement Program Due To Student Behavior While In The Placement
discipline_descriptors,ed-fi,uri://ed-fi.org/DisciplineDescriptor,Community Service,Community Service,Community Service
discipline_descriptors,ed-fi,uri://ed-fi.org/DisciplineDescriptor,Expulsion,Expulsion,Expulsion
discipline_descriptors,ed-fi,uri://ed-fi.org/DisciplineDescriptor,Expulsion under Guns Free School Act,Expulsion under Guns Free School Act,Expulsion under Guns Free School Act
discipline_descriptors,ed-fi,uri://ed-fi.org/DisciplineDescriptor,Expulsion under Guns Free School Act with Services,Expulsion under Guns Free School Act with Services,Expulsion under Guns Free School Act with Services
discipline_descriptors,ed-fi,uri://ed-fi.org/DisciplineDescriptor,Expulsion with Services,Expulsion with Services,Expulsion with Services
discipline_descriptors,ed-fi,uri://ed-fi.org/DisciplineDescriptor,In School Suspension,In School Suspension,In School Suspension
discipline_descriptors,ed-fi,uri://ed-fi.org/DisciplineDescriptor,No action for incident,No action for incident,No action for incident
discipline_descriptors,ed-fi,uri://ed-fi.org/DisciplineDescriptor,Other,Other,Other
discipline_descriptors,ed-fi,uri://ed-fi.org/DisciplineDescriptor,Out of School Suspension,Out of School Suspension,Out of School Suspension
discipline_descriptors,ed-fi,uri://ed-fi.org/DisciplineDescriptor,Removal from Classroom,Removal from Classroom,Removal from Classroom
discipline_incident_participation_code_descriptors,ed-fi,uri://ed-fi.org/DisciplineIncidentParticipationCodeDescriptor,Perpetrator,Perpetrator,Perpetrator
discipline_incident_participation_code_descriptors,ed-fi,uri://ed-fi.org/DisciplineIncidentParticipationCodeDescriptor,Reporter,Reporter,Reporter
discipline_incident_participation_code_descriptors,ed-fi,uri://ed-fi.org/DisciplineIncidentParticipationCodeDescriptor,Victim,Victim,Victim
discipline_incident_participation_code_descriptors,ed-fi,uri://ed-fi.org/DisciplineIncidentParticipationCodeDescriptor,Witness,Witness,Witness
education_organization_category_descriptors,ed-fi,uri://ed-fi.org/EducationOrganizationCategoryDescriptor,Education Organization Network,Education Organization Network,Education Organization Network
education_organization_category_descriptors,ed-fi,uri://ed-fi.org/EducationOrganizationCategoryDescriptor,Education Service Center,Education Service Center,Education Service Center
education_organization_category_descriptors,ed-fi,uri://ed-fi.org/EducationOrganizationCategoryDescriptor,Local Education Agency,Local Education Agency,Local Education Agency
education_organization_category_descriptors,ed-fi,uri://ed-fi.org/EducationOrganizationCategoryDescriptor,Organization Department,Organization Department,"An organizational unit of another education organization, often devoted to a particular academic discipline, area of study, or organization function."
education_organization_category_descriptors,ed-fi,uri://ed-fi.org/EducationOrganizationCategoryDescriptor,Other,Other,Other
education_organization_category_descriptors,ed-fi,uri://ed-fi.org/EducationOrganizationCategoryDescriptor,Post Secondary Institution,Post Secondary Institution,Post Secondary Institution
education_organization_category_descriptors,ed-fi,uri://ed-fi.org/EducationOrganizationCategoryDescriptor,School,School,School
education_organization_category_descriptors,ed-fi,uri://ed-fi.org/EducationOrganizationCategoryDescriptor,State Education Agency,State Education Agency,State Education Agency
education_organization_identification_system_descriptors,ed-fi,uri://ed-fi.org/EducationOrganizationIdentificationSystemDescriptor,ACT,ACT,ACT
education_organization_identification_system_descriptors,ed-fi,uri://ed-fi.org/EducationOrganizationIdentificationSystemDescriptor,DUNS,DUNS,DUNS
education_organization_identification_system_descriptors,ed-fi,uri://ed-fi.org/EducationOrganizationIdentificationSystemDescriptor,Federal,Federal,Federal
education_organization_identification_system_descriptors,ed-fi,uri://ed-fi.org/EducationOrganizationIdentificationSystemDescriptor,IPEDS,IPEDS,IPEDS
education_organization_identification_system_descriptors,ed-fi,uri://ed-fi.org/EducationOrganizationIdentificationSystemDescriptor,LEA,LEA,LEA
education_organization_identification_system_descriptors,ed-fi,uri://ed-fi.org/EducationOrganizationIdentificationSystemDescriptor,NCES,NCES,NCES
education_organization_identification_system_descriptors,ed-fi,uri://ed-fi.org/EducationOrganizationIdentificationSystemDescriptor,Other,Other,Other
education_organization_identification_system_descriptors,ed-fi,uri://ed-fi.org/EducationOrganizationIdentificationSystemDescriptor,Other Federal,Other Federal,Other Federal
education_organization_identification_system_descriptors,ed-fi,uri://ed-fi.org/EducationOrganizationIdentificationSystemDescriptor,SEA,SEA,SEA
education_organization_identification_system_descriptors,ed-fi,uri://ed-fi.org/EducationOrganizationIdentificationSystemDescriptor,School,School,School
education_organization_identification_system_descriptors,ed-fi,uri://ed-fi.org/EducationOrganizationIdentificationSystemDescriptor,USDE - OPE,USDE - OPE,USDE - OPE
education_plan_descriptors,ed-fi,uri://ed-fi.org/EducationPlanDescriptor,504 Plan,504 Plan,504 Plan
education_plan_descriptors,ed-fi,uri://ed-fi.org/EducationPlanDescriptor,Career Pathways,Career Pathways,Career Pathways
education_plan_descriptors,ed-fi,uri://ed-fi.org/EducationPlanDescriptor,Career Suggestions,Career Suggestions,Career Suggestions
education_plan_descriptors,ed-fi,uri://ed-fi.org/EducationPlanDescriptor,Completion and Reach Age 22,Completion and Reach Age 22,Completion and Reach Age 22
education_plan_descriptors,ed-fi,uri://ed-fi.org/EducationPlanDescriptor,Employability Skills,Employability Skills,Employability Skills
education_plan_descriptors,ed-fi,uri://ed-fi.org/EducationPlanDescriptor,Full Time Employment,Full Time Employment,Full Time Employment
education_plan_descriptors,ed-fi,uri://ed-fi.org/EducationPlanDescriptor,High School Education Plan,High School Education Plan,High School Education Plan
education_plan_descriptors,ed-fi,uri://ed-fi.org/EducationPlanDescriptor,IDEA IEP,IDEA IEP,IDEA IEP
education_plan_descriptors,ed-fi,uri://ed-fi.org/EducationPlanDescriptor,Other,Other,Other
education_plan_descriptors,ed-fi,uri://ed-fi.org/EducationPlanDescriptor,Outside Service Access,Outside Service Access,Outside Service Access
education_plan_descriptors,ed-fi,uri://ed-fi.org/EducationPlanDescriptor,Personal Graduation Plan,Personal Graduation Plan,Personal Graduation Plan
education_plan_descriptors,ed-fi,uri://ed-fi.org/EducationPlanDescriptor,Student Success Plan,Student Success Plan,Student Success Plan
educational_environment_descriptors,ed-fi,uri://ed-fi.org/EducationalEnvironmentDescriptor,Classroom,Classroom,Classroom
educational_environment_descriptors,ed-fi,uri://ed-fi.org/EducationalEnvironmentDescriptor,Homebound,Homebound,Homebound
educational_environment_descriptors,ed-fi,uri://ed-fi.org/EducationalEnvironmentDescriptor,Hospital class,Hospital class,Hospital class
educational_environment_descriptors,ed-fi,uri://ed-fi.org/EducationalEnvironmentDescriptor,In-school suspension,In-school suspension,In-school suspension
educational_environment_descriptors,ed-fi,uri://ed-fi.org/EducationalEnvironmentDescriptor,Laboratory,Laboratory,Laboratory
educational_environment_descriptors,ed-fi,uri://ed-fi.org/EducationalEnvironmentDescriptor,Mainstream (Special Education),Mainstream (Special Education),Mainstream (Special Education)
educational_environment_descriptors,ed-fi,uri://ed-fi.org/EducationalEnvironmentDescriptor,Off-school center,Off-school center,Off-school center
educational_environment_descriptors,ed-fi,uri://ed-fi.org/EducationalEnvironmentDescriptor,Pull-out class,Pull-out class,Pull-out class
educational_environment_descriptors,ed-fi,uri://ed-fi.org/EducationalEnvironmentDescriptor,Resource room,Resource room,Resource room
educational_environment_descriptors,ed-fi,uri://ed-fi.org/EducationalEnvironmentDescriptor,Self-contained (Special Education),Self-contained (Special Education),Self-contained (Special Education)
educational_environment_descriptors,ed-fi,uri://ed-fi.org/EducationalEnvironmentDescriptor,Self-study,Self-study,Self-study
educational_environment_descriptors,ed-fi,uri://ed-fi.org/EducationalEnvironmentDescriptor,Shop,Shop,Shop
educational_environment_descriptors,ed-fi,uri://ed-fi.org/EducationalEnvironmentDescriptor,Single sex classroom,Single sex classroom,Single sex classroom
electronic_mail_type_descriptors,ed-fi,uri://ed-fi.org/ElectronicMailTypeDescriptor,Home/Personal,Home/Personal,Home/Personal
electronic_mail_type_descriptors,ed-fi,uri://ed-fi.org/ElectronicMailTypeDescriptor,Organization,Organization,Organization
electronic_mail_type_descriptors,ed-fi,uri://ed-fi.org/ElectronicMailTypeDescriptor,Other,Other,Other
electronic_mail_type_descriptors,ed-fi,uri://ed-fi.org/ElectronicMailTypeDescriptor,Work,Work,Work
employment_status_descriptors,ed-fi,uri://ed-fi.org/EmploymentStatusDescriptor,Contractual,Contractual,Contractual
employment_status_descriptors,ed-fi,uri://ed-fi.org/EmploymentStatusDescriptor,Employed or affiliated with outside agency part-ti,Employed or affiliated with outside agency part-time,Employed or affiliated with outside agency part-time
employment_status_descriptors,ed-fi,uri://ed-fi.org/EmploymentStatusDescriptor,Employed or affiliated with outside organization,Employed or affiliated with outside organization,Employed or affiliated with outside organization
employment_status_descriptors,ed-fi,uri://ed-fi.org/EmploymentStatusDescriptor,Employed part-time,Employed part-time,Employed part-time
employment_status_descriptors,ed-fi,uri://ed-fi.org/EmploymentStatusDescriptor,Non-contractual,Non-contractual,Non-contractual
employment_status_descriptors,ed-fi,uri://ed-fi.org/EmploymentStatusDescriptor,Other,Other,Other
employment_status_descriptors,ed-fi,uri://ed-fi.org/EmploymentStatusDescriptor,Probationary,Probationary,Probationary
employment_status_descriptors,ed-fi,uri://ed-fi.org/EmploymentStatusDescriptor,Substitute/temporary,Substitute/temporary,Substitute/temporary
employment_status_descriptors,ed-fi,uri://ed-fi.org/EmploymentStatusDescriptor,Tenured or permanent,Tenured or permanent,Tenured or permanent
employment_status_descriptors,ed-fi,uri://ed-fi.org/EmploymentStatusDescriptor,Volunteer/no contract,Volunteer/no contract,Volunteer/no contract
entry_grade_level_reason_descriptors,ed-fi,uri://ed-fi.org/EntryGradeLevelReasonDescriptor,Nonpromotion - Failed to meet testing requirements,Nonpromotion - Failed to meet testing requirements,Nonpromotion - Failed to meet testing requirements
entry_grade_level_reason_descriptors,ed-fi,uri://ed-fi.org/EntryGradeLevelReasonDescriptor,Nonpromotion - Illness,Nonpromotion - Illness,Nonpromotion - Illness
entry_grade_level_reason_descriptors,ed-fi,uri://ed-fi.org/EntryGradeLevelReasonDescriptor,Nonpromotion - Immaturity,Nonpromotion - Immaturity,Nonpromotion - Immaturity
entry_grade_level_reason_descriptors,ed-fi,uri://ed-fi.org/EntryGradeLevelReasonDescriptor,Nonpromotion - Inadequate performance,Nonpromotion - Inadequate performance,Nonpromotion - Inadequate performance
entry_grade_level_reason_descriptors,ed-fi,uri://ed-fi.org/EntryGradeLevelReasonDescriptor,Nonpromotion - Insufficient credits,Nonpromotion - Insufficient credits,Nonpromotion - Insufficient credits
entry_grade_level_reason_descriptors,ed-fi,uri://ed-fi.org/EntryGradeLevelReasonDescriptor,Nonpromotion - Other,Nonpromotion - Other,Nonpromotion - Other
entry_grade_level_reason_descriptors,ed-fi,uri://ed-fi.org/EntryGradeLevelReasonDescriptor,Nonpromotion - Prolonged absence,Nonpromotion - Prolonged absence,Nonpromotion - Prolonged absence
entry_grade_level_reason_descriptors,ed-fi,uri://ed-fi.org/EntryGradeLevelReasonDescriptor,Promotion - Accelerated promotion,Promotion - Accelerated promotion,Promotion - Accelerated promotion
entry_grade_level_reason_descriptors,ed-fi,uri://ed-fi.org/EntryGradeLevelReasonDescriptor,Promotion - Continuous promotion,Promotion - Continuous promotion,Promotion - Continuous promotion
entry_grade_level_reason_descriptors,ed-fi,uri://ed-fi.org/EntryGradeLevelReasonDescriptor,Promotion - Other,Promotion - Other,Promotion - Other
entry_grade_level_reason_descriptors,ed-fi,uri://ed-fi.org/EntryGradeLevelReasonDescriptor,Promotion - Probationary promotion,Promotion - Probationary promotion,Promotion - Probationary promotion
entry_grade_level_reason_descriptors,ed-fi,uri://ed-fi.org/EntryGradeLevelReasonDescriptor,Promotion - Regular promotion,Promotion - Regular promotion,Promotion - Regular promotion
entry_grade_level_reason_descriptors,ed-fi,uri://ed-fi.org/EntryGradeLevelReasonDescriptor,Promotion - Variable progress,Promotion - Variable progress,Promotion - Variable progress
entry_type_descriptors,ed-fi,uri://ed-fi.org/EntryTypeDescriptor,New to education system,New to education system,New to education system
entry_type_descriptors,ed-fi,uri://ed-fi.org/EntryTypeDescriptor,Next year school,Next year school,Next year school
entry_type_descriptors,ed-fi,uri://ed-fi.org/EntryTypeDescriptor,Other,Other,Other
entry_type_descriptors,ed-fi,uri://ed-fi.org/EntryTypeDescriptor,Re-entry,Re-entry,Re-entry
entry_type_descriptors,ed-fi,uri://ed-fi.org/EntryTypeDescriptor,Transfer,Transfer,Transfer
event_circumstance_descriptors,ed-fi,uri://ed-fi.org/EventCircumstanceDescriptor,Administration or system failure,Administration or system failure,Administration or system failure
event_circumstance_descriptors,ed-fi,uri://ed-fi.org/EventCircumstanceDescriptor,Catastrophic illness or accident,Catastrophic illness or accident,Catastrophic illness or accident
event_circumstance_descriptors,ed-fi,uri://ed-fi.org/EventCircumstanceDescriptor,Cheating,Cheating,Cheating
event_circumstance_descriptors,ed-fi,uri://ed-fi.org/EventCircumstanceDescriptor,Chronic absences,Chronic absences,Chronic absences
event_circumstance_descriptors,ed-fi,uri://ed-fi.org/EventCircumstanceDescriptor,Cross-enrolled,Cross-enrolled,Cross-enrolled
event_circumstance_descriptors,ed-fi,uri://ed-fi.org/EventCircumstanceDescriptor,Earlier truancy,Earlier truancy,Earlier truancy
event_circumstance_descriptors,ed-fi,uri://ed-fi.org/EventCircumstanceDescriptor,Fire alarm,Fire alarm,Fire alarm
event_circumstance_descriptors,ed-fi,uri://ed-fi.org/EventCircumstanceDescriptor,Foreign exchange student,Foreign exchange student,Foreign exchange student
event_circumstance_descriptors,ed-fi,uri://ed-fi.org/EventCircumstanceDescriptor,Home schooled for assessed subjects,Home schooled for assessed subjects,Home schooled for assessed subjects
event_circumstance_descriptors,ed-fi,uri://ed-fi.org/EventCircumstanceDescriptor,Homebound,Homebound,Homebound
event_circumstance_descriptors,ed-fi,uri://ed-fi.org/EventCircumstanceDescriptor,Incarcerated at adult facility,Incarcerated at adult facility,Incarcerated at adult facility
event_circumstance_descriptors,ed-fi,uri://ed-fi.org/EventCircumstanceDescriptor,Left testing,Left testing,Left testing
event_circumstance_descriptors,ed-fi,uri://ed-fi.org/EventCircumstanceDescriptor,Long-term suspension - non-special education,Long-term suspension - non-special education,Long-term suspension - non-special education
event_circumstance_descriptors,ed-fi,uri://ed-fi.org/EventCircumstanceDescriptor,Non-special ed student used calculator,Non-special education student used calculator on non-calculator items,Non-special education student used calculator on non-calculator items
event_circumstance_descriptors,ed-fi,uri://ed-fi.org/EventCircumstanceDescriptor,Only for writing,Only for writing,Only for writing
event_circumstance_descriptors,ed-fi,uri://ed-fi.org/EventCircumstanceDescriptor,Other,Other,Other
event_circumstance_descriptors,ed-fi,uri://ed-fi.org/EventCircumstanceDescriptor,Other reason for ineligibility,Other reason for ineligibility,Other reason for ineligibility
event_circumstance_descriptors,ed-fi,uri://ed-fi.org/EventCircumstanceDescriptor,Other reason for nonparticipation,Other reason for nonparticipation,Other reason for nonparticipation
event_circumstance_descriptors,ed-fi,uri://ed-fi.org/EventCircumstanceDescriptor,Parent refusal,Parent refusal,Parent refusal
event_circumstance_descriptors,ed-fi,uri://ed-fi.org/EventCircumstanceDescriptor,Psychological factors of emotional trauma,Psychological factors of emotional trauma,Psychological factors of emotional trauma
event_circumstance_descriptors,ed-fi,uri://ed-fi.org/EventCircumstanceDescriptor,Reading passage read to student (IEP),Reading passage read to student (IEP),Reading passage read to student (IEP)
event_circumstance_descriptors,ed-fi,uri://ed-fi.org/EventCircumstanceDescriptor,Short-term suspension - non-special education,Short-term suspension - non-special education,Short-term suspension - non-special education
event_circumstance_descriptors,ed-fi,uri://ed-fi.org/EventCircumstanceDescriptor,Special detention center,Special detention center,Special detention center
event_circumstance_descriptors,ed-fi,uri://ed-fi.org/EventCircumstanceDescriptor,Special treatment center,Special treatment center,Special treatment center
event_circumstance_descriptors,ed-fi,uri://ed-fi.org/EventCircumstanceDescriptor,Student not showing adequate effort,Student not showing adequate effort,Student not showing adequate effort
event_circumstance_descriptors,ed-fi,uri://ed-fi.org/EventCircumstanceDescriptor,Student refusal,Student refusal,Student refusal
event_circumstance_descriptors,ed-fi,uri://ed-fi.org/EventCircumstanceDescriptor,Student took this grade level assessment last year,Student took this grade level assessment last year,Student took this grade level assessment last year
event_circumstance_descriptors,ed-fi,uri://ed-fi.org/EventCircumstanceDescriptor,Student used math journal (non-IEP),Student used math journal (non-IEP),Student used math journal (non-IEP)
event_circumstance_descriptors,ed-fi,uri://ed-fi.org/EventCircumstanceDescriptor,Suspension - special education,Suspension - special education,Suspension - special education
event_circumstance_descriptors,ed-fi,uri://ed-fi.org/EventCircumstanceDescriptor,Teacher cheating or mis-admin,Teacher cheating or mis-admin,Teacher cheating or mis-admin
event_circumstance_descriptors,ed-fi,uri://ed-fi.org/EventCircumstanceDescriptor,Truancy - no paperwork filed,Truancy - no paperwork filed,Truancy - no paperwork filed
event_circumstance_descriptors,ed-fi,uri://ed-fi.org/EventCircumstanceDescriptor,Truancy - paperwork filed,Truancy - paperwork filed,Truancy - paperwork filed
exit_withdraw_type_descriptors,ed-fi,uri://ed-fi.org/ExitWithdrawTypeDescriptor,Completed,Completed,Completed
exit_withdraw_type_descriptors,ed-fi,uri://ed-fi.org/ExitWithdrawTypeDescriptor,Died or is permanently incapacitated,Died or is permanently incapacitated,Died or is permanently incapacitated
exit_withdraw_type_descriptors,ed-fi,uri://ed-fi.org/ExitWithdrawTypeDescriptor,Dropout,Dropout,Dropout
exit_withdraw_type_descriptors,ed-fi,uri://ed-fi.org/ExitWithdrawTypeDescriptor,End of school year,End of school year,End of school year
exit_withdraw_type_descriptors,ed-fi,uri://ed-fi.org/ExitWithdrawTypeDescriptor,Enrolled in a high school diploma program,Enrolled in a high school diploma program,Enrolled in a high school diploma program
exit_withdraw_type_descriptors,ed-fi,uri://ed-fi.org/ExitWithdrawTypeDescriptor,Expelled,Expelled,Expelled
exit_withdraw_type_descriptors,ed-fi,uri://ed-fi.org/ExitWithdrawTypeDescriptor,Graduated,Graduated,Graduated
exit_withdraw_type_descriptors,ed-fi,uri://ed-fi.org/ExitWithdrawTypeDescriptor,Incarcerated,Incarcerated,Incarcerated
exit_withdraw_type_descriptors,ed-fi,uri://ed-fi.org/ExitWithdrawTypeDescriptor,Invalid enrollment,Invalid enrollment,Invalid enrollment
exit_withdraw_type_descriptors,ed-fi,uri://ed-fi.org/ExitWithdrawTypeDescriptor,Involuntarily Removed,Involuntarily Removed,Involuntarily Removed
exit_withdraw_type_descriptors,ed-fi,uri://ed-fi.org/ExitWithdrawTypeDescriptor,No show,No show,No show
exit_withdraw_type_descriptors,ed-fi,uri://ed-fi.org/ExitWithdrawTypeDescriptor,Other,Other,Other
exit_withdraw_type_descriptors,ed-fi,uri://ed-fi.org/ExitWithdrawTypeDescriptor,Reached maximum age,Reached maximum age,Reached maximum age
exit_withdraw_type_descriptors,ed-fi,uri://ed-fi.org/ExitWithdrawTypeDescriptor,Transferred,Transferred,Transferred
exit_withdraw_type_descriptors,ed-fi,uri://ed-fi.org/ExitWithdrawTypeDescriptor,Withdrawn,Withdrawn,Withdrawn
grade_level_descriptors,ed-fi,uri://ed-fi.org/GradeLevelDescriptor,Adult Education,Adult Education,Adult Education
grade_level_descriptors,ed-fi,uri://ed-fi.org/GradeLevelDescriptor,Early Education,Early Education,Early Education
grade_level_descriptors,ed-fi,uri://ed-fi.org/GradeLevelDescriptor,Eighth grade,Eighth grade,Eighth grade
grade_level_descriptors,ed-fi,uri://ed-fi.org/GradeLevelDescriptor,Eleventh grade,Eleventh grade,Eleventh grade
grade_level_descriptors,ed-fi,uri://ed-fi.org/GradeLevelDescriptor,Fifth grade,Fifth grade,Fifth grade
grade_level_descriptors,ed-fi,uri://ed-fi.org/GradeLevelDescriptor,First grade,First grade,First grade
grade_level_descriptors,ed-fi,uri://ed-fi.org/GradeLevelDescriptor,Fourth grade,Fourth grade,Fourth grade
grade_level_descriptors,ed-fi,uri://ed-fi.org/GradeLevelDescriptor,Grade 13,Grade 13,Grade 13
grade_level_descriptors,ed-fi,uri://ed-fi.org/GradeLevelDescriptor,Infant/toddler,Infant/toddler,Infant/toddler
grade_level_descriptors,ed-fi,uri://ed-fi.org/GradeLevelDescriptor,Kindergarten,Kindergarten,Kindergarten
grade_level_descriptors,ed-fi,uri://ed-fi.org/GradeLevelDescriptor,Ninth grade,Ninth grade,Ninth grade
grade_level_descriptors,ed-fi,uri://ed-fi.org/GradeLevelDescriptor,No grade level,No grade level,No grade level
grade_level_descriptors,ed-fi,uri://ed-fi.org/GradeLevelDescriptor,Other,Other,Other
grade_level_descriptors,ed-fi,uri://ed-fi.org/GradeLevelDescriptor,Postsecondary,Postsecondary,Postsecondary
grade_level_descriptors,ed-fi,uri://ed-fi.org/GradeLevelDescriptor,Preschool/Prekindergarten,Preschool/Prekindergarten,Preschool/Prekindergarten
grade_level_descriptors,ed-fi,uri://ed-fi.org/GradeLevelDescriptor,Second grade,Second grade,Second grade
grade_level_descriptors,ed-fi,uri://ed-fi.org/GradeLevelDescriptor,Seventh grade,Seventh grade,Seventh grade
grade_level_descriptors,ed-fi,uri://ed-fi.org/GradeLevelDescriptor,Sixth grade,Sixth grade,Sixth grade
grade_level_descriptors,ed-fi,uri://ed-fi.org/GradeLevelDescriptor,Tenth grade,Tenth grade,Tenth grade
grade_level_descriptors,ed-fi,uri://ed-fi.org/GradeLevelDescriptor,Third grade,Third grade,Third grade
grade_level_descriptors,ed-fi,uri://ed-fi.org/GradeLevelDescriptor,Twelfth grade,Twelfth grade,Twelfth grade
grade_level_descriptors,ed-fi,uri://ed-fi.org/GradeLevelDescriptor,Ungraded,Ungraded,Ungraded
grade_point_average_type_descriptors,ed-fi,uri://ed-fi.org/GradePointAverageTypeDescriptor,Unweighted,Unweighted,Unweighted
grade_point_average_type_descriptors,ed-fi,uri://ed-fi.org/GradePointAverageTypeDescriptor,Weighted,Weighted,Weighted
grade_type_descriptors,ed-fi,uri://ed-fi.org/GradeTypeDescriptor,Conduct,Conduct,Conduct
grade_type_descriptors,ed-fi,uri://ed-fi.org/GradeTypeDescriptor,Exam,Exam,Exam
grade_type_descriptors,ed-fi,uri://ed-fi.org/GradeTypeDescriptor,Final,Final,Final
grade_type_descriptors,ed-fi,uri://ed-fi.org/GradeTypeDescriptor,Grading Period,Grading Period,Grading Period
grade_type_descriptors,ed-fi,uri://ed-fi.org/GradeTypeDescriptor,Mid-Term Grade,Mid-Term Grade,Mid-Term Grade
grade_type_descriptors,ed-fi,uri://ed-fi.org/GradeTypeDescriptor,Progress Report,Progress Report,Progress Report
grade_type_descriptors,ed-fi,uri://ed-fi.org/GradeTypeDescriptor,Semester,Semester,Semester
gradebook_entry_type_descriptors,ed-fi,uri://ed-fi.org/GradebookEntryTypeDescriptor,Activity,Activity,Activity
gradebook_entry_type_descriptors,ed-fi,uri://ed-fi.org/GradebookEntryTypeDescriptor,Assignment,Assignment,Assignment
gradebook_entry_type_descriptors,ed-fi,uri://ed-fi.org/GradebookEntryTypeDescriptor,Classroom Assessment,Classroom Assessment,Classroom Assessment
gradebook_entry_type_descriptors,ed-fi,uri://ed-fi.org/GradebookEntryTypeDescriptor,Homework,Homework,Homework
gradebook_entry_type_descriptors,ed-fi,uri://ed-fi.org/GradebookEntryTypeDescriptor,Lesson,Lesson,Lesson
gradebook_entry_type_descriptors,ed-fi,uri://ed-fi.org/GradebookEntryTypeDescriptor,Oral Presentation,Oral Presentation,Oral Presentation
gradebook_entry_type_descriptors,ed-fi,uri://ed-fi.org/GradebookEntryTypeDescriptor,Quiz,Quiz,Quiz
gradebook_entry_type_descriptors,ed-fi,uri://ed-fi.org/GradebookEntryTypeDescriptor,Unit Test,Unit Test,Unit Test
grading_period_descriptors,ed-fi,uri://ed-fi.org/GradingPeriodDescriptor,End of Year,End of Year,End of Year
grading_period_descriptors,ed-fi,uri://ed-fi.org/GradingPeriodDescriptor,Fifth Six Weeks,Fifth Six Weeks,Fifth Six Weeks
grading_period_descriptors,ed-fi,uri://ed-fi.org/GradingPeriodDescriptor,First Nine Weeks,First Nine Weeks,First Nine Weeks
grading_period_descriptors,ed-fi,uri://ed-fi.org/GradingPeriodDescriptor,First Semester,First Semester,First Semester
grading_period_descriptors,ed-fi,uri://ed-fi.org/GradingPeriodDescriptor,First Six Weeks,First Six Weeks,First Six Weeks
grading_period_descriptors,ed-fi,uri://ed-fi.org/GradingPeriodDescriptor,First Summer Session,First Summer Session,First Summer Session
grading_period_descriptors,ed-fi,uri://ed-fi.org/GradingPeriodDescriptor,First Trimester,First Trimester,First Trimester
grading_period_descriptors,ed-fi,uri://ed-fi.org/GradingPeriodDescriptor,Fourth Nine Weeks,Fourth Nine Weeks,Fourth Nine Weeks
grading_period_descriptors,ed-fi,uri://ed-fi.org/GradingPeriodDescriptor,Fourth Six Weeks,Fourth Six Weeks,Fourth Six Weeks
grading_period_descriptors,ed-fi,uri://ed-fi.org/GradingPeriodDescriptor,Second Nine Weeks,Second Nine Weeks,Second Nine Weeks
grading_period_descriptors,ed-fi,uri://ed-fi.org/GradingPeriodDescriptor,Second Semester,Second Semester,Second Semester
grading_period_descriptors,ed-fi,uri://ed-fi.org/GradingPeriodDescriptor,Second Six Weeks,Second Six Weeks,Second Six Weeks
grading_period_descriptors,ed-fi,uri://ed-fi.org/GradingPeriodDescriptor,Second Summer Session,Second Summer Session,Second Summer Session
grading_period_descriptors,ed-fi,uri://ed-fi.org/GradingPeriodDescriptor,Second Trimester,Second Trimester,Second Trimester
grading_period_descriptors,ed-fi,uri://ed-fi.org/GradingPeriodDescriptor,Sixth Six Weeks,Sixth Six Weeks,Sixth Six Weeks
grading_period_descriptors,ed-fi,uri://ed-fi.org/GradingPeriodDescriptor,Summer Semester,Summer Semester,Summer Semester
grading_period_descriptors,ed-fi,uri://ed-fi.org/GradingPeriodDescriptor,Third Nine Weeks,Third Nine Weeks,Third Nine Weeks
grading_period_descriptors,ed-fi,uri://ed-fi.org/GradingPeriodDescriptor,Third Six Weeks,Third Six Weeks,Third Six Weeks
grading_period_descriptors,ed-fi,uri://ed-fi.org/GradingPeriodDescriptor,Third Summer Session,Third Summer Session,Third Summer Session
grading_period_descriptors,ed-fi,uri://ed-fi.org/GradingPeriodDescriptor,Third Trimester,Third Trimester,Third Trimester
graduation_plan_type_descriptors,ed-fi,uri://ed-fi.org/GraduationPlanTypeDescriptor,Career and Technical Education,Career and Technical Education,Career and Technical Education
graduation_plan_type_descriptors,ed-fi,uri://ed-fi.org/GraduationPlanTypeDescriptor,Distinguished,Distinguished,Distinguished
graduation_plan_type_descriptors,ed-fi,uri://ed-fi.org/GraduationPlanTypeDescriptor,Minimum,Minimum,Minimum
graduation_plan_type_descriptors,ed-fi,uri://ed-fi.org/GraduationPlanTypeDescriptor,Recommended,Recommended,Recommended
graduation_plan_type_descriptors,ed-fi,uri://ed-fi.org/GraduationPlanTypeDescriptor,Standard,Standard,Standard
gun_free_schools_act_reporting_status_descriptors,ed-fi,uri://ed-fi.org/GunFreeSchoolsActReportingStatusDescriptor,No,No,No
gun_free_schools_act_reporting_status_descriptors,ed-fi,uri://ed-fi.org/GunFreeSchoolsActReportingStatusDescriptor,Not applicable,Not applicable,Not applicable
gun_free_schools_act_reporting_status_descriptors,ed-fi,uri://ed-fi.org/GunFreeSchoolsActReportingStatusDescriptor,"Yes, with no reported offenses","Yes, with no reported offenses","Yes, with no reported offenses"
gun_free_schools_act_reporting_status_descriptors,ed-fi,uri://ed-fi.org/GunFreeSchoolsActReportingStatusDescriptor,"Yes, with one or more student offenses","Yes, with reporting of one or more students for an offense","Yes, with reporting of one or more students for an offense"
homeless_primary_nighttime_residence_descriptors,ed-fi,uri://ed-fi.org/HomelessPrimaryNighttimeResidenceDescriptor,Doubled-up,Doubled-up,Doubled-up
homeless_primary_nighttime_residence_descriptors,ed-fi,uri://ed-fi.org/HomelessPrimaryNighttimeResidenceDescriptor,Hotels/motels,Hotels/motels,Hotels/motels
homeless_primary_nighttime_residence_descriptors,ed-fi,uri://ed-fi.org/HomelessPrimaryNighttimeResidenceDescriptor,Shelters,Shelters,Shelters
homeless_primary_nighttime_residence_descriptors,ed-fi,uri://ed-fi.org/HomelessPrimaryNighttimeResidenceDescriptor,Unsheltered,Unsheltered,Unsheltered
homeless_program_service_descriptors,ed-fi,uri://ed-fi.org/HomelessProgramServiceDescriptor,Early Childhood Education Programs,Early Childhood Education Programs,Early Childhood Education Programs
homeless_program_service_descriptors,ed-fi,uri://ed-fi.org/HomelessProgramServiceDescriptor,Emergency Assistance,Emergency Assistance,Emergency Assistance
homeless_program_service_descriptors,ed-fi,uri://ed-fi.org/HomelessProgramServiceDescriptor,Expedited Evaluations,Expedited Evaluations,Expedited Evaluations
homeless_program_service_descriptors,ed-fi,uri://ed-fi.org/HomelessProgramServiceDescriptor,External Instructional Services,External Instructional Services,External Instructional Services
homeless_program_service_descriptors,ed-fi,uri://ed-fi.org/HomelessProgramServiceDescriptor,Instructional Services,Instructional Services,Instructional Services
homeless_program_service_descriptors,ed-fi,uri://ed-fi.org/HomelessProgramServiceDescriptor,Medical Referrals,Medical Referrals,Medical Referrals
homeless_program_service_descriptors,ed-fi,uri://ed-fi.org/HomelessProgramServiceDescriptor,Specialized Instructional Support Services,Specialized Instructional Support Services,Specialized Instructional Support Services
homeless_program_service_descriptors,ed-fi,uri://ed-fi.org/HomelessProgramServiceDescriptor,Transportation Services,Transportation Services,Transportation Services
identification_document_use_descriptors,ed-fi,uri://ed-fi.org/IdentificationDocumentUseDescriptor,Foreign Citizenship Identification,Foreign Citizenship Identification,Foreign Citizenship Identification
identification_document_use_descriptors,ed-fi,uri://ed-fi.org/IdentificationDocumentUseDescriptor,Personal Information Verification,Personal Information Verification,Personal Information Verification
identification_document_use_descriptors,ed-fi,uri://ed-fi.org/IdentificationDocumentUseDescriptor,US Citizenship Identification,US Citizenship Identification,US Citizenship Identification
incident_location_descriptors,ed-fi,uri://ed-fi.org/IncidentLocationDescriptor,Administrative offices area,Administrative offices area,Administrative offices area
incident_location_descriptors,ed-fi,uri://ed-fi.org/IncidentLocationDescriptor,Athletic field or playground,Athletic field or playground,Athletic field or playground
incident_location_descriptors,ed-fi,uri://ed-fi.org/IncidentLocationDescriptor,Auditorium,Auditorium,Auditorium
incident_location_descriptors,ed-fi,uri://ed-fi.org/IncidentLocationDescriptor,Bus stop,Bus stop,Bus stop
incident_location_descriptors,ed-fi,uri://ed-fi.org/IncidentLocationDescriptor,Cafeteria area,Cafeteria area,Cafeteria area
incident_location_descriptors,ed-fi,uri://ed-fi.org/IncidentLocationDescriptor,Classroom,Classroom,Classroom
incident_location_descriptors,ed-fi,uri://ed-fi.org/IncidentLocationDescriptor,Computer lab,Computer lab,Computer lab
incident_location_descriptors,ed-fi,uri://ed-fi.org/IncidentLocationDescriptor,Hallway or stairs,Hallway or stairs,Hallway or stairs
incident_location_descriptors,ed-fi,uri://ed-fi.org/IncidentLocationDescriptor,Library/media center,Library/media center,Library/media center
incident_location_descriptors,ed-fi,uri://ed-fi.org/IncidentLocationDescriptor,Locker room or gym areas,Locker room or gym areas,Locker room or gym areas
incident_location_descriptors,ed-fi,uri://ed-fi.org/IncidentLocationDescriptor,Off campus,Off campus,Off campus
incident_location_descriptors,ed-fi,uri://ed-fi.org/IncidentLocationDescriptor,Off-campus at a school sponsored activity,Off-campus at a school sponsored activity,Off-campus at a school sponsored activity
incident_location_descriptors,ed-fi,uri://ed-fi.org/IncidentLocationDescriptor,Off-campus at another location unrelated to school,Off-campus at another location unrelated to school,Off-campus at another location unrelated to school
incident_location_descriptors,ed-fi,uri://ed-fi.org/IncidentLocationDescriptor,Off-campus at other school,Off-campus at other school,Off-campus at other school
incident_location_descriptors,ed-fi,uri://ed-fi.org/IncidentLocationDescriptor,Off-campus at other school district facility,Off-campus at other school district facility,Off-campus at other school district facility
incident_location_descriptors,ed-fi,uri://ed-fi.org/IncidentLocationDescriptor,On campus,On campus,On campus
incident_location_descriptors,ed-fi,uri://ed-fi.org/IncidentLocationDescriptor,On-campus other inside area,On-campus other inside area,On-campus other inside area
incident_location_descriptors,ed-fi,uri://ed-fi.org/IncidentLocationDescriptor,On-campus other outside area,On-campus other outside area,On-campus other outside area
incident_location_descriptors,ed-fi,uri://ed-fi.org/IncidentLocationDescriptor,Online,Online,Online
incident_location_descriptors,ed-fi,uri://ed-fi.org/IncidentLocationDescriptor,Parking lot,Parking lot,Parking lot
incident_location_descriptors,ed-fi,uri://ed-fi.org/IncidentLocationDescriptor,Restroom,Restroom,Restroom
incident_location_descriptors,ed-fi,uri://ed-fi.org/IncidentLocationDescriptor,School bus,School bus,School bus
incident_location_descriptors,ed-fi,uri://ed-fi.org/IncidentLocationDescriptor,Stadium,Stadium,Stadium
incident_location_descriptors,ed-fi,uri://ed-fi.org/IncidentLocationDescriptor,Unknown,Unknown,Unknown
incident_location_descriptors,ed-fi,uri://ed-fi.org/IncidentLocationDescriptor,Walking to or from school,Walking to or from school,Walking to or from school
institution_telephone_number_type_descriptors,ed-fi,uri://ed-fi.org/InstitutionTelephoneNumberTypeDescriptor,Administrative,Administrative,Administrative
institution_telephone_number_type_descriptors,ed-fi,uri://ed-fi.org/InstitutionTelephoneNumberTypeDescriptor,Attendance,Attendance,Attendance
institution_telephone_number_type_descriptors,ed-fi,uri://ed-fi.org/InstitutionTelephoneNumberTypeDescriptor,Fax,Fax,Fax
institution_telephone_number_type_descriptors,ed-fi,uri://ed-fi.org/InstitutionTelephoneNumberTypeDescriptor,Food Service,Food Service,Food Service
institution_telephone_number_type_descriptors,ed-fi,uri://ed-fi.org/InstitutionTelephoneNumberTypeDescriptor,Health Clinic,Health Clinic,Health Clinic
institution_telephone_number_type_descriptors,ed-fi,uri://ed-fi.org/InstitutionTelephoneNumberTypeDescriptor,Main,Main,Main
institution_telephone_number_type_descriptors,ed-fi,uri://ed-fi.org/InstitutionTelephoneNumberTypeDescriptor,Other,Other,Other
interactivity_style_descriptors,ed-fi,uri://ed-fi.org/InteractivityStyleDescriptor,Active,Active,Active
interactivity_style_descriptors,ed-fi,uri://ed-fi.org/InteractivityStyleDescriptor,Expositive,Expositive,Expositive
interactivity_style_descriptors,ed-fi,uri://ed-fi.org/InteractivityStyleDescriptor,Mixed,Mixed,Mixed
interactivity_style_descriptors,ed-fi,uri://ed-fi.org/InteractivityStyleDescriptor,Other,Other,Other
internet_access_descriptors,ed-fi,uri://ed-fi.org/InternetAccessDescriptor,High Speed,High Speed,High Speed
internet_access_descriptors,ed-fi,uri://ed-fi.org/InternetAccessDescriptor,Less Than High Speed,Less Than High Speed,Less Than High Speed
internet_access_descriptors,ed-fi,uri://ed-fi.org/InternetAccessDescriptor,None,None,None
internet_access_type_in_residence_descriptors,ed-fi,uri://ed-fi.org/InternetAccessTypeInResidenceDescriptor,Cellular Network,Cellular Network,The type of internet service used in the studentâ€™s primary place of residence is a cellular network that creates a hot spot using a cell phone for additional device access or access to the internet is only available through a cellular device.
internet_access_type_in_residence_descriptors,ed-fi,uri://ed-fi.org/InternetAccessTypeInResidenceDescriptor,Community Provided Wi-Fi,Community Provided Wi-Fi,The type of internet service used in the studentâ€™s primary place of residence is community provided Wi-Fi.
internet_access_type_in_residence_descriptors,ed-fi,uri://ed-fi.org/InternetAccessTypeInResidenceDescriptor,Dial-up,Dial-up,The type of internet service used in the studentâ€™s primary place of residence is dial-up.
internet_access_type_in_residence_descriptors,ed-fi,uri://ed-fi.org/InternetAccessTypeInResidenceDescriptor,Hot Spot,Hot Spot,The type of internet service used in the studentâ€™s primary place of residence is a standalone hot spot device that is not a cell phone that allows for additional device access.
internet_access_type_in_residence_descriptors,ed-fi,uri://ed-fi.org/InternetAccessTypeInResidenceDescriptor,None,None,There is no internet service in the studentâ€™s primary place of residence.
internet_access_type_in_residence_descriptors,ed-fi,uri://ed-fi.org/InternetAccessTypeInResidenceDescriptor,Other,Other,The type of internet service used in the studentâ€™s primary place of residence is not yet defined.
internet_access_type_in_residence_descriptors,ed-fi,uri://ed-fi.org/InternetAccessTypeInResidenceDescriptor,Residential Broadband,Residential Broadband,The type of internet service used in the studentâ€™s primary place of residence is residential broadband.
internet_access_type_in_residence_descriptors,ed-fi,uri://ed-fi.org/InternetAccessTypeInResidenceDescriptor,Satellite,Satellite,The type of internet service used in the studentâ€™s primary place of residence is satellite.
internet_access_type_in_residence_descriptors,ed-fi,uri://ed-fi.org/InternetAccessTypeInResidenceDescriptor,Unknown,Unknown,It is not known whether there is internet service in the studentâ€™s primary place of residence.
internet_performance_in_residence_descriptors,ed-fi,uri://ed-fi.org/InternetPerformanceInResidenceDescriptor,No,No,The student is unable to complete learning activities due to poor internet performance in their primary place of residence.
internet_performance_in_residence_descriptors,ed-fi,uri://ed-fi.org/InternetPerformanceInResidenceDescriptor,Sometimes,Sometimes,The student regularly experiences interruptions in learning activities caused by poor internet performance in their primary place of residence.
internet_performance_in_residence_descriptors,ed-fi,uri://ed-fi.org/InternetPerformanceInResidenceDescriptor,Yes,Yes,The student experiences very few or no interruptions in learning activities caused by poor internet performance in their primary place of residence.
intervention_class_descriptors,ed-fi,uri://ed-fi.org/InterventionClassDescriptor,Curriculum,Curriculum,Curriculum
intervention_class_descriptors,ed-fi,uri://ed-fi.org/InterventionClassDescriptor,Other,Other,Other
intervention_class_descriptors,ed-fi,uri://ed-fi.org/InterventionClassDescriptor,Practice,Practice,Practice
intervention_class_descriptors,ed-fi,uri://ed-fi.org/InterventionClassDescriptor,Supplement,Supplement,Supplement
intervention_effectiveness_rating_descriptors,ed-fi,uri://ed-fi.org/InterventionEffectivenessRatingDescriptor,Mixed Effects,Mixed Effects,Mixed Effects
intervention_effectiveness_rating_descriptors,ed-fi,uri://ed-fi.org/InterventionEffectivenessRatingDescriptor,Negative Effects,Negative Effects,Negative Effects
intervention_effectiveness_rating_descriptors,ed-fi,uri://ed-fi.org/InterventionEffectivenessRatingDescriptor,No Discernible Effects,No Discernible Effects,No Discernible Effects
intervention_effectiveness_rating_descriptors,ed-fi,uri://ed-fi.org/InterventionEffectivenessRatingDescriptor,Other,Other,Other
intervention_effectiveness_rating_descriptors,ed-fi,uri://ed-fi.org/InterventionEffectivenessRatingDescriptor,Positive Effects,Positive Effects,Positive Effects
intervention_effectiveness_rating_descriptors,ed-fi,uri://ed-fi.org/InterventionEffectivenessRatingDescriptor,Potentially Negative Effects,Potentially Negative Effects,Potentially Negative Effects
intervention_effectiveness_rating_descriptors,ed-fi,uri://ed-fi.org/InterventionEffectivenessRatingDescriptor,Potentially Positive Effects,Potentially Positive Effects,Potentially Positive Effects
language_descriptors,ed-fi,uri://ed-fi.org/LanguageDescriptor,aar,Afar,Afar
language_descriptors,ed-fi,uri://ed-fi.org/LanguageDescriptor,abk,Abkhazian,Abkhazian
language_descriptors,ed-fi,uri://ed-fi.org/LanguageDescriptor,ace,Achinese,Achinese
language_descriptors,ed-fi,uri://ed-fi.org/LanguageDescriptor,ach,Acoli,Acoli
language_descriptors,ed-fi,uri://ed-fi.org/LanguageDescriptor,ada,Adangme,Adangme
language_descriptors,ed-fi,uri://ed-fi.org/LanguageDescriptor,ady,Adyghe,Adyghe
language_descriptors,ed-fi,uri://ed-fi.org/LanguageDescriptor,afa,Afro-Asiatic languages,Afro-Asiatic languages
language_descriptors,ed-fi,uri://ed-fi.org/LanguageDescriptor,afh,Afrihili,Afrihili
language_descriptors,ed-fi,uri://ed-fi.org/LanguageDescriptor,afr,Afrikaans,Afrikaans
language_descriptors,ed-fi,uri://ed-fi.org/LanguageDescriptor,ain,Ainu,Ainu
language_descriptors,ed-fi,uri://ed-fi.org/LanguageDescriptor,aka,Akan,Akan
language_descriptors,ed-fi,uri://ed-fi.org/LanguageDescriptor,akk,Akkadian,Akkadian
language_descriptors,ed-fi,uri://ed-fi.org/LanguageDescriptor,alb,Albanian,Albanian
language_descriptors,ed-fi,uri://ed-fi.org/LanguageDescriptor,ale,Aleut,Aleut
language_descriptors,ed-fi,uri://ed-fi.org/LanguageDescriptor,alg,Algonquian languages,Algonquian languages
language_descriptors,ed-fi,uri://ed-fi.org/LanguageDescriptor,alt,Southern Altai,Southern Altai
language_descriptors,ed-fi,uri://ed-fi.org/LanguageDescriptor,amh,Amharic,Amharic
language_descriptors,ed-fi,uri://ed-fi.org/LanguageDescriptor,ang,"English, Old (ca.450-1100)","English, Old (ca.450-1100)"
language_descriptors,ed-fi,uri://ed-fi.org/LanguageDescriptor,anp,Angika,Angika
language_descriptors,ed-fi,uri://ed-fi.org/LanguageDescriptor,apa,Apache languages,Apache languages
language_descriptors,ed-fi,uri://ed-fi.org/LanguageDescriptor,ara,Arabic,Arabic
language_descriptors,ed-fi,uri://ed-fi.org/LanguageDescriptor,arc,Official Aramaic (700-300 BCE),Official Aramaic (700-300 BCE)
language_descriptors,ed-fi,uri://ed-fi.org/LanguageDescriptor,arg,Aragonese,Aragonese
language_descriptors,ed-fi,uri://ed-fi.org/LanguageDescriptor,arm,Armenian,Armenian
language_descriptors,ed-fi,uri://ed-fi.org/LanguageDescriptor,arn,Mapudungun,Mapudungun
language_descriptors,ed-fi,uri://ed-fi.org/LanguageDescriptor,arp,Arapaho,Arapaho
language_descriptors,ed-fi,uri://ed-fi.org/LanguageDescriptor,art,Artificial languages,Artificial languages
language_descriptors,ed-fi,uri://ed-fi.org/LanguageDescriptor,arw,Arawak,Arawak
language_descriptors,ed-fi,uri://ed-fi.org/LanguageDescriptor,asm,Assamese,Assamese
language_descriptors,ed-fi,uri://ed-fi.org/LanguageDescriptor,ast,Asturian,Asturian
language_descriptors,ed-fi,uri://ed-fi.org/LanguageDescriptor,ath,Athapascan languages,Athapascan languages
language_descriptors,ed-fi,uri://ed-fi.org/LanguageDescriptor,aus,Australian languages,Australian languages
language_descriptors,ed-fi,uri://ed-fi.org/LanguageDescriptor,ava,Avaric,Avaric
language_descriptors,ed-fi,uri://ed-fi.org/LanguageDescriptor,ave,Avestan,Avestan
language_descriptors,ed-fi,uri://ed-fi.org/LanguageDescriptor,awa,Awadhi,Awadhi
language_descriptors,ed-fi,uri://ed-fi.org/LanguageDescriptor,aym,Aymara,Aymara
language_descriptors,ed-fi,uri://ed-fi.org/LanguageDescriptor,aze,Azerbaijani,Azerbaijani
language_descriptors,ed-fi,uri://ed-fi.org/LanguageDescriptor,bad,Banda languages,Banda languages
language_descriptors,ed-fi,uri://ed-fi.org/LanguageDescriptor,bai,Bamileke languages,Bamileke languages
language_descriptors,ed-fi,uri://ed-fi.org/LanguageDescriptor,bak,Bashkir,Bashkir
language_descriptors,ed-fi,uri://ed-fi.org/LanguageDescriptor,bal,Baluchi,Baluchi
language_descriptors,ed-fi,uri://ed-fi.org/LanguageDescriptor,bam,Bambara,Bambara
language_descriptors,ed-fi,uri://ed-fi.org/LanguageDescriptor,ban,Balinese,Balinese
language_descriptors,ed-fi,uri://ed-fi.org/LanguageDescriptor,baq,Basque,Basque
language_descriptors,ed-fi,uri://ed-fi.org/LanguageDescriptor,bas,Basa,Basa
language_descriptors,ed-fi,uri://ed-fi.org/LanguageDescriptor,bat,Baltic languages,Baltic languages
language_descriptors,ed-fi,uri://ed-fi.org/LanguageDescriptor,bej,Beja,Beja
language_descriptors,ed-fi,uri://ed-fi.org/LanguageDescriptor,bel,Belarusian,Belarusian
language_descriptors,ed-fi,uri://ed-fi.org/LanguageDescriptor,bem,Bemba,Bemba
language_descriptors,ed-fi,uri://ed-fi.org/LanguageDescriptor,ben,Bengali,Bengali
language_descriptors,ed-fi,uri://ed-fi.org/LanguageDescriptor,ber,Berber languages,Berber languages
language_descriptors,ed-fi,uri://ed-fi.org/LanguageDescriptor,bho,Bhojpuri,Bhojpuri
language_descriptors,ed-fi,uri://ed-fi.org/LanguageDescriptor,bih,Bihari languages,Bihari languages
language_descriptors,ed-fi,uri://ed-fi.org/LanguageDescriptor,bik,Bikol,Bikol
language_descriptors,ed-fi,uri://ed-fi.org/LanguageDescriptor,bin,Bini,Bini
language_descriptors,ed-fi,uri://ed-fi.org/LanguageDescriptor,bis,Bislama,Bislama
language_descriptors,ed-fi,uri://ed-fi.org/LanguageDescriptor,bla,Siksika,Siksika
language_descriptors,ed-fi,uri://ed-fi.org/LanguageDescriptor,bnt,Bantu languages,Bantu languages
language_descriptors,ed-fi,uri://ed-fi.org/LanguageDescriptor,bos,Bosnian,Bosnian
language_descriptors,ed-fi,uri://ed-fi.org/LanguageDescriptor,bra,Braj,Braj
language_descriptors,ed-fi,uri://ed-fi.org/LanguageDescriptor,bre,Breton,Breton
language_descriptors,ed-fi,uri://ed-fi.org/LanguageDescriptor,btk,Batak languages,Batak languages
language_descriptors,ed-fi,uri://ed-fi.org/LanguageDescriptor,bua,Buriat,Buriat
language_descriptors,ed-fi,uri://ed-fi.org/LanguageDescriptor,bug,Buginese,Buginese
language_descriptors,ed-fi,uri://ed-fi.org/LanguageDescriptor,bul,Bulgarian,Bulgarian
language_descriptors,ed-fi,uri://ed-fi.org/LanguageDescriptor,bur,Burmese,Burmese
language_descriptors,ed-fi,uri://ed-fi.org/LanguageDescriptor,byn,Blin,Blin
language_descriptors,ed-fi,uri://ed-fi.org/LanguageDescriptor,cad,Caddo,Caddo
language_descriptors,ed-fi,uri://ed-fi.org/LanguageDescriptor,cai,Central American Indian languages,Central American Indian languages
language_descriptors,ed-fi,uri://ed-fi.org/LanguageDescriptor,car,Galibi Carib,Galibi Carib
language_descriptors,ed-fi,uri://ed-fi.org/LanguageDescriptor,cat,Catalan,Catalan
language_descriptors,ed-fi,uri://ed-fi.org/LanguageDescriptor,cau,Caucasian languages,Caucasian languages
language_descriptors,ed-fi,uri://ed-fi.org/LanguageDescriptor,ceb,Cebuano,Cebuano
language_descriptors,ed-fi,uri://ed-fi.org/LanguageDescriptor,cel,Celtic languages,Celtic languages
language_descriptors,ed-fi,uri://ed-fi.org/LanguageDescriptor,cha,Chamorro,Chamorro
language_descriptors,ed-fi,uri://ed-fi.org/LanguageDescriptor,chb,Chibcha,Chibcha
language_descriptors,ed-fi,uri://ed-fi.org/LanguageDescriptor,che,Chechen,Chechen
language_descriptors,ed-fi,uri://ed-fi.org/LanguageDescriptor,chg,Chagatai,Chagatai
language_descriptors,ed-fi,uri://ed-fi.org/LanguageDescriptor,chi,Chinese,Chinese
language_descriptors,ed-fi,uri://ed-fi.org/LanguageDescriptor,chk,Chuukese,Chuukese
language_descriptors,ed-fi,uri://ed-fi.org/LanguageDescriptor,chm,Mari,Mari
language_descriptors,ed-fi,uri://ed-fi.org/LanguageDescriptor,chn,Chinook jargon,Chinook jargon
language_descriptors,ed-fi,uri://ed-fi.org/LanguageDescriptor,cho,Choctaw,Choctaw
language_descriptors,ed-fi,uri://ed-fi.org/LanguageDescriptor,chp,Chipewyan,Chipewyan
language_descriptors,ed-fi,uri://ed-fi.org/LanguageDescriptor,chr,Cherokee,Cherokee
language_descriptors,ed-fi,uri://ed-fi.org/LanguageDescriptor,chu,Church Slavic,Church Slavic
language_descriptors,ed-fi,uri://ed-fi.org/LanguageDescriptor,chv,Chuvash,Chuvash
language_descriptors,ed-fi,uri://ed-fi.org/LanguageDescriptor,chy,Cheyenne,Cheyenne
language_descriptors,ed-fi,uri://ed-fi.org/LanguageDescriptor,cmc,Chamic languages,Chamic languages
language_descriptors,ed-fi,uri://ed-fi.org/LanguageDescriptor,cop,Coptic,Coptic
language_descriptors,ed-fi,uri://ed-fi.org/LanguageDescriptor,cor,Cornish,Cornish
language_descriptors,ed-fi,uri://ed-fi.org/LanguageDescriptor,cos,Corsican,Corsican
language_descriptors,ed-fi,uri://ed-fi.org/LanguageDescriptor,cpe,"Creoles and pidgins, English based","Creoles and pidgins, English based"
language_descriptors,ed-fi,uri://ed-fi.org/LanguageDescriptor,cpf,"Creoles and pidgins, French-based","Creoles and pidgins, French-based"
language_descriptors,ed-fi,uri://ed-fi.org/LanguageDescriptor,cpp,"Creoles and pidgins, Portuguese-based","Creoles and pidgins, Portuguese-based"
language_descriptors,ed-fi,uri://ed-fi.org/LanguageDescriptor,cre,Cree,Cree
language_descriptors,ed-fi,uri://ed-fi.org/LanguageDescriptor,crh,Crimean Tatar,Crimean Tatar
language_descriptors,ed-fi,uri://ed-fi.org/LanguageDescriptor,crp,Creoles and pidgins,Creoles and pidgins
language_descriptors,ed-fi,uri://ed-fi.org/LanguageDescriptor,csb,Kashubian,Kashubian
language_descriptors,ed-fi,uri://ed-fi.org/LanguageDescriptor,cus,Cushitic languages,Cushitic languages
language_descriptors,ed-fi,uri://ed-fi.org/LanguageDescriptor,cze,Czech,Czech
language_descriptors,ed-fi,uri://ed-fi.org/LanguageDescriptor,dak,Dakota,Dakota
language_descriptors,ed-fi,uri://ed-fi.org/LanguageDescriptor,dan,Danish,Danish
language_descriptors,ed-fi,uri://ed-fi.org/LanguageDescriptor,dar,Dargwa,Dargwa
language_descriptors,ed-fi,uri://ed-fi.org/LanguageDescriptor,day,Land Dayak languages,Land Dayak languages
language_descriptors,ed-fi,uri://ed-fi.org/LanguageDescriptor,del,Delaware,Delaware
language_descriptors,ed-fi,uri://ed-fi.org/LanguageDescriptor,den,Slave (Athapascan),Slave (Athapascan)
language_descriptors,ed-fi,uri://ed-fi.org/LanguageDescriptor,dgr,Dogrib,Dogrib
language_descriptors,ed-fi,uri://ed-fi.org/LanguageDescriptor,din,Dinka,Dinka
language_descriptors,ed-fi,uri://ed-fi.org/LanguageDescriptor,div,Divehi,Divehi
language_descriptors,ed-fi,uri://ed-fi.org/LanguageDescriptor,doi,Dogri,Dogri
language_descriptors,ed-fi,uri://ed-fi.org/LanguageDescriptor,dra,Dravidian languages,Dravidian languages
language_descriptors,ed-fi,uri://ed-fi.org/LanguageDescriptor,dsb,Lower Sorbian,Lower Sorbian
language_descriptors,ed-fi,uri://ed-fi.org/LanguageDescriptor,dua,Duala,Duala
language_descriptors,ed-fi,uri://ed-fi.org/LanguageDescriptor,dum,"Dutch, Middle (ca.1050-1350)","Dutch, Middle (ca.1050-1350)"
language_descriptors,ed-fi,uri://ed-fi.org/LanguageDescriptor,dut,Dutch,Dutch
language_descriptors,ed-fi,uri://ed-fi.org/LanguageDescriptor,dyu,Dyula,Dyula
language_descriptors,ed-fi,uri://ed-fi.org/LanguageDescriptor,dzo,Dzongkha,Dzongkha
language_descriptors,ed-fi,uri://ed-fi.org/LanguageDescriptor,efi,Efik,Efik
language_descriptors,ed-fi,uri://ed-fi.org/LanguageDescriptor,egy,Egyptian (Ancient),Egyptian (Ancient)
language_descriptors,ed-fi,uri://ed-fi.org/LanguageDescriptor,eka,Ekajuk,Ekajuk
language_descriptors,ed-fi,uri://ed-fi.org/LanguageDescriptor,elx,Elamite,Elamite
language_descriptors,ed-fi,uri://ed-fi.org/LanguageDescriptor,eng,English,English
language_descriptors,ed-fi,uri://ed-fi.org/LanguageDescriptor,enm,"English, Middle (1100-1500)","English, Middle (1100-1500)"
language_descriptors,ed-fi,uri://ed-fi.org/LanguageDescriptor,epo,Esperanto,Esperanto
language_descriptors,ed-fi,uri://ed-fi.org/LanguageDescriptor,est,Estonian,Estonian
language_descriptors,ed-fi,uri://ed-fi.org/LanguageDescriptor,ewe,Ewe,Ewe
language_descriptors,ed-fi,uri://ed-fi.org/LanguageDescriptor,ewo,Ewondo,Ewondo
language_descriptors,ed-fi,uri://ed-fi.org/LanguageDescriptor,fan,Fang,Fang
language_descriptors,ed-fi,uri://ed-fi.org/LanguageDescriptor,fao,Faroese,Faroese
language_descriptors,ed-fi,uri://ed-fi.org/LanguageDescriptor,fat,Fanti,Fanti
language_descriptors,ed-fi,uri://ed-fi.org/LanguageDescriptor,fij,Fijian,Fijian
language_descriptors,ed-fi,uri://ed-fi.org/LanguageDescriptor,fil,Filipino,Filipino
language_descriptors,ed-fi,uri://ed-fi.org/LanguageDescriptor,fin,Finnish,Finnish
language_descriptors,ed-fi,uri://ed-fi.org/LanguageDescriptor,fiu,Finno-Ugrian languages,Finno-Ugrian languages
language_descriptors,ed-fi,uri://ed-fi.org/LanguageDescriptor,fon,Fon,Fon
language_descriptors,ed-fi,uri://ed-fi.org/LanguageDescriptor,fre,French,French
language_descriptors,ed-fi,uri://ed-fi.org/LanguageDescriptor,frm,"French, Middle (ca.1400-1600)","French, Middle (ca.1400-1600)"
language_descriptors,ed-fi,uri://ed-fi.org/LanguageDescriptor,fro,"French, Old (842-ca.1400)","French, Old (842-ca.1400)"
language_descriptors,ed-fi,uri://ed-fi.org/LanguageDescriptor,frr,Northern Frisian,Northern Frisian
language_descriptors,ed-fi,uri://ed-fi.org/LanguageDescriptor,frs,Eastern Frisian,Eastern Frisian
language_descriptors,ed-fi,uri://ed-fi.org/LanguageDescriptor,fry,Western Frisian,Western Frisian
language_descriptors,ed-fi,uri://ed-fi.org/LanguageDescriptor,ful,Fulah,Fulah
language_descriptors,ed-fi,uri://ed-fi.org/LanguageDescriptor,fur,Friulian,Friulian
language_descriptors,ed-fi,uri://ed-fi.org/LanguageDescriptor,gaa,Ga,Ga
language_descriptors,ed-fi,uri://ed-fi.org/LanguageDescriptor,gay,Gayo,Gayo
language_descriptors,ed-fi,uri://ed-fi.org/LanguageDescriptor,gba,Gbaya,Gbaya
language_descriptors,ed-fi,uri://ed-fi.org/LanguageDescriptor,gem,Germanic languages,Germanic languages
language_descriptors,ed-fi,uri://ed-fi.org/LanguageDescriptor,geo,Georgian,Georgian
language_descriptors,ed-fi,uri://ed-fi.org/LanguageDescriptor,ger,German,German
language_descriptors,ed-fi,uri://ed-fi.org/LanguageDescriptor,gez,Geez,Geez
language_descriptors,ed-fi,uri://ed-fi.org/LanguageDescriptor,gil,Gilbertese,Gilbertese
language_descriptors,ed-fi,uri://ed-fi.org/LanguageDescriptor,gla,Gaelic,Gaelic
language_descriptors,ed-fi,uri://ed-fi.org/LanguageDescriptor,gle,Irish,Irish
language_descriptors,ed-fi,uri://ed-fi.org/LanguageDescriptor,glg,Galician,Galician
language_descriptors,ed-fi,uri://ed-fi.org/LanguageDescriptor,glv,Manx,Manx
language_descriptors,ed-fi,uri://ed-fi.org/LanguageDescriptor,gmh,"German, Middle High (ca.1050-1500)","German, Middle High (ca.1050-1500)"
language_descriptors,ed-fi,uri://ed-fi.org/LanguageDescriptor,goh,"German, Old High (ca.750-1050)","German, Old High (ca.750-1050)"
language_descriptors,ed-fi,uri://ed-fi.org/LanguageDescriptor,gon,Gondi,Gondi
language_descriptors,ed-fi,uri://ed-fi.org/LanguageDescriptor,gor,Gorontalo,Gorontalo
language_descriptors,ed-fi,uri://ed-fi.org/LanguageDescriptor,got,Gothic,Gothic
language_descriptors,ed-fi,uri://ed-fi.org/LanguageDescriptor,grb,Grebo,Grebo
language_descriptors,ed-fi,uri://ed-fi.org/LanguageDescriptor,grc,"Greek, Ancient (to 1453)","Greek, Ancient (to 1453)"
language_descriptors,ed-fi,uri://ed-fi.org/LanguageDescriptor,gre,"Greek, Modern (1453-)","Greek, Modern (1453-)"
language_descriptors,ed-fi,uri://ed-fi.org/LanguageDescriptor,grn,Guarani,Guarani
language_descriptors,ed-fi,uri://ed-fi.org/LanguageDescriptor,gsw,Swiss German,Swiss German
language_descriptors,ed-fi,uri://ed-fi.org/LanguageDescriptor,guj,Gujarati,Gujarati
language_descriptors,ed-fi,uri://ed-fi.org/LanguageDescriptor,gwi,Gwich'in,Gwich'in
language_descriptors,ed-fi,uri://ed-fi.org/LanguageDescriptor,hai,Haida,Haida
language_descriptors,ed-fi,uri://ed-fi.org/LanguageDescriptor,hat,Haitian,Haitian
language_descriptors,ed-fi,uri://ed-fi.org/LanguageDescriptor,hau,Hausa,Hausa
language_descriptors,ed-fi,uri://ed-fi.org/LanguageDescriptor,haw,Hawaiian,Hawaiian
language_descriptors,ed-fi,uri://ed-fi.org/LanguageDescriptor,heb,Hebrew,Hebrew
language_descriptors,ed-fi,uri://ed-fi.org/LanguageDescriptor,her,Herero,Herero
language_descriptors,ed-fi,uri://ed-fi.org/LanguageDescriptor,hil,Hiligaynon,Hiligaynon
language_descriptors,ed-fi,uri://ed-fi.org/LanguageDescriptor,him,Himachali languages,Himachali languages
language_descriptors,ed-fi,uri://ed-fi.org/LanguageDescriptor,hin,Hindi,Hindi
language_descriptors,ed-fi,uri://ed-fi.org/LanguageDescriptor,hit,Hittite,Hittite
language_descriptors,ed-fi,uri://ed-fi.org/LanguageDescriptor,hmn,Hmong,Hmong
language_descriptors,ed-fi,uri://ed-fi.org/LanguageDescriptor,hmo,Hiri Motu,Hiri Motu
language_descriptors,ed-fi,uri://ed-fi.org/LanguageDescriptor,hrv,Croatian,Croatian
language_descriptors,ed-fi,uri://ed-fi.org/LanguageDescriptor,hsb,Upper Sorbian,Upper Sorbian
language_descriptors,ed-fi,uri://ed-fi.org/LanguageDescriptor,hun,Hungarian,Hungarian
language_descriptors,ed-fi,uri://ed-fi.org/LanguageDescriptor,hup,Hupa,Hupa
language_descriptors,ed-fi,uri://ed-fi.org/LanguageDescriptor,iba,Iban,Iban
language_descriptors,ed-fi,uri://ed-fi.org/LanguageDescriptor,ibo,Igbo,Igbo
language_descriptors,ed-fi,uri://ed-fi.org/LanguageDescriptor,ice,Icelandic,Icelandic
language_descriptors,ed-fi,uri://ed-fi.org/LanguageDescriptor,ido,Ido,Ido
language_descriptors,ed-fi,uri://ed-fi.org/LanguageDescriptor,iii,Sichuan Yi,Sichuan Yi
language_descriptors,ed-fi,uri://ed-fi.org/LanguageDescriptor,ijo,Ijo languages,Ijo languages
language_descriptors,ed-fi,uri://ed-fi.org/LanguageDescriptor,iku,Inuktitut,Inuktitut
language_descriptors,ed-fi,uri://ed-fi.org/LanguageDescriptor,ile,Interlingue,Interlingue
language_descriptors,ed-fi,uri://ed-fi.org/LanguageDescriptor,ilo,Iloko,Iloko
language_descriptors,ed-fi,uri://ed-fi.org/LanguageDescriptor,ina,Interlingua (International Auxiliary Language Association),Interlingua (International Auxiliary Language Association)
language_descriptors,ed-fi,uri://ed-fi.org/LanguageDescriptor,inc,Indic languages,Indic languages
language_descriptors,ed-fi,uri://ed-fi.org/LanguageDescriptor,ind,Indonesian,Indonesian
language_descriptors,ed-fi,uri://ed-fi.org/LanguageDescriptor,ine,Indo-European languages,Indo-European languages
language_descriptors,ed-fi,uri://ed-fi.org/LanguageDescriptor,inh,Ingush,Ingush
language_descriptors,ed-fi,uri://ed-fi.org/LanguageDescriptor,ipk,Inupiaq,Inupiaq
language_descriptors,ed-fi,uri://ed-fi.org/LanguageDescriptor,ira,Iranian languages,Iranian languages
language_descriptors,ed-fi,uri://ed-fi.org/LanguageDescriptor,iro,Iroquoian languages,Iroquoian languages
language_descriptors,ed-fi,uri://ed-fi.org/LanguageDescriptor,ita,Italian,Italian
language_descriptors,ed-fi,uri://ed-fi.org/LanguageDescriptor,jav,Javanese,Javanese
language_descriptors,ed-fi,uri://ed-fi.org/LanguageDescriptor,jbo,Lojban,Lojban
language_descriptors,ed-fi,uri://ed-fi.org/LanguageDescriptor,jpn,Japanese,Japanese
language_descriptors,ed-fi,uri://ed-fi.org/LanguageDescriptor,jpr,Judeo-Persian,Judeo-Persian
language_descriptors,ed-fi,uri://ed-fi.org/LanguageDescriptor,jrb,Judeo-Arabic,Judeo-Arabic
language_descriptors,ed-fi,uri://ed-fi.org/LanguageDescriptor,kaa,Kara-Kalpak,Kara-Kalpak
language_descriptors,ed-fi,uri://ed-fi.org/LanguageDescriptor,kab,Kabyle,Kabyle
language_descriptors,ed-fi,uri://ed-fi.org/LanguageDescriptor,kac,Kachin,Kachin
language_descriptors,ed-fi,uri://ed-fi.org/LanguageDescriptor,kal,Kalaallisut,Kalaallisut
language_descriptors,ed-fi,uri://ed-fi.org/LanguageDescriptor,kam,Kamba,Kamba
language_descriptors,ed-fi,uri://ed-fi.org/LanguageDescriptor,kan,Kannada,Kannada
language_descriptors,ed-fi,uri://ed-fi.org/LanguageDescriptor,kar,Karen languages,Karen languages
language_descriptors,ed-fi,uri://ed-fi.org/LanguageDescriptor,kas,Kashmiri,Kashmiri
language_descriptors,ed-fi,uri://ed-fi.org/LanguageDescriptor,kau,Kanuri,Kanuri
language_descriptors,ed-fi,uri://ed-fi.org/LanguageDescriptor,kaw,Kawi,Kawi
language_descriptors,ed-fi,uri://ed-fi.org/LanguageDescriptor,kaz,Kazakh,Kazakh
language_descriptors,ed-fi,uri://ed-fi.org/LanguageDescriptor,kbd,Kabardian,Kabardian
language_descriptors,ed-fi,uri://ed-fi.org/LanguageDescriptor,kha,Khasi,Khasi
language_descriptors,ed-fi,uri://ed-fi.org/LanguageDescriptor,khi,Khoisan languages,Khoisan languages
language_descriptors,ed-fi,uri://ed-fi.org/LanguageDescriptor,khm,Central Khmer,Central Khmer
language_descriptors,ed-fi,uri://ed-fi.org/LanguageDescriptor,kho,Khotanese,Khotanese
language_descriptors,ed-fi,uri://ed-fi.org/LanguageDescriptor,kik,Kikuyu,Kikuyu
language_descriptors,ed-fi,uri://ed-fi.org/LanguageDescriptor,kin,Kinyarwanda,Kinyarwanda
language_descriptors,ed-fi,uri://ed-fi.org/LanguageDescriptor,kir,Kirghiz,Kirghiz
language_descriptors,ed-fi,uri://ed-fi.org/LanguageDescriptor,kmb,Kimbundu,Kimbundu
language_descriptors,ed-fi,uri://ed-fi.org/LanguageDescriptor,kok,Konkani,Konkani
language_descriptors,ed-fi,uri://ed-fi.org/LanguageDescriptor,kom,Komi,Komi
language_descriptors,ed-fi,uri://ed-fi.org/LanguageDescriptor,kon,Kongo,Kongo
language_descriptors,ed-fi,uri://ed-fi.org/LanguageDescriptor,kor,Korean,Korean
language_descriptors,ed-fi,uri://ed-fi.org/LanguageDescriptor,kos,Kosraean,Kosraean
language_descriptors,ed-fi,uri://ed-fi.org/LanguageDescriptor,kpe,Kpelle,Kpelle
language_descriptors,ed-fi,uri://ed-fi.org/LanguageDescriptor,krc,Karachay-Balkar,Karachay-Balkar
language_descriptors,ed-fi,uri://ed-fi.org/LanguageDescriptor,krl,Karelian,Karelian
language_descriptors,ed-fi,uri://ed-fi.org/LanguageDescriptor,kro,Kru languages,Kru languages
language_descriptors,ed-fi,uri://ed-fi.org/LanguageDescriptor,kru,Kurukh,Kurukh
language_descriptors,ed-fi,uri://ed-fi.org/LanguageDescriptor,kua,Kuanyama,Kuanyama
language_descriptors,ed-fi,uri://ed-fi.org/LanguageDescriptor,kum,Kumyk,Kumyk
language_descriptors,ed-fi,uri://ed-fi.org/LanguageDescriptor,kur,Kurdish,Kurdish
language_descriptors,ed-fi,uri://ed-fi.org/LanguageDescriptor,kut,Kutenai,Kutenai
language_descriptors,ed-fi,uri://ed-fi.org/LanguageDescriptor,lad,Ladino,Ladino
language_descriptors,ed-fi,uri://ed-fi.org/LanguageDescriptor,lah,Lahnda,Lahnda
language_descriptors,ed-fi,uri://ed-fi.org/LanguageDescriptor,lam,Lamba,Lamba
language_descriptors,ed-fi,uri://ed-fi.org/LanguageDescriptor,lao,Lao,Lao
language_descriptors,ed-fi,uri://ed-fi.org/LanguageDescriptor,lat,Latin,Latin
language_descriptors,ed-fi,uri://ed-fi.org/LanguageDescriptor,lav,Latvian,Latvian
language_descriptors,ed-fi,uri://ed-fi.org/LanguageDescriptor,lez,Lezghian,Lezghian
language_descriptors,ed-fi,uri://ed-fi.org/LanguageDescriptor,lim,Limburgan,Limburgan
language_descriptors,ed-fi,uri://ed-fi.org/LanguageDescriptor,lin,Lingala,Lingala
language_descriptors,ed-fi,uri://ed-fi.org/LanguageDescriptor,lit,Lithuanian,Lithuanian
language_descriptors,ed-fi,uri://ed-fi.org/LanguageDescriptor,lol,Mongo,Mongo
language_descriptors,ed-fi,uri://ed-fi.org/LanguageDescriptor,loz,Lozi,Lozi
language_descriptors,ed-fi,uri://ed-fi.org/LanguageDescriptor,ltz,Luxembourgish,Luxembourgish
language_descriptors,ed-fi,uri://ed-fi.org/LanguageDescriptor,lua,Luba-Lulua,Luba-Lulua
language_descriptors,ed-fi,uri://ed-fi.org/LanguageDescriptor,lub,Luba-Katanga,Luba-Katanga
language_descriptors,ed-fi,uri://ed-fi.org/LanguageDescriptor,lug,Ganda,Ganda
language_descriptors,ed-fi,uri://ed-fi.org/LanguageDescriptor,lui,Luiseno,Luiseno
language_descriptors,ed-fi,uri://ed-fi.org/LanguageDescriptor,lun,Lunda,Lunda
language_descriptors,ed-fi,uri://ed-fi.org/LanguageDescriptor,luo,Luo (Kenya and Tanzania),Luo (Kenya and Tanzania)
language_descriptors,ed-fi,uri://ed-fi.org/LanguageDescriptor,lus,Lushai,Lushai
language_descriptors,ed-fi,uri://ed-fi.org/LanguageDescriptor,mac,Macedonian,Macedonian
language_descriptors,ed-fi,uri://ed-fi.org/LanguageDescriptor,mad,Madurese,Madurese
language_descriptors,ed-fi,uri://ed-fi.org/LanguageDescriptor,mag,Magahi,Magahi
language_descriptors,ed-fi,uri://ed-fi.org/LanguageDescriptor,mah,Marshallese,Marshallese
language_descriptors,ed-fi,uri://ed-fi.org/LanguageDescriptor,mai,Maithili,Maithili
language_descriptors,ed-fi,uri://ed-fi.org/LanguageDescriptor,mak,Makasar,Makasar
language_descriptors,ed-fi,uri://ed-fi.org/LanguageDescriptor,mal,Malayalam,Malayalam
language_descriptors,ed-fi,uri://ed-fi.org/LanguageDescriptor,man,Mandingo,Mandingo
language_descriptors,ed-fi,uri://ed-fi.org/LanguageDescriptor,mao,Maori,Maori
language_descriptors,ed-fi,uri://ed-fi.org/LanguageDescriptor,map,Austronesian languages,Austronesian languages
language_descriptors,ed-fi,uri://ed-fi.org/LanguageDescriptor,mar,Marathi,Marathi
language_descriptors,ed-fi,uri://ed-fi.org/LanguageDescriptor,mas,Masai,Masai
language_descriptors,ed-fi,uri://ed-fi.org/LanguageDescriptor,may,Malay,Malay
language_descriptors,ed-fi,uri://ed-fi.org/LanguageDescriptor,mdf,Moksha,Moksha
language_descriptors,ed-fi,uri://ed-fi.org/LanguageDescriptor,mdr,Mandar,Mandar
language_descriptors,ed-fi,uri://ed-fi.org/LanguageDescriptor,men,Mende,Mende
language_descriptors,ed-fi,uri://ed-fi.org/LanguageDescriptor,mga,"Irish, Middle (900-1200)","Irish, Middle (900-1200)"
language_descriptors,ed-fi,uri://ed-fi.org/LanguageDescriptor,mic,Mi'kmaq,Mi'kmaq
language_descriptors,ed-fi,uri://ed-fi.org/LanguageDescriptor,min,Minangkabau,Minangkabau
language_descriptors,ed-fi,uri://ed-fi.org/LanguageDescriptor,mis,Uncoded languages,Uncoded languages
language_descriptors,ed-fi,uri://ed-fi.org/LanguageDescriptor,mkh,Mon-Khmer languages,Mon-Khmer languages
language_descriptors,ed-fi,uri://ed-fi.org/LanguageDescriptor,mlg,Malagasy,Malagasy
language_descriptors,ed-fi,uri://ed-fi.org/LanguageDescriptor,mlt,Maltese,Maltese
language_descriptors,ed-fi,uri://ed-fi.org/LanguageDescriptor,mnc,Manchu,Manchu
language_descriptors,ed-fi,uri://ed-fi.org/LanguageDescriptor,mni,Manipuri,Manipuri
language_descriptors,ed-fi,uri://ed-fi.org/LanguageDescriptor,mno,Manobo languages,Manobo languages
language_descriptors,ed-fi,uri://ed-fi.org/LanguageDescriptor,moh,Mohawk,Mohawk
language_descriptors,ed-fi,uri://ed-fi.org/LanguageDescriptor,mon,Mongolian,Mongolian
language_descriptors,ed-fi,uri://ed-fi.org/LanguageDescriptor,mos,Mossi,Mossi
language_descriptors,ed-fi,uri://ed-fi.org/LanguageDescriptor,mul,Multiple languages,Multiple languages
language_descriptors,ed-fi,uri://ed-fi.org/LanguageDescriptor,mun,Munda languages,Munda languages
language_descriptors,ed-fi,uri://ed-fi.org/LanguageDescriptor,mus,Creek,Creek
language_descriptors,ed-fi,uri://ed-fi.org/LanguageDescriptor,mwl,Mirandese,Mirandese
language_descriptors,ed-fi,uri://ed-fi.org/LanguageDescriptor,mwr,Marwari,Marwari
language_descriptors,ed-fi,uri://ed-fi.org/LanguageDescriptor,myn,Mayan languages,Mayan languages
language_descriptors,ed-fi,uri://ed-fi.org/LanguageDescriptor,myv,Erzya,Erzya
language_descriptors,ed-fi,uri://ed-fi.org/LanguageDescriptor,nah,Nahuatl languages,Nahuatl languages
language_descriptors,ed-fi,uri://ed-fi.org/LanguageDescriptor,nai,North American Indian languages,North American Indian languages
language_descriptors,ed-fi,uri://ed-fi.org/LanguageDescriptor,nap,Neapolitan,Neapolitan
language_descriptors,ed-fi,uri://ed-fi.org/LanguageDescriptor,nau,Nauru,Nauru
language_descriptors,ed-fi,uri://ed-fi.org/LanguageDescriptor,nav,Navajo,Navajo
language_descriptors,ed-fi,uri://ed-fi.org/LanguageDescriptor,nbl,"Ndebele, South","Ndebele, South"
language_descriptors,ed-fi,uri://ed-fi.org/LanguageDescriptor,nde,"Ndebele, North","Ndebele, North"
language_descriptors,ed-fi,uri://ed-fi.org/LanguageDescriptor,ndo,Ndonga,Ndonga
language_descriptors,ed-fi,uri://ed-fi.org/LanguageDescriptor,nds,Low German,Low German
language_descriptors,ed-fi,uri://ed-fi.org/LanguageDescriptor,nep,Nepali,Nepali
language_descriptors,ed-fi,uri://ed-fi.org/LanguageDescriptor,new,Nepal Bhasa,Nepal Bhasa
language_descriptors,ed-fi,uri://ed-fi.org/LanguageDescriptor,nia,Nias,Nias
language_descriptors,ed-fi,uri://ed-fi.org/LanguageDescriptor,nic,Niger-Kordofanian languages,Niger-Kordofanian languages
language_descriptors,ed-fi,uri://ed-fi.org/LanguageDescriptor,niu,Niuean,Niuean
language_descriptors,ed-fi,uri://ed-fi.org/LanguageDescriptor,nno,Norwegian Nynorsk,Norwegian Nynorsk
language_descriptors,ed-fi,uri://ed-fi.org/LanguageDescriptor,nob,"BokmÃ¥l, Norwegian","BokmÃ¥l, Norwegian"
language_descriptors,ed-fi,uri://ed-fi.org/LanguageDescriptor,nog,Nogai,Nogai
language_descriptors,ed-fi,uri://ed-fi.org/LanguageDescriptor,non,"Norse, Old","Norse, Old"
language_descriptors,ed-fi,uri://ed-fi.org/LanguageDescriptor,nor,Norwegian,Norwegian
language_descriptors,ed-fi,uri://ed-fi.org/LanguageDescriptor,nqo,N'Ko,N'Ko
language_descriptors,ed-fi,uri://ed-fi.org/LanguageDescriptor,nso,Pedi,Pedi
language_descriptors,ed-fi,uri://ed-fi.org/LanguageDescriptor,nub,Nubian languages,Nubian languages
language_descriptors,ed-fi,uri://ed-fi.org/LanguageDescriptor,nwc,Classical Newari,Classical Newari
language_descriptors,ed-fi,uri://ed-fi.org/LanguageDescriptor,nya,Chichewa,Chichewa
language_descriptors,ed-fi,uri://ed-fi.org/LanguageDescriptor,nym,Nyamwezi,Nyamwezi
language_descriptors,ed-fi,uri://ed-fi.org/LanguageDescriptor,nyn,Nyankole,Nyankole
language_descriptors,ed-fi,uri://ed-fi.org/LanguageDescriptor,nyo,Nyoro,Nyoro
language_descriptors,ed-fi,uri://ed-fi.org/LanguageDescriptor,nzi,Nzima,Nzima
language_descriptors,ed-fi,uri://ed-fi.org/LanguageDescriptor,oci,Occitan (post 1500),Occitan (post 1500)
language_descriptors,ed-fi,uri://ed-fi.org/LanguageDescriptor,oji,Ojibwa,Ojibwa
language_descriptors,ed-fi,uri://ed-fi.org/LanguageDescriptor,ori,Oriya,Oriya
language_descriptors,ed-fi,uri://ed-fi.org/LanguageDescriptor,orm,Oromo,Oromo
language_descriptors,ed-fi,uri://ed-fi.org/LanguageDescriptor,osa,Osage,Osage
language_descriptors,ed-fi,uri://ed-fi.org/LanguageDescriptor,oss,Ossetian,Ossetian
language_descriptors,ed-fi,uri://ed-fi.org/LanguageDescriptor,ota,"Turkish, Ottoman (1500-1928)","Turkish, Ottoman (1500-1928)"
language_descriptors,ed-fi,uri://ed-fi.org/LanguageDescriptor,oto,Otomian languages,Otomian languages
language_descriptors,ed-fi,uri://ed-fi.org/LanguageDescriptor,paa,Papuan languages,Papuan languages
language_descriptors,ed-fi,uri://ed-fi.org/LanguageDescriptor,pag,Pangasinan,Pangasinan
language_descriptors,ed-fi,uri://ed-fi.org/LanguageDescriptor,pal,Pahlavi,Pahlavi
language_descriptors,ed-fi,uri://ed-fi.org/LanguageDescriptor,pam,Pampanga,Pampanga
language_descriptors,ed-fi,uri://ed-fi.org/LanguageDescriptor,pan,Panjabi,Panjabi
language_descriptors,ed-fi,uri://ed-fi.org/LanguageDescriptor,pap,Papiamento,Papiamento
language_descriptors,ed-fi,uri://ed-fi.org/LanguageDescriptor,pau,Palauan,Palauan
language_descriptors,ed-fi,uri://ed-fi.org/LanguageDescriptor,peo,"Persian, Old (ca.600-400 B.C.)","Persian, Old (ca.600-400 B.C.)"
language_descriptors,ed-fi,uri://ed-fi.org/LanguageDescriptor,per,Persian,Persian
language_descriptors,ed-fi,uri://ed-fi.org/LanguageDescriptor,phi,Philippine languages,Philippine languages
language_descriptors,ed-fi,uri://ed-fi.org/LanguageDescriptor,phn,Phoenician,Phoenician
language_descriptors,ed-fi,uri://ed-fi.org/LanguageDescriptor,pli,Pali,Pali
language_descriptors,ed-fi,uri://ed-fi.org/LanguageDescriptor,pol,Polish,Polish
language_descriptors,ed-fi,uri://ed-fi.org/LanguageDescriptor,pon,Pohnpeian,Pohnpeian
language_descriptors,ed-fi,uri://ed-fi.org/LanguageDescriptor,por,Portuguese,Portuguese
language_descriptors,ed-fi,uri://ed-fi.org/LanguageDescriptor,pra,Prakrit languages,Prakrit languages
language_descriptors,ed-fi,uri://ed-fi.org/LanguageDescriptor,pro,"ProvenÃ§al, Old (to 1500)","ProvenÃ§al, Old (to 1500)"
language_descriptors,ed-fi,uri://ed-fi.org/LanguageDescriptor,pus,Pushto,Pushto
language_descriptors,ed-fi,uri://ed-fi.org/LanguageDescriptor,que,Quechua,Quechua
language_descriptors,ed-fi,uri://ed-fi.org/LanguageDescriptor,raj,Rajasthani,Rajasthani
language_descriptors,ed-fi,uri://ed-fi.org/LanguageDescriptor,rap,Rapanui,Rapanui
language_descriptors,ed-fi,uri://ed-fi.org/LanguageDescriptor,rar,Rarotongan,Rarotongan
language_descriptors,ed-fi,uri://ed-fi.org/LanguageDescriptor,roa,Romance languages,Romance languages
language_descriptors,ed-fi,uri://ed-fi.org/LanguageDescriptor,roh,Romansh,Romansh
language_descriptors,ed-fi,uri://ed-fi.org/LanguageDescriptor,rom,Romany,Romany
language_descriptors,ed-fi,uri://ed-fi.org/LanguageDescriptor,rum,Romanian,Romanian
language_descriptors,ed-fi,uri://ed-fi.org/LanguageDescriptor,run,Rundi,Rundi
language_descriptors,ed-fi,uri://ed-fi.org/LanguageDescriptor,rup,Aromanian,Aromanian
language_descriptors,ed-fi,uri://ed-fi.org/LanguageDescriptor,rus,Russian,Russian
language_descriptors,ed-fi,uri://ed-fi.org/LanguageDescriptor,sad,Sandawe,Sandawe
language_descriptors,ed-fi,uri://ed-fi.org/LanguageDescriptor,sag,Sango,Sango
language_descriptors,ed-fi,uri://ed-fi.org/LanguageDescriptor,sah,Yakut,Yakut
language_descriptors,ed-fi,uri://ed-fi.org/LanguageDescriptor,sai,South American Indian languages,South American Indian languages
language_descriptors,ed-fi,uri://ed-fi.org/LanguageDescriptor,sal,Salishan languages,Salishan languages
language_descriptors,ed-fi,uri://ed-fi.org/LanguageDescriptor,sam,Samaritan Aramaic,Samaritan Aramaic
language_descriptors,ed-fi,uri://ed-fi.org/LanguageDescriptor,san,Sanskrit,Sanskrit
language_descriptors,ed-fi,uri://ed-fi.org/LanguageDescriptor,sas,Sasak,Sasak
language_descriptors,ed-fi,uri://ed-fi.org/LanguageDescriptor,sat,Santali,Santali
language_descriptors,ed-fi,uri://ed-fi.org/LanguageDescriptor,scn,Sicilian,Sicilian
language_descriptors,ed-fi,uri://ed-fi.org/LanguageDescriptor,sco,Scots,Scots
language_descriptors,ed-fi,uri://ed-fi.org/LanguageDescriptor,sel,Selkup,Selkup
language_descriptors,ed-fi,uri://ed-fi.org/LanguageDescriptor,sem,Semitic languages,Semitic languages
language_descriptors,ed-fi,uri://ed-fi.org/LanguageDescriptor,sga,"Irish, Old (to 900)","Irish, Old (to 900)"
language_descriptors,ed-fi,uri://ed-fi.org/LanguageDescriptor,sgn,Sign Languages,Sign Languages
language_descriptors,ed-fi,uri://ed-fi.org/LanguageDescriptor,shn,Shan,Shan
language_descriptors,ed-fi,uri://ed-fi.org/LanguageDescriptor,sid,Sidamo,Sidamo
language_descriptors,ed-fi,uri://ed-fi.org/LanguageDescriptor,sin,Sinhala,Sinhala
language_descriptors,ed-fi,uri://ed-fi.org/LanguageDescriptor,sio,Siouan languages,Siouan languages
language_descriptors,ed-fi,uri://ed-fi.org/LanguageDescriptor,sit,Sino-Tibetan languages,Sino-Tibetan languages
language_descriptors,ed-fi,uri://ed-fi.org/LanguageDescriptor,sla,Slavic languages,Slavic languages
language_descriptors,ed-fi,uri://ed-fi.org/LanguageDescriptor,slo,Slovak,Slovak
language_descriptors,ed-fi,uri://ed-fi.org/LanguageDescriptor,slv,Slovenian,Slovenian
language_descriptors,ed-fi,uri://ed-fi.org/LanguageDescriptor,sma,Southern Sami,Southern Sami
language_descriptors,ed-fi,uri://ed-fi.org/LanguageDescriptor,sme,Northern Sami,Northern Sami
language_descriptors,ed-fi,uri://ed-fi.org/LanguageDescriptor,smi,Sami languages,Sami languages
language_descriptors,ed-fi,uri://ed-fi.org/LanguageDescriptor,smj,Lule Sami,Lule Sami
language_descriptors,ed-fi,uri://ed-fi.org/LanguageDescriptor,smn,Inari Sami,Inari Sami
language_descriptors,ed-fi,uri://ed-fi.org/LanguageDescriptor,smo,Samoan,Samoan
language_descriptors,ed-fi,uri://ed-fi.org/LanguageDescriptor,sms,Skolt Sami,Skolt Sami
language_descriptors,ed-fi,uri://ed-fi.org/LanguageDescriptor,sna,Shona,Shona
language_descriptors,ed-fi,uri://ed-fi.org/LanguageDescriptor,snd,Sindhi,Sindhi
language_descriptors,ed-fi,uri://ed-fi.org/LanguageDescriptor,snk,Soninke,Soninke
language_descriptors,ed-fi,uri://ed-fi.org/LanguageDescriptor,sog,Sogdian,Sogdian
language_descriptors,ed-fi,uri://ed-fi.org/LanguageDescriptor,som,Somali,Somali
language_descriptors,ed-fi,uri://ed-fi.org/LanguageDescriptor,son,Songhai languages,Songhai languages
language_descriptors,ed-fi,uri://ed-fi.org/LanguageDescriptor,sot,"Sotho, Southern","Sotho, Southern"
language_descriptors,ed-fi,uri://ed-fi.org/LanguageDescriptor,spa,Spanish,Spanish
language_descriptors,ed-fi,uri://ed-fi.org/LanguageDescriptor,srd,Sardinian,Sardinian
language_descriptors,ed-fi,uri://ed-fi.org/LanguageDescriptor,srn,Sranan Tongo,Sranan Tongo
language_descriptors,ed-fi,uri://ed-fi.org/LanguageDescriptor,srp,Serbian,Serbian
language_descriptors,ed-fi,uri://ed-fi.org/LanguageDescriptor,srr,Serer,Serer
language_descriptors,ed-fi,uri://ed-fi.org/LanguageDescriptor,ssa,Nilo-Saharan languages,Nilo-Saharan languages
language_descriptors,ed-fi,uri://ed-fi.org/LanguageDescriptor,ssw,Swati,Swati
language_descriptors,ed-fi,uri://ed-fi.org/LanguageDescriptor,suk,Sukuma,Sukuma
language_descriptors,ed-fi,uri://ed-fi.org/LanguageDescriptor,sun,Sundanese,Sundanese
language_descriptors,ed-fi,uri://ed-fi.org/LanguageDescriptor,sus,Susu,Susu
language_descriptors,ed-fi,uri://ed-fi.org/LanguageDescriptor,sux,Sumerian,Sumerian
language_descriptors,ed-fi,uri://ed-fi.org/LanguageDescriptor,swa,Swahili,Swahili
language_descriptors,ed-fi,uri://ed-fi.org/LanguageDescriptor,swe,Swedish,Swedish
language_descriptors,ed-fi,uri://ed-fi.org/LanguageDescriptor,syc,Classical Syriac,Classical Syriac
language_descriptors,ed-fi,uri://ed-fi.org/LanguageDescriptor,syr,Syriac,Syriac
language_descriptors,ed-fi,uri://ed-fi.org/LanguageDescriptor,tah,Tahitian,Tahitian
language_descriptors,ed-fi,uri://ed-fi.org/LanguageDescriptor,tai,Tai languages,Tai languages
language_descriptors,ed-fi,uri://ed-fi.org/LanguageDescriptor,tam,Tamil,Tamil
language_descriptors,ed-fi,uri://ed-fi.org/LanguageDescriptor,tat,Tatar,Tatar
language_descriptors,ed-fi,uri://ed-fi.org/LanguageDescriptor,tel,Telugu,Telugu
language_descriptors,ed-fi,uri://ed-fi.org/LanguageDescriptor,tem,Timne,Timne
language_descriptors,ed-fi,uri://ed-fi.org/LanguageDescriptor,ter,Tereno,Tereno
language_descriptors,ed-fi,uri://ed-fi.org/LanguageDescriptor,tet,Tetum,Tetum
language_descriptors,ed-fi,uri://ed-fi.org/LanguageDescriptor,tgk,Tajik,Tajik
language_descriptors,ed-fi,uri://ed-fi.org/LanguageDescriptor,tgl,Tagalog,Tagalog
language_descriptors,ed-fi,uri://ed-fi.org/LanguageDescriptor,tha,Thai,Thai
language_descriptors,ed-fi,uri://ed-fi.org/LanguageDescriptor,tib,Tibetan,Tibetan
language_descriptors,ed-fi,uri://ed-fi.org/LanguageDescriptor,tig,Tigre,Tigre
language_descriptors,ed-fi,uri://ed-fi.org/LanguageDescriptor,tir,Tigrinya,Tigrinya
language_descriptors,ed-fi,uri://ed-fi.org/LanguageDescriptor,tiv,Tiv,Tiv
language_descriptors,ed-fi,uri://ed-fi.org/LanguageDescriptor,tkl,Tokelau,Tokelau
language_descriptors,ed-fi,uri://ed-fi.org/LanguageDescriptor,tlh,Klingon,Klingon
language_descriptors,ed-fi,uri://ed-fi.org/LanguageDescriptor,tli,Tlingit,Tlingit
language_descriptors,ed-fi,uri://ed-fi.org/LanguageDescriptor,tmh,Tamashek,Tamashek
language_descriptors,ed-fi,uri://ed-fi.org/LanguageDescriptor,tog,Tonga (Nyasa),Tonga (Nyasa)
language_descriptors,ed-fi,uri://ed-fi.org/LanguageDescriptor,ton,Tonga (Tonga Islands),Tonga (Tonga Islands)
language_descriptors,ed-fi,uri://ed-fi.org/LanguageDescriptor,tpi,Tok Pisin,Tok Pisin
language_descriptors,ed-fi,uri://ed-fi.org/LanguageDescriptor,tsi,Tsimshian,Tsimshian
language_descriptors,ed-fi,uri://ed-fi.org/LanguageDescriptor,tsn,Tswana,Tswana
language_descriptors,ed-fi,uri://ed-fi.org/LanguageDescriptor,tso,Tsonga,Tsonga
language_descriptors,ed-fi,uri://ed-fi.org/LanguageDescriptor,tuk,Turkmen,Turkmen
language_descriptors,ed-fi,uri://ed-fi.org/LanguageDescriptor,tum,Tumbuka,Tumbuka
language_descriptors,ed-fi,uri://ed-fi.org/LanguageDescriptor,tup,Tupi languages,Tupi languages
language_descriptors,ed-fi,uri://ed-fi.org/LanguageDescriptor,tur,Turkish,Turkish
language_descriptors,ed-fi,uri://ed-fi.org/LanguageDescriptor,tut,Altaic languages,Altaic languages
language_descriptors,ed-fi,uri://ed-fi.org/LanguageDescriptor,tvl,Tuvalu,Tuvalu
language_descriptors,ed-fi,uri://ed-fi.org/LanguageDescriptor,twi,Twi,Twi
language_descriptors,ed-fi,uri://ed-fi.org/LanguageDescriptor,tyv,Tuvinian,Tuvinian
language_descriptors,ed-fi,uri://ed-fi.org/LanguageDescriptor,udm,Udmurt,Udmurt
language_descriptors,ed-fi,uri://ed-fi.org/LanguageDescriptor,uga,Ugaritic,Ugaritic
language_descriptors,ed-fi,uri://ed-fi.org/LanguageDescriptor,uig,Uighur,Uighur
language_descriptors,ed-fi,uri://ed-fi.org/LanguageDescriptor,ukr,Ukrainian,Ukrainian
language_descriptors,ed-fi,uri://ed-fi.org/LanguageDescriptor,umb,Umbundu,Umbundu
language_descriptors,ed-fi,uri://ed-fi.org/LanguageDescriptor,und,Undetermined,Undetermined
language_descriptors,ed-fi,uri://ed-fi.org/LanguageDescriptor,urd,Urdu,Urdu
language_descriptors,ed-fi,uri://ed-fi.org/LanguageDescriptor,uzb,Uzbek,Uzbek
language_descriptors,ed-fi,uri://ed-fi.org/LanguageDescriptor,vai,Vai,Vai
language_descriptors,ed-fi,uri://ed-fi.org/LanguageDescriptor,ven,Venda,Venda
language_descriptors,ed-fi,uri://ed-fi.org/LanguageDescriptor,vie,Vietnamese,Vietnamese
language_descriptors,ed-fi,uri://ed-fi.org/LanguageDescriptor,vol,VolapÃ¼k,VolapÃ¼k
language_descriptors,ed-fi,uri://ed-fi.org/LanguageDescriptor,vot,Votic,Votic
language_descriptors,ed-fi,uri://ed-fi.org/LanguageDescriptor,wak,Wakashan languages,Wakashan languages
language_descriptors,ed-fi,uri://ed-fi.org/LanguageDescriptor,wal,Wolaitta,Wolaitta
language_descriptors,ed-fi,uri://ed-fi.org/LanguageDescriptor,war,Waray,Waray
language_descriptors,ed-fi,uri://ed-fi.org/LanguageDescriptor,was,Washo,Washo
language_descriptors,ed-fi,uri://ed-fi.org/LanguageDescriptor,wel,Welsh,Welsh
language_descriptors,ed-fi,uri://ed-fi.org/LanguageDescriptor,wen,Sorbian languages,Sorbian languages
language_descriptors,ed-fi,uri://ed-fi.org/LanguageDescriptor,wln,Walloon,Walloon
language_descriptors,ed-fi,uri://ed-fi.org/LanguageDescriptor,wol,Wolof,Wolof
language_descriptors,ed-fi,uri://ed-fi.org/LanguageDescriptor,xal,Kalmyk,Kalmyk
language_descriptors,ed-fi,uri://ed-fi.org/LanguageDescriptor,xho,Xhosa,Xhosa
language_descriptors,ed-fi,uri://ed-fi.org/LanguageDescriptor,yao,Yao,Yao
language_descriptors,ed-fi,uri://ed-fi.org/LanguageDescriptor,yap,Yapese,Yapese
language_descriptors,ed-fi,uri://ed-fi.org/LanguageDescriptor,yid,Yiddish,Yiddish
language_descriptors,ed-fi,uri://ed-fi.org/LanguageDescriptor,yor,Yoruba,Yoruba
language_descriptors,ed-fi,uri://ed-fi.org/LanguageDescriptor,ypk,Yupik languages,Yupik languages
language_descriptors,ed-fi,uri://ed-fi.org/LanguageDescriptor,zap,Zapotec,Zapotec
language_descriptors,ed-fi,uri://ed-fi.org/LanguageDescriptor,zbl,Blissymbols,Blissymbols
language_descriptors,ed-fi,uri://ed-fi.org/LanguageDescriptor,zen,Zenaga,Zenaga
language_descriptors,ed-fi,uri://ed-fi.org/LanguageDescriptor,zgh,Standard Moroccan Tamazight,Standard Moroccan Tamazight
language_descriptors,ed-fi,uri://ed-fi.org/LanguageDescriptor,zha,Zhuang,Zhuang
language_descriptors,ed-fi,uri://ed-fi.org/LanguageDescriptor,znd,Zande languages,Zande languages
language_descriptors,ed-fi,uri://ed-fi.org/LanguageDescriptor,zul,Zulu,Zulu
language_descriptors,ed-fi,uri://ed-fi.org/LanguageDescriptor,zun,Zuni,Zuni
language_descriptors,ed-fi,uri://ed-fi.org/LanguageDescriptor,zza,Zaza,Zaza
language_instruction_program_service_descriptors,ed-fi,uri://ed-fi.org/LanguageInstructionProgramServiceDescriptor,Content-Based ESL,Content-Based ESL,Content-Based ESL
language_instruction_program_service_descriptors,ed-fi,uri://ed-fi.org/LanguageInstructionProgramServiceDescriptor,Developmental Bilingual,Developmental Bilingual,Developmental Bilingual
language_instruction_program_service_descriptors,ed-fi,uri://ed-fi.org/LanguageInstructionProgramServiceDescriptor,Dual Language,Dual Language,Dual Language
language_instruction_program_service_descriptors,ed-fi,uri://ed-fi.org/LanguageInstructionProgramServiceDescriptor,Heritage Language,Heritage Language,Heritage Language
language_instruction_program_service_descriptors,ed-fi,uri://ed-fi.org/LanguageInstructionProgramServiceDescriptor,Other,Other,Other
language_instruction_program_service_descriptors,ed-fi,uri://ed-fi.org/LanguageInstructionProgramServiceDescriptor,Pull-Out ESL,Pull-Out ESL,Pull-Out ESL
language_instruction_program_service_descriptors,ed-fi,uri://ed-fi.org/LanguageInstructionProgramServiceDescriptor,SDAIE,SDAIE - Specially Designed Academic Instruction Delivered In English,SDAIE - Specially Designed Academic Instruction Delivered In English
language_instruction_program_service_descriptors,ed-fi,uri://ed-fi.org/LanguageInstructionProgramServiceDescriptor,Sheltered English Instruction,Sheltered English Instruction,Sheltered English Instruction
language_instruction_program_service_descriptors,ed-fi,uri://ed-fi.org/LanguageInstructionProgramServiceDescriptor,Structured English Immersion,Structured English Immersion,Structured English Immersion
language_instruction_program_service_descriptors,ed-fi,uri://ed-fi.org/LanguageInstructionProgramServiceDescriptor,Transitional Bilingual,Transitional Bilingual,Transitional Bilingual
language_instruction_program_service_descriptors,ed-fi,uri://ed-fi.org/LanguageInstructionProgramServiceDescriptor,Two-Way Immersion,Two-Way Immersion,Two-Way Immersion
language_use_descriptors,ed-fi,uri://ed-fi.org/LanguageUseDescriptor,Correspondence language,Correspondence language,Correspondence language
language_use_descriptors,ed-fi,uri://ed-fi.org/LanguageUseDescriptor,Dominant language,Dominant language,Dominant language
language_use_descriptors,ed-fi,uri://ed-fi.org/LanguageUseDescriptor,Home language,Home language,Home language
language_use_descriptors,ed-fi,uri://ed-fi.org/LanguageUseDescriptor,Native language,Native language,Native language
language_use_descriptors,ed-fi,uri://ed-fi.org/LanguageUseDescriptor,Other,Other,Other
language_use_descriptors,ed-fi,uri://ed-fi.org/LanguageUseDescriptor,Other language proficiency,Other language proficiency,Other language proficiency
language_use_descriptors,ed-fi,uri://ed-fi.org/LanguageUseDescriptor,Spoken language,Spoken language,Spoken language
language_use_descriptors,ed-fi,uri://ed-fi.org/LanguageUseDescriptor,Written language,Written language,Written language
learning_standard_category_descriptors,ed-fi,uri://ed-fi.org/LearningStandardCategoryDescriptor,Core Ideas,Core Ideas,Core Ideas
learning_standard_category_descriptors,ed-fi,uri://ed-fi.org/LearningStandardCategoryDescriptor,Crosscutting Concepts,Crosscutting Concepts,Crosscutting Concepts
learning_standard_category_descriptors,ed-fi,uri://ed-fi.org/LearningStandardCategoryDescriptor,Practices,Practices,Practices
learning_standard_equivalence_strength_descriptors,ed-fi,uri://ed-fi.org/LearningStandardEquivalenceStrengthDescriptor,Equivalent,Equivalent,Equivalent
learning_standard_equivalence_strength_descriptors,ed-fi,uri://ed-fi.org/LearningStandardEquivalenceStrengthDescriptor,Minimally equivalent,Minimally equivalent,Minimally equivalent
learning_standard_equivalence_strength_descriptors,ed-fi,uri://ed-fi.org/LearningStandardEquivalenceStrengthDescriptor,Mostly equivalent,Mostly equivalent,Mostly equivalent
learning_standard_equivalence_strength_descriptors,ed-fi,uri://ed-fi.org/LearningStandardEquivalenceStrengthDescriptor,Partially equivalent,Partially equivalent,Partially equivalent
learning_standard_scope_descriptors,ed-fi,uri://ed-fi.org/LearningStandardScopeDescriptor,Classroom,Classroom,Classroom
learning_standard_scope_descriptors,ed-fi,uri://ed-fi.org/LearningStandardScopeDescriptor,International,International,International
learning_standard_scope_descriptors,ed-fi,uri://ed-fi.org/LearningStandardScopeDescriptor,Local education agency,Local education agency,Local education agency
learning_standard_scope_descriptors,ed-fi,uri://ed-fi.org/LearningStandardScopeDescriptor,Multi-state or National,Multi-state or National,Multi-state or National
learning_standard_scope_descriptors,ed-fi,uri://ed-fi.org/LearningStandardScopeDescriptor,School,School,School
learning_standard_scope_descriptors,ed-fi,uri://ed-fi.org/LearningStandardScopeDescriptor,State,State,State
level_of_education_descriptors,ed-fi,uri://ed-fi.org/LevelOfEducationDescriptor,Associate's Degree (two years or more),Associate's Degree (two years or more),Associate's Degree (two years or more)
level_of_education_descriptors,ed-fi,uri://ed-fi.org/LevelOfEducationDescriptor,Bachelor's,Bachelor's,Bachelor's
level_of_education_descriptors,ed-fi,uri://ed-fi.org/LevelOfEducationDescriptor,Did Not Graduate High School,Did Not Graduate High School,Did Not Graduate High School
level_of_education_descriptors,ed-fi,uri://ed-fi.org/LevelOfEducationDescriptor,Doctorate,Doctorate,Doctorate
level_of_education_descriptors,ed-fi,uri://ed-fi.org/LevelOfEducationDescriptor,High School Diploma,High School Diploma,High School Diploma
level_of_education_descriptors,ed-fi,uri://ed-fi.org/LevelOfEducationDescriptor,Master's,Master's,Master's
level_of_education_descriptors,ed-fi,uri://ed-fi.org/LevelOfEducationDescriptor,Some College No Degree,Some College No Degree,Some College No Degree
license_status_descriptors,ed-fi,uri://ed-fi.org/LicenseStatusDescriptor,Exempt,Exempt,Exempt
license_status_descriptors,ed-fi,uri://ed-fi.org/LicenseStatusDescriptor,Regulated,Regulated,Regulated
license_status_descriptors,ed-fi,uri://ed-fi.org/LicenseStatusDescriptor,Unregulated,Unregulated,Unregulated
license_type_descriptors,ed-fi,uri://ed-fi.org/LicenseTypeDescriptor,Before- and After-School Programs,Before- and After-School Programs,Before- and After-School Programs
license_type_descriptors,ed-fi,uri://ed-fi.org/LicenseTypeDescriptor,Child Care Center,Child Care Center,Child Care Center
license_type_descriptors,ed-fi,uri://ed-fi.org/LicenseTypeDescriptor,Child Care Program,Child Care Program,Child Care Program
license_type_descriptors,ed-fi,uri://ed-fi.org/LicenseTypeDescriptor,Child Placing Agency,Child Placing Agency,Child Placing Agency
license_type_descriptors,ed-fi,uri://ed-fi.org/LicenseTypeDescriptor,Day Treatment Program,Day Treatment Program,Day Treatment Program
license_type_descriptors,ed-fi,uri://ed-fi.org/LicenseTypeDescriptor,Family Child Care Home,Family Child Care Home,Family Child Care Home
license_type_descriptors,ed-fi,uri://ed-fi.org/LicenseTypeDescriptor,Independent Foster Home,Independent Foster Home,Independent Foster Home
license_type_descriptors,ed-fi,uri://ed-fi.org/LicenseTypeDescriptor,Large Family Child Care Home,Large Family Child Care Home,Large Family Child Care Home
license_type_descriptors,ed-fi,uri://ed-fi.org/LicenseTypeDescriptor,Night Care,Night Care,Night Care
license_type_descriptors,ed-fi,uri://ed-fi.org/LicenseTypeDescriptor,Purchase of Care,Purchase of Care,Purchase of Care
license_type_descriptors,ed-fi,uri://ed-fi.org/LicenseTypeDescriptor,Residential Child Care,Residential Child Care,Residential Child Care
license_type_descriptors,ed-fi,uri://ed-fi.org/LicenseTypeDescriptor,School Age Program,School Age Program,School Age Program
license_type_descriptors,ed-fi,uri://ed-fi.org/LicenseTypeDescriptor,Shelter Care,Shelter Care,Shelter Care
license_type_descriptors,ed-fi,uri://ed-fi.org/LicenseTypeDescriptor,Specialized Day Care,Specialized Day Care,Specialized Day Care
license_type_descriptors,ed-fi,uri://ed-fi.org/LicenseTypeDescriptor,Temporary Shelter Care,Temporary Shelter Care,Temporary Shelter Care
limited_english_proficiency_descriptors,ed-fi,uri://ed-fi.org/LimitedEnglishProficiencyDescriptor,Limited,Limited,Limited
limited_english_proficiency_descriptors,ed-fi,uri://ed-fi.org/LimitedEnglishProficiencyDescriptor,Limited Monitored 1,Limited Monitored 1,Limited Monitored 1
limited_english_proficiency_descriptors,ed-fi,uri://ed-fi.org/LimitedEnglishProficiencyDescriptor,Limited Monitored 2,Limited Monitored 2,Limited Monitored 2
limited_english_proficiency_descriptors,ed-fi,uri://ed-fi.org/LimitedEnglishProficiencyDescriptor,NotLimited,NotLimited,NotLimited
local_education_agency_category_descriptors,ed-fi,uri://ed-fi.org/LocalEducationAgencyCategoryDescriptor,Charter,Charter,Charter
local_education_agency_category_descriptors,ed-fi,uri://ed-fi.org/LocalEducationAgencyCategoryDescriptor,Independent,Independent,Independent
locale_descriptors,ed-fi,uri://ed-fi.org/LocaleDescriptor,City-Large,City-Large,City-Large
locale_descriptors,ed-fi,uri://ed-fi.org/LocaleDescriptor,City-Midsize,City-Midsize,City-Midsize
locale_descriptors,ed-fi,uri://ed-fi.org/LocaleDescriptor,City-Small,City-Small,City-Small
locale_descriptors,ed-fi,uri://ed-fi.org/LocaleDescriptor,Rural-Distant,Rural-Distant,Rural-Distant
locale_descriptors,ed-fi,uri://ed-fi.org/LocaleDescriptor,Rural-Fringe,Rural-Fringe,Rural-Fringe
locale_descriptors,ed-fi,uri://ed-fi.org/LocaleDescriptor,Rural-Remote,Rural-Remote,Rural-Remote
locale_descriptors,ed-fi,uri://ed-fi.org/LocaleDescriptor,Suburban-Large,Suburban-Large,Suburban-Large
locale_descriptors,ed-fi,uri://ed-fi.org/LocaleDescriptor,Suburban-Midsize,Suburban-Midsize,Suburban-Midsize
locale_descriptors,ed-fi,uri://ed-fi.org/LocaleDescriptor,Suburban-Small,Suburban-Small,Suburban-Small
locale_descriptors,ed-fi,uri://ed-fi.org/LocaleDescriptor,Town-Distant,Town-Distant,Town-Distant
locale_descriptors,ed-fi,uri://ed-fi.org/LocaleDescriptor,Town-Fringe,Town-Fringe,Town-Fringe
locale_descriptors,ed-fi,uri://ed-fi.org/LocaleDescriptor,Town-Remote,Town-Remote,Town-Remote
magnet_special_program_emphasis_school_descriptors,ed-fi,uri://ed-fi.org/MagnetSpecialProgramEmphasisSchoolDescriptor,All students participate,All students participate,All students participate
magnet_special_program_emphasis_school_descriptors,ed-fi,uri://ed-fi.org/MagnetSpecialProgramEmphasisSchoolDescriptor,No students participate,No students participate,No students participate
magnet_special_program_emphasis_school_descriptors,ed-fi,uri://ed-fi.org/MagnetSpecialProgramEmphasisSchoolDescriptor,"Some, but not all, students participate","Some, but not all, students participate","Some, but not all, students participate"
medium_of_instruction_descriptors,ed-fi,uri://ed-fi.org/MediumOfInstructionDescriptor,Center-based instruction,Center-based instruction,Center-based instruction
medium_of_instruction_descriptors,ed-fi,uri://ed-fi.org/MediumOfInstructionDescriptor,Correspondence instruction,Correspondence instruction,Correspondence instruction
medium_of_instruction_descriptors,ed-fi,uri://ed-fi.org/MediumOfInstructionDescriptor,Distance Learning (other than online),Distance Learning (other than online),Distance Learning (other than online)
medium_of_instruction_descriptors,ed-fi,uri://ed-fi.org/MediumOfInstructionDescriptor,Face-to-face instruction,Face-to-face instruction,Face-to-face instruction
medium_of_instruction_descriptors,ed-fi,uri://ed-fi.org/MediumOfInstructionDescriptor,Independent study,Independent study,Independent study
medium_of_instruction_descriptors,ed-fi,uri://ed-fi.org/MediumOfInstructionDescriptor,Internship,Internship,Internship
medium_of_instruction_descriptors,ed-fi,uri://ed-fi.org/MediumOfInstructionDescriptor,Other,Other,Other
medium_of_instruction_descriptors,ed-fi,uri://ed-fi.org/MediumOfInstructionDescriptor,Other technology-based instruction,Other technology-based instruction,Other technology-based instruction
medium_of_instruction_descriptors,ed-fi,uri://ed-fi.org/MediumOfInstructionDescriptor,Technology-based instruction in classroom,Technology-based instruction in classroom,Technology-based instruction in classroom
medium_of_instruction_descriptors,ed-fi,uri://ed-fi.org/MediumOfInstructionDescriptor,Telepresence/video conference,Telepresence/video conference,Telepresence/video conference
medium_of_instruction_descriptors,ed-fi,uri://ed-fi.org/MediumOfInstructionDescriptor,Televised,Televised,Televised
medium_of_instruction_descriptors,ed-fi,uri://ed-fi.org/MediumOfInstructionDescriptor,Videotaped/prerecorded video,Videotaped/prerecorded video,Videotaped/prerecorded video
medium_of_instruction_descriptors,ed-fi,uri://ed-fi.org/MediumOfInstructionDescriptor,Virtual/On-line Distance learning,Virtual/On-line Distance learning,Virtual/On-line Distance learning
method_credit_earned_descriptors,ed-fi,uri://ed-fi.org/MethodCreditEarnedDescriptor,Classroom credit,Classroom credit,Classroom credit
method_credit_earned_descriptors,ed-fi,uri://ed-fi.org/MethodCreditEarnedDescriptor,Converted occupational experience credit,Converted occupational experience credit,Converted occupational experience credit
method_credit_earned_descriptors,ed-fi,uri://ed-fi.org/MethodCreditEarnedDescriptor,Correspondence credit,Correspondence credit,Correspondence credit
method_credit_earned_descriptors,ed-fi,uri://ed-fi.org/MethodCreditEarnedDescriptor,Credit by examination,Credit by examination,Credit by examination
method_credit_earned_descriptors,ed-fi,uri://ed-fi.org/MethodCreditEarnedDescriptor,Credit recovery,Credit recovery,Credit recovery
method_credit_earned_descriptors,ed-fi,uri://ed-fi.org/MethodCreditEarnedDescriptor,Online credit,Online credit,Online credit
method_credit_earned_descriptors,ed-fi,uri://ed-fi.org/MethodCreditEarnedDescriptor,Other,Other,Other
method_credit_earned_descriptors,ed-fi,uri://ed-fi.org/MethodCreditEarnedDescriptor,Transfer credit,Transfer credit,Transfer credit
migrant_education_program_service_descriptors,ed-fi,uri://ed-fi.org/MigrantEducationProgramServiceDescriptor,Counseling Services,Counseling Services,Counseling Services
migrant_education_program_service_descriptors,ed-fi,uri://ed-fi.org/MigrantEducationProgramServiceDescriptor,High School Accrual,High School Accrual,High School Accrual
migrant_education_program_service_descriptors,ed-fi,uri://ed-fi.org/MigrantEducationProgramServiceDescriptor,Instructional Services,Instructional Services,Instructional Services
migrant_education_program_service_descriptors,ed-fi,uri://ed-fi.org/MigrantEducationProgramServiceDescriptor,Mathematics Instruction,Mathematics Instruction,Mathematics Instruction
migrant_education_program_service_descriptors,ed-fi,uri://ed-fi.org/MigrantEducationProgramServiceDescriptor,Reading Instruction,Reading Instruction,Reading Instruction
migrant_education_program_service_descriptors,ed-fi,uri://ed-fi.org/MigrantEducationProgramServiceDescriptor,Referral Services,Referral Services,Referral Services
migrant_education_program_service_descriptors,ed-fi,uri://ed-fi.org/MigrantEducationProgramServiceDescriptor,Support Services,Support Services,Support Services
monitored_descriptors,ed-fi,uri://ed-fi.org/MonitoredDescriptor,Not Monitored,Not Monitored,Not Monitored
monitored_descriptors,ed-fi,uri://ed-fi.org/MonitoredDescriptor,Year 1,Year 1,Year 1
monitored_descriptors,ed-fi,uri://ed-fi.org/MonitoredDescriptor,Year 2,Year 2,Year 2
neglected_or_delinquent_program_descriptors,ed-fi,uri://ed-fi.org/NeglectedOrDelinquentProgramDescriptor,Adult Corrections,Adult Corrections,Adult Corrections
neglected_or_delinquent_program_descriptors,ed-fi,uri://ed-fi.org/NeglectedOrDelinquentProgramDescriptor,Juvenile Corrections,Juvenile Corrections,Juvenile Corrections
neglected_or_delinquent_program_descriptors,ed-fi,uri://ed-fi.org/NeglectedOrDelinquentProgramDescriptor,Juvenile Detention Facilities,Juvenile Detention Facilities,Juvenile Detention Facilities
neglected_or_delinquent_program_descriptors,ed-fi,uri://ed-fi.org/NeglectedOrDelinquentProgramDescriptor,Neglected Programs,Neglected Programs,Neglected Programs
neglected_or_delinquent_program_descriptors,ed-fi,uri://ed-fi.org/NeglectedOrDelinquentProgramDescriptor,Other Programs,Other Programs,Other Programs
neglected_or_delinquent_program_service_descriptors,ed-fi,uri://ed-fi.org/NeglectedOrDelinquentProgramServiceDescriptor,At-risk Indian Youth Programs,At-risk Indian Youth Programs,At-risk Indian Youth Programs
neglected_or_delinquent_program_service_descriptors,ed-fi,uri://ed-fi.org/NeglectedOrDelinquentProgramServiceDescriptor,Dropout Prevention Programs,Dropout Prevention Programs,Dropout Prevention Programs
neglected_or_delinquent_program_service_descriptors,ed-fi,uri://ed-fi.org/NeglectedOrDelinquentProgramServiceDescriptor,Health And Social Services,Health And Social Services,Health And Social Services
neglected_or_delinquent_program_service_descriptors,ed-fi,uri://ed-fi.org/NeglectedOrDelinquentProgramServiceDescriptor,Mentoring Programs,Mentoring Programs,Mentoring Programs
neglected_or_delinquent_program_service_descriptors,ed-fi,uri://ed-fi.org/NeglectedOrDelinquentProgramServiceDescriptor,Pay For Success Initiatives,Pay For Success Initiatives,Pay For Success Initiatives
neglected_or_delinquent_program_service_descriptors,ed-fi,uri://ed-fi.org/NeglectedOrDelinquentProgramServiceDescriptor,Special Programs,Special Programs,Special Programs
neglected_or_delinquent_program_service_descriptors,ed-fi,uri://ed-fi.org/NeglectedOrDelinquentProgramServiceDescriptor,Transition Programs,Transition Programs,Transition Programs
network_purpose_descriptors,ed-fi,uri://ed-fi.org/NetworkPurposeDescriptor,Collective Procurement,Collective Procurement,Collective Procurement
network_purpose_descriptors,ed-fi,uri://ed-fi.org/NetworkPurposeDescriptor,Shared Services,Shared Services,Shared Services
old_ethnicity_descriptors,ed-fi,uri://ed-fi.org/OldEthnicityDescriptor,American Indian Or Alaskan Native,American Indian Or Alaskan Native,American Indian Or Alaskan Native
old_ethnicity_descriptors,ed-fi,uri://ed-fi.org/OldEthnicityDescriptor,Asian Or Pacific Islander,Asian Or Pacific Islander,Asian Or Pacific Islander
old_ethnicity_descriptors,ed-fi,uri://ed-fi.org/OldEthnicityDescriptor,"Black, Not Of Hispanic Origin","Black, Not Of Hispanic Origin","Black, Not Of Hispanic Origin"
old_ethnicity_descriptors,ed-fi,uri://ed-fi.org/OldEthnicityDescriptor,Hispanic,Hispanic,Hispanic
old_ethnicity_descriptors,ed-fi,uri://ed-fi.org/OldEthnicityDescriptor,"White, Not Of Hispanic Origin","White, Not Of Hispanic Origin","White, Not Of Hispanic Origin"
operational_status_descriptors,ed-fi,uri://ed-fi.org/OperationalStatusDescriptor,Active,Active,Active
operational_status_descriptors,ed-fi,uri://ed-fi.org/OperationalStatusDescriptor,Added,Added,Added
operational_status_descriptors,ed-fi,uri://ed-fi.org/OperationalStatusDescriptor,Changed,Changed,Changed
operational_status_descriptors,ed-fi,uri://ed-fi.org/OperationalStatusDescriptor,Closed,Closed,Closed
operational_status_descriptors,ed-fi,uri://ed-fi.org/OperationalStatusDescriptor,Future,Future,Future
operational_status_descriptors,ed-fi,uri://ed-fi.org/OperationalStatusDescriptor,Inactive,Inactive,Inactive
operational_status_descriptors,ed-fi,uri://ed-fi.org/OperationalStatusDescriptor,New,New,New
operational_status_descriptors,ed-fi,uri://ed-fi.org/OperationalStatusDescriptor,Reopened,Reopened,Reopened
other_name_type_descriptors,ed-fi,uri://ed-fi.org/OtherNameTypeDescriptor,Alias,Alias,Alias
other_name_type_descriptors,ed-fi,uri://ed-fi.org/OtherNameTypeDescriptor,Nickname,Nickname,Nickname
other_name_type_descriptors,ed-fi,uri://ed-fi.org/OtherNameTypeDescriptor,Other Name,Other Name,Other Name
other_name_type_descriptors,ed-fi,uri://ed-fi.org/OtherNameTypeDescriptor,Previous Legal Name,Previous Legal Name,Previous Legal Name
participation_descriptors,ed-fi,uri://ed-fi.org/ParticipationDescriptor,Attempted,Attempted,Attempted but did not complete
participation_descriptors,ed-fi,uri://ed-fi.org/ParticipationDescriptor,Completed,Completed,Completed
participation_descriptors,ed-fi,uri://ed-fi.org/ParticipationDescriptor,Did Not Take,Did Not Take,Did Not Take
participation_descriptors,ed-fi,uri://ed-fi.org/ParticipationDescriptor,Unable Due To Medical Emergency,Unable Due To Medical Emergency,Unable Due To Medical Emergency
participation_status_descriptors,ed-fi,uri://ed-fi.org/ParticipationStatusDescriptor,Active in Program,Active in Program,Active in Program
participation_status_descriptors,ed-fi,uri://ed-fi.org/ParticipationStatusDescriptor,Eligible,Eligible,Eligible
participation_status_descriptors,ed-fi,uri://ed-fi.org/ParticipationStatusDescriptor,Not Eligible,Not Eligible,Not Eligible
participation_status_descriptors,ed-fi,uri://ed-fi.org/ParticipationStatusDescriptor,Referred,Referred,Referred
participation_status_descriptors,ed-fi,uri://ed-fi.org/ParticipationStatusDescriptor,Refused,Refused,Refused
performance_base_conversion_descriptors,ed-fi,uri://ed-fi.org/PerformanceBaseConversionDescriptor,Advanced,Advanced,Advanced
performance_base_conversion_descriptors,ed-fi,uri://ed-fi.org/PerformanceBaseConversionDescriptor,Basic,Basic,Basic
performance_base_conversion_descriptors,ed-fi,uri://ed-fi.org/PerformanceBaseConversionDescriptor,Below Basic,Below Basic,Below Basic
performance_base_conversion_descriptors,ed-fi,uri://ed-fi.org/PerformanceBaseConversionDescriptor,Fail,Fail,Fail
performance_base_conversion_descriptors,ed-fi,uri://ed-fi.org/PerformanceBaseConversionDescriptor,Pass,Pass,Pass
performance_base_conversion_descriptors,ed-fi,uri://ed-fi.org/PerformanceBaseConversionDescriptor,Proficient,Proficient,Proficient
performance_base_conversion_descriptors,ed-fi,uri://ed-fi.org/PerformanceBaseConversionDescriptor,Well Below Basic,Well Below Basic,Well Below Basic
performance_level_descriptors,ed-fi,uri://ed-fi.org/PerformanceLevelDescriptor,Above Benchmark,DEPRECATED: Above Benchmark,DEPRECATED: Above Benchmark
performance_level_descriptors,ed-fi,uri://ed-fi.org/PerformanceLevelDescriptor,Advanced,Advanced,Advanced
performance_level_descriptors,ed-fi,uri://ed-fi.org/PerformanceLevelDescriptor,Basic,Basic,Basic
performance_level_descriptors,ed-fi,uri://ed-fi.org/PerformanceLevelDescriptor,Below Basic,Below Basic,Below Basic
performance_level_descriptors,ed-fi,uri://ed-fi.org/PerformanceLevelDescriptor,Commended Performance,DEPRECATED: Commended Performance,DEPRECATED: Commended Performance
performance_level_descriptors,ed-fi,uri://ed-fi.org/PerformanceLevelDescriptor,Did Not Meet Standard,Did Not Meet Standard,Did Not Meet Standard
performance_level_descriptors,ed-fi,uri://ed-fi.org/PerformanceLevelDescriptor,Fail,Fail,Fail
performance_level_descriptors,ed-fi,uri://ed-fi.org/PerformanceLevelDescriptor,Met Standard,Met Standard,Met Standard
performance_level_descriptors,ed-fi,uri://ed-fi.org/PerformanceLevelDescriptor,Minimum,DEPRECATED: Minimum,DEPRECATED: Minimum
performance_level_descriptors,ed-fi,uri://ed-fi.org/PerformanceLevelDescriptor,Pass,Pass,Pass
performance_level_descriptors,ed-fi,uri://ed-fi.org/PerformanceLevelDescriptor,Proficient,DEPRECATED: Proficient,DEPRECATED: Proficient
performance_level_descriptors,ed-fi,uri://ed-fi.org/PerformanceLevelDescriptor,Satisfactory,DEPRECATED: Satisfactory,DEPRECATED: Satisfactory
performance_level_descriptors,ed-fi,uri://ed-fi.org/PerformanceLevelDescriptor,Unsatisfactory,DEPRECATED: Unsatisfactory,DEPRECATED: Unsatisfactory
performance_level_descriptors,ed-fi,uri://ed-fi.org/PerformanceLevelDescriptor,Well Below Basic,Well Below Basic,Well Below Basic
personal_information_verification_descriptors,ed-fi,uri://ed-fi.org/PersonalInformationVerificationDescriptor,Baptismal or church certificate,Baptismal or church certificate,Baptismal or church certificate
personal_information_verification_descriptors,ed-fi,uri://ed-fi.org/PersonalInformationVerificationDescriptor,Birth certificate,Birth certificate,Birth certificate
personal_information_verification_descriptors,ed-fi,uri://ed-fi.org/PersonalInformationVerificationDescriptor,Drivers license,Drivers license,Drivers license
personal_information_verification_descriptors,ed-fi,uri://ed-fi.org/PersonalInformationVerificationDescriptor,Entry in family Bible,Entry in family Bible,Entry in family Bible
personal_information_verification_descriptors,ed-fi,uri://ed-fi.org/PersonalInformationVerificationDescriptor,Hospital certificate,Hospital certificate,Hospital certificate
personal_information_verification_descriptors,ed-fi,uri://ed-fi.org/PersonalInformationVerificationDescriptor,Immigration document/visa,Immigration document/visa,Immigration document/visa
personal_information_verification_descriptors,ed-fi,uri://ed-fi.org/PersonalInformationVerificationDescriptor,Life insurance policy,Life insurance policy,Life insurance policy
personal_information_verification_descriptors,ed-fi,uri://ed-fi.org/PersonalInformationVerificationDescriptor,Other,Other,Other
personal_information_verification_descriptors,ed-fi,uri://ed-fi.org/PersonalInformationVerificationDescriptor,Other non-official document,Other non-official document,Other non-official document
personal_information_verification_descriptors,ed-fi,uri://ed-fi.org/PersonalInformationVerificationDescriptor,Other official document,Other official document,Other official document
personal_information_verification_descriptors,ed-fi,uri://ed-fi.org/PersonalInformationVerificationDescriptor,Parents affidavit,Parents affidavit,Parents affidavit
personal_information_verification_descriptors,ed-fi,uri://ed-fi.org/PersonalInformationVerificationDescriptor,Passport,Passport,Passport
personal_information_verification_descriptors,ed-fi,uri://ed-fi.org/PersonalInformationVerificationDescriptor,Physicians certificate,Physicians certificate,Physicians certificate
personal_information_verification_descriptors,ed-fi,uri://ed-fi.org/PersonalInformationVerificationDescriptor,Previously verified school records,Previously verified school records,Previously verified school records
personal_information_verification_descriptors,ed-fi,uri://ed-fi.org/PersonalInformationVerificationDescriptor,State-issued ID,State-issued ID,State-issued ID
platform_type_descriptors,ed-fi,uri://ed-fi.org/PlatformTypeDescriptor,Computer-based,Computer-based,Computer-based
platform_type_descriptors,ed-fi,uri://ed-fi.org/PlatformTypeDescriptor,Paper-based,Paper-based,Paper-based
population_served_descriptors,ed-fi,uri://ed-fi.org/PopulationServedDescriptor,Adult Basic Education Students,Adult Basic Education Students,Adult Basic Education Students
population_served_descriptors,ed-fi,uri://ed-fi.org/PopulationServedDescriptor,Bilingual Students,Bilingual Students,Bilingual Students
population_served_descriptors,ed-fi,uri://ed-fi.org/PopulationServedDescriptor,Career and Technical Education Students,Career and Technical Education Students,Career and Technical Education Students
population_served_descriptors,ed-fi,uri://ed-fi.org/PopulationServedDescriptor,Compensatory/Remedial Education Students,Compensatory/Remedial Education Students,Compensatory/Remedial Education Students
population_served_descriptors,ed-fi,uri://ed-fi.org/PopulationServedDescriptor,ESL Students,ESL Students,ESL Students
population_served_descriptors,ed-fi,uri://ed-fi.org/PopulationServedDescriptor,Economic Disadvantaged,Economic Disadvantaged,Economic Disadvantaged
population_served_descriptors,ed-fi,uri://ed-fi.org/PopulationServedDescriptor,Gifted and Talented Students,Gifted and Talented Students,Gifted and Talented Students
population_served_descriptors,ed-fi,uri://ed-fi.org/PopulationServedDescriptor,Honors Students,Honors Students,Honors Students
population_served_descriptors,ed-fi,uri://ed-fi.org/PopulationServedDescriptor,Migrant Students,Migrant Students,Migrant Students
population_served_descriptors,ed-fi,uri://ed-fi.org/PopulationServedDescriptor,Regular Students,Regular Students,Regular Students
population_served_descriptors,ed-fi,uri://ed-fi.org/PopulationServedDescriptor,Special Education Students,Special Education Students,Special Education Students
post_secondary_event_category_descriptors,ed-fi,uri://ed-fi.org/PostSecondaryEventCategoryDescriptor,Certification Received,Certification Received,Certification Received
post_secondary_event_category_descriptors,ed-fi,uri://ed-fi.org/PostSecondaryEventCategoryDescriptor,College Acceptance,College Acceptance,College Acceptance
post_secondary_event_category_descriptors,ed-fi,uri://ed-fi.org/PostSecondaryEventCategoryDescriptor,College Application,College Application,College Application
post_secondary_event_category_descriptors,ed-fi,uri://ed-fi.org/PostSecondaryEventCategoryDescriptor,College Degree Received,College Degree Received,College Degree Received
post_secondary_event_category_descriptors,ed-fi,uri://ed-fi.org/PostSecondaryEventCategoryDescriptor,College Enrollment,College Enrollment,College Enrollment
post_secondary_event_category_descriptors,ed-fi,uri://ed-fi.org/PostSecondaryEventCategoryDescriptor,College Exit Date,College Exit Date,College Exit Date
post_secondary_event_category_descriptors,ed-fi,uri://ed-fi.org/PostSecondaryEventCategoryDescriptor,College Selection,College Selection,College Selection
post_secondary_event_category_descriptors,ed-fi,uri://ed-fi.org/PostSecondaryEventCategoryDescriptor,FAFSA Application,FAFSA Application,FAFSA Application
post_secondary_event_category_descriptors,ed-fi,uri://ed-fi.org/PostSecondaryEventCategoryDescriptor,Remedial Enrollment - ELA,Remedial Enrollment - ELA,Remedial Enrollment - ELA
post_secondary_event_category_descriptors,ed-fi,uri://ed-fi.org/PostSecondaryEventCategoryDescriptor,Remedial Enrollment - Math,Remedial Enrollment - Math,Remedial Enrollment - Math
post_secondary_event_category_descriptors,ed-fi,uri://ed-fi.org/PostSecondaryEventCategoryDescriptor,Student Interest,Student Interest,Student Interest
post_secondary_institution_level_descriptors,ed-fi,uri://ed-fi.org/PostSecondaryInstitutionLevelDescriptor,At least 2 but less than 4 years,At least 2 but less than 4 years,At least 2 but less than 4 years
post_secondary_institution_level_descriptors,ed-fi,uri://ed-fi.org/PostSecondaryInstitutionLevelDescriptor,Four or more years,Four or more years,Four or more years
post_secondary_institution_level_descriptors,ed-fi,uri://ed-fi.org/PostSecondaryInstitutionLevelDescriptor,Less than 2 years (below associate),Less than 2 years (below associate),Less than 2 years (below associate)
posting_result_descriptors,ed-fi,uri://ed-fi.org/PostingResultDescriptor,Position Filled,Position Filled,Position Filled
posting_result_descriptors,ed-fi,uri://ed-fi.org/PostingResultDescriptor,Posting Cancelled,Posting Cancelled,Posting Cancelled
primary_learning_device_access_descriptors,ed-fi,uri://ed-fi.org/PrimaryLearningDeviceAccessDescriptor,Not Shared,Not Shared,The primary learning device is not shared with another individual.
primary_learning_device_access_descriptors,ed-fi,uri://ed-fi.org/PrimaryLearningDeviceAccessDescriptor,Shared,Shared,The primary learning device is shared with another individual.
primary_learning_device_access_descriptors,ed-fi,uri://ed-fi.org/PrimaryLearningDeviceAccessDescriptor,Unknown,Unknown,It is not known whether the primary learning device is shared with another individual.
primary_learning_device_away_from_school_descriptors,ed-fi,uri://ed-fi.org/PrimaryLearningDeviceAwayFromSchoolDescriptor,Chromebook,Chromebook,A Chromebook is the type of device the student uses most often to complete learning activities away from school.
primary_learning_device_away_from_school_descriptors,ed-fi,uri://ed-fi.org/PrimaryLearningDeviceAwayFromSchoolDescriptor,Desktop Computer,Desktop Computer,A desktop computer is the type of device the student uses most often to complete learning activities away from school.
primary_learning_device_away_from_school_descriptors,ed-fi,uri://ed-fi.org/PrimaryLearningDeviceAwayFromSchoolDescriptor,Laptop Computer,Laptop Computer,A Laptop Computer is the type of device the student uses most often to complete learning activities away from school.
primary_learning_device_away_from_school_descriptors,ed-fi,uri://ed-fi.org/PrimaryLearningDeviceAwayFromSchoolDescriptor,None,None,There is not a device the student uses to complete learning activities away from school.
primary_learning_device_away_from_school_descriptors,ed-fi,uri://ed-fi.org/PrimaryLearningDeviceAwayFromSchoolDescriptor,Other,Other,The type of device the student uses most often to complete learning activities away from school is not yet defined.
primary_learning_device_away_from_school_descriptors,ed-fi,uri://ed-fi.org/PrimaryLearningDeviceAwayFromSchoolDescriptor,Smartphone,Smartphone,A Smartphone is the type of device the student uses most often to complete learning activities away from school.
primary_learning_device_away_from_school_descriptors,ed-fi,uri://ed-fi.org/PrimaryLearningDeviceAwayFromSchoolDescriptor,Tablet,Tablet,A Tablet is the type of device the student uses most often to complete learning activities away from school.
primary_learning_device_provider_descriptors,ed-fi,uri://ed-fi.org/PrimaryLearningDeviceProviderDescriptor,Other,Other,The provider of the primary learning device is not yet defined.
primary_learning_device_provider_descriptors,ed-fi,uri://ed-fi.org/PrimaryLearningDeviceProviderDescriptor,Personal,Personal,The provider of the primary learning device is the student or guardian.
primary_learning_device_provider_descriptors,ed-fi,uri://ed-fi.org/PrimaryLearningDeviceProviderDescriptor,School,School,The provider of the primary learning device is the school.
proficiency_descriptors,ed-fi,uri://ed-fi.org/ProficiencyDescriptor,Not Proficient,Not Proficient,Not Proficient
proficiency_descriptors,ed-fi,uri://ed-fi.org/ProficiencyDescriptor,Proficient,Proficient,Proficient
program_assignment_descriptors,ed-fi,uri://ed-fi.org/ProgramAssignmentDescriptor,Bilingual/English as a Second Language,Bilingual/English as a Second Language,Bilingual/English as a Second Language
program_assignment_descriptors,ed-fi,uri://ed-fi.org/ProgramAssignmentDescriptor,Other,Other,Other
program_assignment_descriptors,ed-fi,uri://ed-fi.org/ProgramAssignmentDescriptor,Regular Education,Regular Education,Regular Education
program_assignment_descriptors,ed-fi,uri://ed-fi.org/ProgramAssignmentDescriptor,Special Education,Special Education,Special Education
program_assignment_descriptors,ed-fi,uri://ed-fi.org/ProgramAssignmentDescriptor,Title I-Academic,Title I-Academic,Title I-Academic
program_assignment_descriptors,ed-fi,uri://ed-fi.org/ProgramAssignmentDescriptor,Title I-Non-Academic,Title I-Non-Academic,Title I-Non-Academic
program_sponsor_descriptors,ed-fi,uri://ed-fi.org/ProgramSponsorDescriptor,Business,Business,Business
program_sponsor_descriptors,ed-fi,uri://ed-fi.org/ProgramSponsorDescriptor,Education Service Center,Education Service Center,Education Service Center
program_sponsor_descriptors,ed-fi,uri://ed-fi.org/ProgramSponsorDescriptor,Education organization network,Education organization network,Education organization network
program_sponsor_descriptors,ed-fi,uri://ed-fi.org/ProgramSponsorDescriptor,Federal government,Federal government,Federal government
program_sponsor_descriptors,ed-fi,uri://ed-fi.org/ProgramSponsorDescriptor,Local Education Agency,Local Education Agency,Local Education Agency
program_sponsor_descriptors,ed-fi,uri://ed-fi.org/ProgramSponsorDescriptor,Non-profit organization,Non-profit organization,Non-profit organization
program_sponsor_descriptors,ed-fi,uri://ed-fi.org/ProgramSponsorDescriptor,Other,Other,Other
program_sponsor_descriptors,ed-fi,uri://ed-fi.org/ProgramSponsorDescriptor,Postsecondary institution,Postsecondary institution,Postsecondary institution
program_sponsor_descriptors,ed-fi,uri://ed-fi.org/ProgramSponsorDescriptor,Private organization,Private organization,Private organization
program_sponsor_descriptors,ed-fi,uri://ed-fi.org/ProgramSponsorDescriptor,Religious organization,Religious organization,Religious organization
program_sponsor_descriptors,ed-fi,uri://ed-fi.org/ProgramSponsorDescriptor,School,School,School
program_sponsor_descriptors,ed-fi,uri://ed-fi.org/ProgramSponsorDescriptor,State Education Agency,State Education Agency,State Education Agency
program_type_descriptors,ed-fi,uri://ed-fi.org/ProgramTypeDescriptor,Adult/Continuing Education,Adult/Continuing Education,Adult/Continuing Education
program_type_descriptors,ed-fi,uri://ed-fi.org/ProgramTypeDescriptor,Alternative Education,Alternative Education,Alternative Education
program_type_descriptors,ed-fi,uri://ed-fi.org/ProgramTypeDescriptor,Athletics,Athletics,Athletics
program_type_descriptors,ed-fi,uri://ed-fi.org/ProgramTypeDescriptor,Bilingual,Bilingual,Bilingual
program_type_descriptors,ed-fi,uri://ed-fi.org/ProgramTypeDescriptor,Bilingual Summer,Bilingual Summer,Bilingual Summer
program_type_descriptors,ed-fi,uri://ed-fi.org/ProgramTypeDescriptor,Career and Technical Education,Career and Technical Education,Career and Technical Education
program_type_descriptors,ed-fi,uri://ed-fi.org/ProgramTypeDescriptor,Cocurricular Programs,Cocurricular Programs,Cocurricular Programs
program_type_descriptors,ed-fi,uri://ed-fi.org/ProgramTypeDescriptor,College Preparatory,College Preparatory,College Preparatory
program_type_descriptors,ed-fi,uri://ed-fi.org/ProgramTypeDescriptor,Community Service Program,Community Service Program,Community Service Program
program_type_descriptors,ed-fi,uri://ed-fi.org/ProgramTypeDescriptor,Community/Junior College Education Program,Community/Junior College Education Program,Community/Junior College Education Program
program_type_descriptors,ed-fi,uri://ed-fi.org/ProgramTypeDescriptor,Compensatory Services for Disadvantaged Students,Compensatory Services for Disadvantaged Students,Compensatory Services for Disadvantaged Students
program_type_descriptors,ed-fi,uri://ed-fi.org/ProgramTypeDescriptor,Counseling Services,Counseling Services,Counseling Services
program_type_descriptors,ed-fi,uri://ed-fi.org/ProgramTypeDescriptor,District-Funded GED,District-Funded GED,District-Funded GED
program_type_descriptors,ed-fi,uri://ed-fi.org/ProgramTypeDescriptor,Early Head Start,Early Head Start,Early Head Start
program_type_descriptors,ed-fi,uri://ed-fi.org/ProgramTypeDescriptor,Early Intervention Services Part C,Early Intervention Services Part C,Early Intervention Services Part C
program_type_descriptors,ed-fi,uri://ed-fi.org/ProgramTypeDescriptor,English as a Second Language (ESL),English as a Second Language (ESL),English as a Second Language (ESL)
program_type_descriptors,ed-fi,uri://ed-fi.org/ProgramTypeDescriptor,Even Start,Even Start,Even Start
program_type_descriptors,ed-fi,uri://ed-fi.org/ProgramTypeDescriptor,Expelled Education,Expelled Education,Expelled Education
program_type_descriptors,ed-fi,uri://ed-fi.org/ProgramTypeDescriptor,Extended Day/Child Care Services,Extended Day/Child Care Services,Extended Day/Child Care Services
program_type_descriptors,ed-fi,uri://ed-fi.org/ProgramTypeDescriptor,Fee For Service,Fee For Service,Fee For Service
program_type_descriptors,ed-fi,uri://ed-fi.org/ProgramTypeDescriptor,Foreign Exchange,Foreign Exchange,Foreign Exchange
program_type_descriptors,ed-fi,uri://ed-fi.org/ProgramTypeDescriptor,Gifted and Talented,Gifted and Talented,Gifted and Talented
program_type_descriptors,ed-fi,uri://ed-fi.org/ProgramTypeDescriptor,Head Start,Head Start,Head Start
program_type_descriptors,ed-fi,uri://ed-fi.org/ProgramTypeDescriptor,Health Services Program,Health Services Program,Health Services Program
program_type_descriptors,ed-fi,uri://ed-fi.org/ProgramTypeDescriptor,High School Equivalency Program (HSEP),High School Equivalency Program (HSEP),High School Equivalency Program (HSEP)
program_type_descriptors,ed-fi,uri://ed-fi.org/ProgramTypeDescriptor,Home Visiting,Home Visiting,Home Visiting
program_type_descriptors,ed-fi,uri://ed-fi.org/ProgramTypeDescriptor,Homeless,Homeless,Homeless
program_type_descriptors,ed-fi,uri://ed-fi.org/ProgramTypeDescriptor,IDEA,IDEA,IDEA
program_type_descriptors,ed-fi,uri://ed-fi.org/ProgramTypeDescriptor,Immigrant Education,Immigrant Education,Immigrant Education
program_type_descriptors,ed-fi,uri://ed-fi.org/ProgramTypeDescriptor,Independent Study,Independent Study,Independent Study
program_type_descriptors,ed-fi,uri://ed-fi.org/ProgramTypeDescriptor,Indian Education,Indian Education,Indian Education
program_type_descriptors,ed-fi,uri://ed-fi.org/ProgramTypeDescriptor,International Baccalaureate,International Baccalaureate,International Baccalaureate
program_type_descriptors,ed-fi,uri://ed-fi.org/ProgramTypeDescriptor,Kindergarten - Extended Day,Kindergarten - Extended Day,Kindergarten - Extended Day
program_type_descriptors,ed-fi,uri://ed-fi.org/ProgramTypeDescriptor,Kindergarten - Full Day,Kindergarten - Full Day,Kindergarten - Full Day
program_type_descriptors,ed-fi,uri://ed-fi.org/ProgramTypeDescriptor,Kindergarten - Half Day,Kindergarten - Half Day,Kindergarten - Half Day
program_type_descriptors,ed-fi,uri://ed-fi.org/ProgramTypeDescriptor,Library/Media Services Program,Library/Media Services Program,Library/Media Services Program
program_type_descriptors,ed-fi,uri://ed-fi.org/ProgramTypeDescriptor,Magnet/Special Program Emphasis,Magnet/Special Program Emphasis,Magnet/Special Program Emphasis
program_type_descriptors,ed-fi,uri://ed-fi.org/ProgramTypeDescriptor,Migrant Education,Migrant Education,Migrant Education
program_type_descriptors,ed-fi,uri://ed-fi.org/ProgramTypeDescriptor,Neglected and Delinquent Program,Neglected and Delinquent Program,Neglected and Delinquent Program
program_type_descriptors,ed-fi,uri://ed-fi.org/ProgramTypeDescriptor,Optional Flexible School Day Program (OFSDP),Optional Flexible School Day Program (OFSDP),Optional Flexible School Day Program (OFSDP)
program_type_descriptors,ed-fi,uri://ed-fi.org/ProgramTypeDescriptor,Other,Other,Other
program_type_descriptors,ed-fi,uri://ed-fi.org/ProgramTypeDescriptor,Prekindergarten - Extended Day,Prekindergarten - Extended Day,Prekindergarten - Extended Day
program_type_descriptors,ed-fi,uri://ed-fi.org/ProgramTypeDescriptor,Prekindergarten - Full Day,Prekindergarten - Full Day,Prekindergarten - Full Day
program_type_descriptors,ed-fi,uri://ed-fi.org/ProgramTypeDescriptor,Prekindergarten - Half Day,Prekindergarten - Half Day,Prekindergarten - Half Day
program_type_descriptors,ed-fi,uri://ed-fi.org/ProgramTypeDescriptor,Preschool Special Education,Preschool Special Education,Preschool Special Education
program_type_descriptors,ed-fi,uri://ed-fi.org/ProgramTypeDescriptor,Public Preschool,Public Preschool,Public Preschool
program_type_descriptors,ed-fi,uri://ed-fi.org/ProgramTypeDescriptor,Regular Education,Regular Education,Regular Education
program_type_descriptors,ed-fi,uri://ed-fi.org/ProgramTypeDescriptor,Remedial Education,Remedial Education,Remedial Education
program_type_descriptors,ed-fi,uri://ed-fi.org/ProgramTypeDescriptor,Section 504 Placement,Section 504 Placement,Section 504 Placement
program_type_descriptors,ed-fi,uri://ed-fi.org/ProgramTypeDescriptor,Service Learning,Service Learning,Service Learning
program_type_descriptors,ed-fi,uri://ed-fi.org/ProgramTypeDescriptor,Special Education,Special Education,Special Education
program_type_descriptors,ed-fi,uri://ed-fi.org/ProgramTypeDescriptor,Student Retention/Dropout Prevention,Student Retention/Dropout Prevention,Student Retention/Dropout Prevention
program_type_descriptors,ed-fi,uri://ed-fi.org/ProgramTypeDescriptor,Student School Food Service,Student School Food Service,Student School Food Service
program_type_descriptors,ed-fi,uri://ed-fi.org/ProgramTypeDescriptor,Substance Abuse Education/Prevention,Substance Abuse Education/Prevention,Substance Abuse Education/Prevention
program_type_descriptors,ed-fi,uri://ed-fi.org/ProgramTypeDescriptor,Teacher Professional Development/Mentoring,Teacher Professional Development/Mentoring,Teacher Professional Development/Mentoring
program_type_descriptors,ed-fi,uri://ed-fi.org/ProgramTypeDescriptor,Technical Preparatory,Technical Preparatory,Technical Preparatory
program_type_descriptors,ed-fi,uri://ed-fi.org/ProgramTypeDescriptor,Title I Part A,Title I Part A,Title I Part A
program_type_descriptors,ed-fi,uri://ed-fi.org/ProgramTypeDescriptor,Title I Part D Subpart 1,Title I Part D Subpart 1,Title I Part D Subpart 1
program_type_descriptors,ed-fi,uri://ed-fi.org/ProgramTypeDescriptor,Title I Part D Subpart 2,Title I Part D Subpart 2,Title I Part D Subpart 2
program_type_descriptors,ed-fi,uri://ed-fi.org/ProgramTypeDescriptor,Vocational Education,Vocational Education,Vocational Education
progress_descriptors,ed-fi,uri://ed-fi.org/ProgressDescriptor,No Progress,No Progress,No Progress
progress_descriptors,ed-fi,uri://ed-fi.org/ProgressDescriptor,Proficient,Proficient,Proficient
progress_descriptors,ed-fi,uri://ed-fi.org/ProgressDescriptor,Progress,Progress,Progress
progress_level_descriptors,ed-fi,uri://ed-fi.org/ProgressLevelDescriptor,Negative Grade,Negative Grade,Negative Grade
progress_level_descriptors,ed-fi,uri://ed-fi.org/ProgressLevelDescriptor,No Change,No Change,No Change
progress_level_descriptors,ed-fi,uri://ed-fi.org/ProgressLevelDescriptor,Up More Than One Grade,Up More Than One Grade,Up More Than One Grade
progress_level_descriptors,ed-fi,uri://ed-fi.org/ProgressLevelDescriptor,Up One Grade,Up One Grade,Up One Grade
provider_category_descriptors,ed-fi,uri://ed-fi.org/ProviderCategoryDescriptor,Care in your own home,Care in your own home,Care in your own home
provider_category_descriptors,ed-fi,uri://ed-fi.org/ProviderCategoryDescriptor,Center-EC,DEPRECATED: Center-EC,DEPRECATED: Center-EC
provider_category_descriptors,ed-fi,uri://ed-fi.org/ProviderCategoryDescriptor,Center-EC with SA,DEPRECATED: Center-EC with SA,DEPRECATED: Center-EC with SA
provider_category_descriptors,ed-fi,uri://ed-fi.org/ProviderCategoryDescriptor,Center-SA Only,DEPRECATED: Center-SA Only,DEPRECATED: Center-SA Only
provider_category_descriptors,ed-fi,uri://ed-fi.org/ProviderCategoryDescriptor,Child care center,Child care center,Child care center
provider_category_descriptors,ed-fi,uri://ed-fi.org/ProviderCategoryDescriptor,Community care,Community care,Community care
provider_category_descriptors,ed-fi,uri://ed-fi.org/ProviderCategoryDescriptor,Family child care home,Family child care home,Family child care home
provider_category_descriptors,ed-fi,uri://ed-fi.org/ProviderCategoryDescriptor,Family child care home - large,Family child care home - large,Family child care home - large
provider_category_descriptors,ed-fi,uri://ed-fi.org/ProviderCategoryDescriptor,Head Start and Early Head Start,Head Start and Early Head Start,Head Start and Early Head Start
provider_category_descriptors,ed-fi,uri://ed-fi.org/ProviderCategoryDescriptor,Licensed Day Care Center,DEPRECATED: Licensed Day Care Center,DEPRECATED: Licensed Day Care Center
provider_category_descriptors,ed-fi,uri://ed-fi.org/ProviderCategoryDescriptor,Licensed Family Child Care,DEPRECATED: Licensed Family Child Care,DEPRECATED: Licensed Family Child Care
provider_category_descriptors,ed-fi,uri://ed-fi.org/ProviderCategoryDescriptor,Licensed Large Family Child Care,DEPRECATED: Licensed Large Family Child Care,DEPRECATED: Licensed Large Family Child Care
provider_category_descriptors,ed-fi,uri://ed-fi.org/ProviderCategoryDescriptor,Ministry care,Ministry care,Ministry care
provider_category_descriptors,ed-fi,uri://ed-fi.org/ProviderCategoryDescriptor,Not Applicable,DEPRECATED: Not Applicable,DEPRECATED: Not Applicable
provider_category_descriptors,ed-fi,uri://ed-fi.org/ProviderCategoryDescriptor,On-premise child care,On-premise child care,On-premise child care
provider_category_descriptors,ed-fi,uri://ed-fi.org/ProviderCategoryDescriptor,Other,Other,Other
provider_category_descriptors,ed-fi,uri://ed-fi.org/ProviderCategoryDescriptor,Preschool,Preschool,Preschool
provider_category_descriptors,ed-fi,uri://ed-fi.org/ProviderCategoryDescriptor,Resident camps,Resident camps,Resident camps
provider_category_descriptors,ed-fi,uri://ed-fi.org/ProviderCategoryDescriptor,Residential treatment care,Residential treatment care,Residential treatment care
provider_category_descriptors,ed-fi,uri://ed-fi.org/ProviderCategoryDescriptor,School-age child care,School-age child care,School-age child care
provider_category_descriptors,ed-fi,uri://ed-fi.org/ProviderCategoryDescriptor,School-based child care,School-based child care,School-based child care
provider_profitability_descriptors,ed-fi,uri://ed-fi.org/ProviderProfitabilityDescriptor,ForProfit,ForProfit,ForProfit
provider_profitability_descriptors,ed-fi,uri://ed-fi.org/ProviderProfitabilityDescriptor,Government Run,Government Run,Government Run
provider_profitability_descriptors,ed-fi,uri://ed-fi.org/ProviderProfitabilityDescriptor,Nonprofit,Nonprofit,Nonprofit
provider_status_descriptors,ed-fi,uri://ed-fi.org/ProviderStatusDescriptor,Active,Active,Active
provider_status_descriptors,ed-fi,uri://ed-fi.org/ProviderStatusDescriptor,Inactive,Inactive,Inactive
provider_status_descriptors,ed-fi,uri://ed-fi.org/ProviderStatusDescriptor,Unknown,Unknown,Unknown
publication_status_descriptors,ed-fi,uri://ed-fi.org/PublicationStatusDescriptor,Adopted,Adopted,Adopted
publication_status_descriptors,ed-fi,uri://ed-fi.org/PublicationStatusDescriptor,Deprecated,Deprecated,Deprecated
publication_status_descriptors,ed-fi,uri://ed-fi.org/PublicationStatusDescriptor,Draft,Draft,Draft
publication_status_descriptors,ed-fi,uri://ed-fi.org/PublicationStatusDescriptor,Published,Published,Published
publication_status_descriptors,ed-fi,uri://ed-fi.org/PublicationStatusDescriptor,Unknown,Unknown,Unknown
question_form_descriptors,ed-fi,uri://ed-fi.org/QuestionFormDescriptor,Checkbox,Checkbox,Checkbox
question_form_descriptors,ed-fi,uri://ed-fi.org/QuestionFormDescriptor,Dropdown,Dropdown,Dropdown
question_form_descriptors,ed-fi,uri://ed-fi.org/QuestionFormDescriptor,Matrix of dropdowns,Matrix of dropdowns,Matrix of dropdowns
question_form_descriptors,ed-fi,uri://ed-fi.org/QuestionFormDescriptor,Matrix of numeric ratings,Matrix of numeric ratings,Matrix of numeric ratings
question_form_descriptors,ed-fi,uri://ed-fi.org/QuestionFormDescriptor,Matrix of textboxes,Matrix of textboxes,Matrix of textboxes
question_form_descriptors,ed-fi,uri://ed-fi.org/QuestionFormDescriptor,Radio box,Radio box,Radio box
question_form_descriptors,ed-fi,uri://ed-fi.org/QuestionFormDescriptor,Ranking,Ranking,Ranking
question_form_descriptors,ed-fi,uri://ed-fi.org/QuestionFormDescriptor,Textbox,Textbox,Textbox
race_descriptors,ed-fi,uri://ed-fi.org/RaceDescriptor,American Indian - Alaska Native,American Indian - Alaska Native,American Indian - Alaska Native
race_descriptors,ed-fi,uri://ed-fi.org/RaceDescriptor,Asian,Asian,Asian
race_descriptors,ed-fi,uri://ed-fi.org/RaceDescriptor,Black - African American,Black - African American,Black - African American
race_descriptors,ed-fi,uri://ed-fi.org/RaceDescriptor,Choose Not to Respond,Choose Not to Respond,Choose Not to Respond
race_descriptors,ed-fi,uri://ed-fi.org/RaceDescriptor,Native Hawaiian - Pacific Islander,Native Hawaiian - Pacific Islander,Native Hawaiian - Pacific Islander
race_descriptors,ed-fi,uri://ed-fi.org/RaceDescriptor,Other,Other,Other
race_descriptors,ed-fi,uri://ed-fi.org/RaceDescriptor,White,White,White
reason_exited_descriptors,ed-fi,uri://ed-fi.org/ReasonExitedDescriptor,Died or is permanently incapacitated,Died or is permanently incapacitated,Died or is permanently incapacitated
reason_exited_descriptors,ed-fi,uri://ed-fi.org/ReasonExitedDescriptor,Discontinued schooling,Discontinued schooling,Discontinued schooling
reason_exited_descriptors,ed-fi,uri://ed-fi.org/ReasonExitedDescriptor,Graduated with a high school diploma,Graduated with a high school diploma,Graduated with a high school diploma
reason_exited_descriptors,ed-fi,uri://ed-fi.org/ReasonExitedDescriptor,Moved out of state,Moved out of state,Moved out of state
reason_exited_descriptors,ed-fi,uri://ed-fi.org/ReasonExitedDescriptor,Other,Other,Other
reason_exited_descriptors,ed-fi,uri://ed-fi.org/ReasonExitedDescriptor,Reached maximum age,Reached maximum age,Reached maximum age
reason_exited_descriptors,ed-fi,uri://ed-fi.org/ReasonExitedDescriptor,Received certificate of completion or equivalent,"Received completion certificate, modified diploma, or met IEP requirements","Received certificate of completion, modified diploma, or finished IEP requirements"
reason_exited_descriptors,ed-fi,uri://ed-fi.org/ReasonExitedDescriptor,Suspended or expelled from school,Suspended or expelled from school,Suspended or expelled from school
reason_exited_descriptors,ed-fi,uri://ed-fi.org/ReasonExitedDescriptor,Transferred to another district or school,Transferred to another district or school,Transferred to another district or school
reason_exited_descriptors,ed-fi,uri://ed-fi.org/ReasonExitedDescriptor,Unknown reason,Unknown reason,Unknown reason
reason_exited_descriptors,ed-fi,uri://ed-fi.org/ReasonExitedDescriptor,Withdrawal by a parent (or guardian),Withdrawal by a parent (or guardian),Withdrawal by a parent (or guardian)
reason_not_tested_descriptors,ed-fi,uri://ed-fi.org/ReasonNotTestedDescriptor,Absent,Absent,Absent
reason_not_tested_descriptors,ed-fi,uri://ed-fi.org/ReasonNotTestedDescriptor,Alternate assessment administered,Alternate assessment administered,Alternate assessment administered
reason_not_tested_descriptors,ed-fi,uri://ed-fi.org/ReasonNotTestedDescriptor,Disruptive behavior,Disruptive behavior,Disruptive behavior
reason_not_tested_descriptors,ed-fi,uri://ed-fi.org/ReasonNotTestedDescriptor,Foreign exchange student waiver,Foreign exchange student waiver,Foreign exchange student waiver
reason_not_tested_descriptors,ed-fi,uri://ed-fi.org/ReasonNotTestedDescriptor,LEP exempt,LEP exempt,LEP exempt
reason_not_tested_descriptors,ed-fi,uri://ed-fi.org/ReasonNotTestedDescriptor,LEP postponement,LEP postponement,LEP postponement
reason_not_tested_descriptors,ed-fi,uri://ed-fi.org/ReasonNotTestedDescriptor,Medical waiver,Medical waiver,Medical waiver
reason_not_tested_descriptors,ed-fi,uri://ed-fi.org/ReasonNotTestedDescriptor,Not appropriate (ARD decision),Not appropriate (ARD decision),Not appropriate (ARD decision)
reason_not_tested_descriptors,ed-fi,uri://ed-fi.org/ReasonNotTestedDescriptor,Not tested (ARD decision),Not tested (ARD decision),Not tested (ARD decision)
reason_not_tested_descriptors,ed-fi,uri://ed-fi.org/ReasonNotTestedDescriptor,Other,Other,Other
reason_not_tested_descriptors,ed-fi,uri://ed-fi.org/ReasonNotTestedDescriptor,Parental waiver,Parental waiver,Parental waiver
reason_not_tested_descriptors,ed-fi,uri://ed-fi.org/ReasonNotTestedDescriptor,Previously passed the examination,Previously passed the examination,Previously passed the examination
reason_not_tested_descriptors,ed-fi,uri://ed-fi.org/ReasonNotTestedDescriptor,Refusal by parent,Refusal by parent,Refusal by parent
reason_not_tested_descriptors,ed-fi,uri://ed-fi.org/ReasonNotTestedDescriptor,Refusal by student,Refusal by student,Refusal by student
recognition_type_descriptors,ed-fi,uri://ed-fi.org/RecognitionTypeDescriptor,Athletic awards,Athletic awards,Athletic awards
recognition_type_descriptors,ed-fi,uri://ed-fi.org/RecognitionTypeDescriptor,Awarding of units of value,Awarding of units of value,Awarding of units of value
recognition_type_descriptors,ed-fi,uri://ed-fi.org/RecognitionTypeDescriptor,Certificate,Certificate,Certificate
recognition_type_descriptors,ed-fi,uri://ed-fi.org/RecognitionTypeDescriptor,Citizenship award/recognition,Citizenship award/recognition,Citizenship award/recognition
recognition_type_descriptors,ed-fi,uri://ed-fi.org/RecognitionTypeDescriptor,"Completion of requirement, but no units awarded","Completion of requirement, but no units of value awarded","Completion of requirement, but no units of value awarded"
recognition_type_descriptors,ed-fi,uri://ed-fi.org/RecognitionTypeDescriptor,Honor award,Honor award,Honor award
recognition_type_descriptors,ed-fi,uri://ed-fi.org/RecognitionTypeDescriptor,Letter of commendation,Letter of commendation,Letter of commendation
recognition_type_descriptors,ed-fi,uri://ed-fi.org/RecognitionTypeDescriptor,Medals,Medals,Medals
recognition_type_descriptors,ed-fi,uri://ed-fi.org/RecognitionTypeDescriptor,Monogram/letter,Monogram/letter,Monogram/letter
recognition_type_descriptors,ed-fi,uri://ed-fi.org/RecognitionTypeDescriptor,Other,Other,Other
recognition_type_descriptors,ed-fi,uri://ed-fi.org/RecognitionTypeDescriptor,Points,Points,Points
recognition_type_descriptors,ed-fi,uri://ed-fi.org/RecognitionTypeDescriptor,Promotion or advancement,Promotion or advancement,Promotion or advancement
relation_descriptors,ed-fi,uri://ed-fi.org/RelationDescriptor,Aunt,Aunt,Aunt
relation_descriptors,ed-fi,uri://ed-fi.org/RelationDescriptor,Brother,Brother,Brother
relation_descriptors,ed-fi,uri://ed-fi.org/RelationDescriptor,BrotherInLaw,BrotherInLaw,BrotherInLaw
relation_descriptors,ed-fi,uri://ed-fi.org/RelationDescriptor,CourtAppointedGuardian,CourtAppointedGuardian,CourtAppointedGuardian
relation_descriptors,ed-fi,uri://ed-fi.org/RelationDescriptor,Cousin,Cousin,Cousin
relation_descriptors,ed-fi,uri://ed-fi.org/RelationDescriptor,Daughter,Daughter,Daughter
relation_descriptors,ed-fi,uri://ed-fi.org/RelationDescriptor,DaughterInLaw,DaughterInLaw,DaughterInLaw
relation_descriptors,ed-fi,uri://ed-fi.org/RelationDescriptor,Emergency,Emergency,Emergency
relation_descriptors,ed-fi,uri://ed-fi.org/RelationDescriptor,Employer,Employer,Employer
relation_descriptors,ed-fi,uri://ed-fi.org/RelationDescriptor,Father,Father,Father
relation_descriptors,ed-fi,uri://ed-fi.org/RelationDescriptor,"Father, step","Father, step","Father, step"
relation_descriptors,ed-fi,uri://ed-fi.org/RelationDescriptor,FatherInLaw,FatherInLaw,FatherInLaw
relation_descriptors,ed-fi,uri://ed-fi.org/RelationDescriptor,FathersCivilPartner,FathersCivilPartner,FathersCivilPartner
relation_descriptors,ed-fi,uri://ed-fi.org/RelationDescriptor,FathersSignificantOther,FathersSignificantOther,FathersSignificantOther
relation_descriptors,ed-fi,uri://ed-fi.org/RelationDescriptor,Fiance,Fiance,Fiance
relation_descriptors,ed-fi,uri://ed-fi.org/RelationDescriptor,Fiancee,Fiancee,Fiancee
relation_descriptors,ed-fi,uri://ed-fi.org/RelationDescriptor,Foster parent,Foster parent,Foster parent
relation_descriptors,ed-fi,uri://ed-fi.org/RelationDescriptor,Friend,Friend,Friend
relation_descriptors,ed-fi,uri://ed-fi.org/RelationDescriptor,Godparent,Godparent,Godparent
relation_descriptors,ed-fi,uri://ed-fi.org/RelationDescriptor,Grandfather,Grandfather,Grandfather
relation_descriptors,ed-fi,uri://ed-fi.org/RelationDescriptor,Grandmother,Grandmother,Grandmother
relation_descriptors,ed-fi,uri://ed-fi.org/RelationDescriptor,Grandparent,Grandparent,Grandparent
relation_descriptors,ed-fi,uri://ed-fi.org/RelationDescriptor,Great Grandparent,Great Grandparent,Great Grandparent
relation_descriptors,ed-fi,uri://ed-fi.org/RelationDescriptor,Great aunt,Great aunt,Great aunt
relation_descriptors,ed-fi,uri://ed-fi.org/RelationDescriptor,Great uncle,Great uncle,Great uncle
relation_descriptors,ed-fi,uri://ed-fi.org/RelationDescriptor,Guardian,Guardian,Guardian
relation_descriptors,ed-fi,uri://ed-fi.org/RelationDescriptor,Husband,Husband,Husband
relation_descriptors,ed-fi,uri://ed-fi.org/RelationDescriptor,Mother,Mother,Mother
relation_descriptors,ed-fi,uri://ed-fi.org/RelationDescriptor,"Mother, step","Mother, step","Mother, step"
relation_descriptors,ed-fi,uri://ed-fi.org/RelationDescriptor,MotherInLaw,MotherInLaw,MotherInLaw
relation_descriptors,ed-fi,uri://ed-fi.org/RelationDescriptor,MothersCivilPartner,MothersCivilPartner,MothersCivilPartner
relation_descriptors,ed-fi,uri://ed-fi.org/RelationDescriptor,MothersSignificantOther,MothersSignificantOther,MothersSignificantOther
relation_descriptors,ed-fi,uri://ed-fi.org/RelationDescriptor,Neighbor,Neighbor,Neighbor
relation_descriptors,ed-fi,uri://ed-fi.org/RelationDescriptor,Nephew,Nephew,Nephew
relation_descriptors,ed-fi,uri://ed-fi.org/RelationDescriptor,Niece,Niece,Niece
relation_descriptors,ed-fi,uri://ed-fi.org/RelationDescriptor,Other,Other,Other
relation_descriptors,ed-fi,uri://ed-fi.org/RelationDescriptor,Parent,Parent,Parent
relation_descriptors,ed-fi,uri://ed-fi.org/RelationDescriptor,"Parent, step","Parent, step","Parent, step"
relation_descriptors,ed-fi,uri://ed-fi.org/RelationDescriptor,Relative,Relative,Relative
relation_descriptors,ed-fi,uri://ed-fi.org/RelationDescriptor,Sibling,Sibling,Sibling
relation_descriptors,ed-fi,uri://ed-fi.org/RelationDescriptor,SignificantOther,SignificantOther,SignificantOther
relation_descriptors,ed-fi,uri://ed-fi.org/RelationDescriptor,Sister,Sister,Sister
relation_descriptors,ed-fi,uri://ed-fi.org/RelationDescriptor,SisterInLaw,SisterInLaw,SisterInLaw
relation_descriptors,ed-fi,uri://ed-fi.org/RelationDescriptor,Son,Son,Son
relation_descriptors,ed-fi,uri://ed-fi.org/RelationDescriptor,SonInLaw,SonInLaw,SonInLaw
relation_descriptors,ed-fi,uri://ed-fi.org/RelationDescriptor,Spouse,Spouse,Spouse
relation_descriptors,ed-fi,uri://ed-fi.org/RelationDescriptor,Uncle,Uncle,Uncle
relation_descriptors,ed-fi,uri://ed-fi.org/RelationDescriptor,Unknown,Unknown,Unknown
relation_descriptors,ed-fi,uri://ed-fi.org/RelationDescriptor,Ward,Ward,Ward
relation_descriptors,ed-fi,uri://ed-fi.org/RelationDescriptor,Wife,Wife,Wife
repeat_identifier_descriptors,ed-fi,uri://ed-fi.org/RepeatIdentifierDescriptor,Not repeated,Not repeated,Not repeated
repeat_identifier_descriptors,ed-fi,uri://ed-fi.org/RepeatIdentifierDescriptor,Other,Other,Other
repeat_identifier_descriptors,ed-fi,uri://ed-fi.org/RepeatIdentifierDescriptor,"Other, not counted in GPA","Other, not counted in GPA","Other, not counted in GPA"
repeat_identifier_descriptors,ed-fi,uri://ed-fi.org/RepeatIdentifierDescriptor,"Repeated, counted in grade point average","Repeated, counted in grade point average","Repeated, counted in grade point average"
repeat_identifier_descriptors,ed-fi,uri://ed-fi.org/RepeatIdentifierDescriptor,"Repeated, not counted in grade point average","Repeated, not counted in grade point average","Repeated, not counted in grade point average"
repeat_identifier_descriptors,ed-fi,uri://ed-fi.org/RepeatIdentifierDescriptor,"Repeated, other institution","Repeated, other institution","Repeated, other institution"
repeat_identifier_descriptors,ed-fi,uri://ed-fi.org/RepeatIdentifierDescriptor,Replacement counted,Replacement counted,Replacement counted
repeat_identifier_descriptors,ed-fi,uri://ed-fi.org/RepeatIdentifierDescriptor,Replacement not counted,Replacement not counted,Replacement not counted
reporter_description_descriptors,ed-fi,uri://ed-fi.org/ReporterDescriptionDescriptor,Law enforcement officer,Law enforcement officer,Law enforcement officer
reporter_description_descriptors,ed-fi,uri://ed-fi.org/ReporterDescriptionDescriptor,Non-school personnel,Non-school personnel,Non-school personnel
reporter_description_descriptors,ed-fi,uri://ed-fi.org/ReporterDescriptionDescriptor,Other,Other,Other
reporter_description_descriptors,ed-fi,uri://ed-fi.org/ReporterDescriptionDescriptor,Parent/guardian,Parent/guardian,Parent/guardian
reporter_description_descriptors,ed-fi,uri://ed-fi.org/ReporterDescriptionDescriptor,Staff,Staff,Staff
reporter_description_descriptors,ed-fi,uri://ed-fi.org/ReporterDescriptionDescriptor,Student,Student,Student
residency_status_descriptors,ed-fi,uri://ed-fi.org/ResidencyStatusDescriptor,Resident of admin unit and school area,Resident of administrative unit and usual school attendance area,Resident of administrative unit and usual school attendance area
residency_status_descriptors,ed-fi,uri://ed-fi.org/ResidencyStatusDescriptor,Resident of admin unit that crosses states,Resident of an administrative unit that crosses state boundaries,Resident of an administrative unit that crosses state boundaries
residency_status_descriptors,ed-fi,uri://ed-fi.org/ResidencyStatusDescriptor,"Resident of admin unit, but other school area","Resident of administrative unit, but of other school attendance area","Resident of administrative unit, but of other school attendance area"
residency_status_descriptors,ed-fi,uri://ed-fi.org/ResidencyStatusDescriptor,Resident of another state,Resident of another state,Resident of another state
residency_status_descriptors,ed-fi,uri://ed-fi.org/ResidencyStatusDescriptor,"Resident of this state, but not of this admin unit","Resident of this state, but not of this administrative unit","Resident of this state, but not of this administrative unit"
response_indicator_descriptors,ed-fi,uri://ed-fi.org/ResponseIndicatorDescriptor,Effective response,Effective response,Effective response
response_indicator_descriptors,ed-fi,uri://ed-fi.org/ResponseIndicatorDescriptor,Ineffective response,Ineffective response,Ineffective response
response_indicator_descriptors,ed-fi,uri://ed-fi.org/ResponseIndicatorDescriptor,Nonscorable response,Nonscorable response,Nonscorable response
response_indicator_descriptors,ed-fi,uri://ed-fi.org/ResponseIndicatorDescriptor,Partial response,Partial response,Partial response
responsibility_descriptors,ed-fi,uri://ed-fi.org/ResponsibilityDescriptor,Accountability,Accountability,Accountability
responsibility_descriptors,ed-fi,uri://ed-fi.org/ResponsibilityDescriptor,Attendance,Attendance,Attendance
responsibility_descriptors,ed-fi,uri://ed-fi.org/ResponsibilityDescriptor,Discipline,Discipline,Discipline
responsibility_descriptors,ed-fi,uri://ed-fi.org/ResponsibilityDescriptor,Funding,Funding,Funding
responsibility_descriptors,ed-fi,uri://ed-fi.org/ResponsibilityDescriptor,Graduation,Graduation,Graduation
responsibility_descriptors,ed-fi,uri://ed-fi.org/ResponsibilityDescriptor,Individualized Education Program,Individualized Education Program,Individualized Education Program
responsibility_descriptors,ed-fi,uri://ed-fi.org/ResponsibilityDescriptor,Residency,Residency,Residency
responsibility_descriptors,ed-fi,uri://ed-fi.org/ResponsibilityDescriptor,Transportation,Transportation,Transportation
restraint_event_reason_descriptors,ed-fi,uri://ed-fi.org/RestraintEventReasonDescriptor,Imminent Serious Physical Harm To Others,Imminent Serious Physical Harm To Others,Imminent Serious Physical Harm To Others
restraint_event_reason_descriptors,ed-fi,uri://ed-fi.org/RestraintEventReasonDescriptor,Imminent Serious Physical Harm To Themselves,Imminent Serious Physical Harm To Themselves,Imminent Serious Physical Harm To Themselves
restraint_event_reason_descriptors,ed-fi,uri://ed-fi.org/RestraintEventReasonDescriptor,Imminent Serious Property Destruction,Imminent Serious Property Destruction,Imminent Serious Property Destruction
result_datatype_type_descriptors,ed-fi,uri://ed-fi.org/ResultDatatypeTypeDescriptor,Decimal,Decimal,Decimal
result_datatype_type_descriptors,ed-fi,uri://ed-fi.org/ResultDatatypeTypeDescriptor,Integer,Integer,Integer
result_datatype_type_descriptors,ed-fi,uri://ed-fi.org/ResultDatatypeTypeDescriptor,Level,Level,Level
result_datatype_type_descriptors,ed-fi,uri://ed-fi.org/ResultDatatypeTypeDescriptor,Percentage,Percentage,Percentage
result_datatype_type_descriptors,ed-fi,uri://ed-fi.org/ResultDatatypeTypeDescriptor,Percentile,Percentile,Percentile
result_datatype_type_descriptors,ed-fi,uri://ed-fi.org/ResultDatatypeTypeDescriptor,Range,Range,Range
retest_indicator_descriptors,ed-fi,uri://ed-fi.org/RetestIndicatorDescriptor,1st Retest,1st Retest,1st Retest
retest_indicator_descriptors,ed-fi,uri://ed-fi.org/RetestIndicatorDescriptor,2nd Retest,2nd Retest,2nd Retest
retest_indicator_descriptors,ed-fi,uri://ed-fi.org/RetestIndicatorDescriptor,3rd or more Retest,3rd or more Retest,3rd or more Retest
retest_indicator_descriptors,ed-fi,uri://ed-fi.org/RetestIndicatorDescriptor,Primary Administration,Primary Administration,Primary Administration
school_category_descriptors,ed-fi,uri://ed-fi.org/SchoolCategoryDescriptor,Adult School,Adult School,Adult School
school_category_descriptors,ed-fi,uri://ed-fi.org/SchoolCategoryDescriptor,All Levels,All Levels,All Levels
school_category_descriptors,ed-fi,uri://ed-fi.org/SchoolCategoryDescriptor,Elementary School,Elementary School,Elementary School
school_category_descriptors,ed-fi,uri://ed-fi.org/SchoolCategoryDescriptor,Elementary/Secondary School,Elementary/Secondary School,Elementary/Secondary School
school_category_descriptors,ed-fi,uri://ed-fi.org/SchoolCategoryDescriptor,High School,High School,High School
school_category_descriptors,ed-fi,uri://ed-fi.org/SchoolCategoryDescriptor,Infant/toddler School,Infant/toddler School,Infant/toddler School
school_category_descriptors,ed-fi,uri://ed-fi.org/SchoolCategoryDescriptor,Intermediate School,Intermediate School,Intermediate School
school_category_descriptors,ed-fi,uri://ed-fi.org/SchoolCategoryDescriptor,Junior High School,Junior High School,Junior High School
school_category_descriptors,ed-fi,uri://ed-fi.org/SchoolCategoryDescriptor,Middle School,Middle School,Middle School
school_category_descriptors,ed-fi,uri://ed-fi.org/SchoolCategoryDescriptor,Other Combination,Other Combination,Other Combination
school_category_descriptors,ed-fi,uri://ed-fi.org/SchoolCategoryDescriptor,Other Secondary,Other Secondary,Other Secondary
school_category_descriptors,ed-fi,uri://ed-fi.org/SchoolCategoryDescriptor,Preschool/early childhood,Preschool/early childhood,Preschool/early childhood
school_category_descriptors,ed-fi,uri://ed-fi.org/SchoolCategoryDescriptor,Primary School,Primary School,Primary School
school_category_descriptors,ed-fi,uri://ed-fi.org/SchoolCategoryDescriptor,SecondarySchool,SecondarySchool,SecondarySchool
school_category_descriptors,ed-fi,uri://ed-fi.org/SchoolCategoryDescriptor,Ungraded,Ungraded,Ungraded
school_choice_implement_status_descriptors,ed-fi,uri://ed-fi.org/SchoolChoiceImplementStatusDescriptor,Implemented at all grade levels,Implemented at all grade levels,Implemented at all grade levels
school_choice_implement_status_descriptors,ed-fi,uri://ed-fi.org/SchoolChoiceImplementStatusDescriptor,Implemented at some but not all grade levels,Implemented at some but not all grade levels,Implemented at some but not all grade levels
school_choice_implement_status_descriptors,ed-fi,uri://ed-fi.org/SchoolChoiceImplementStatusDescriptor,Not required to implement public school choice,Not required to implement public school choice,Not required to implement public school choice
school_choice_implement_status_descriptors,ed-fi,uri://ed-fi.org/SchoolChoiceImplementStatusDescriptor,Unable to implement at any grades levels,Unable to implement at any grades levels,Unable to implement at any grades levels
school_food_service_program_service_descriptors,ed-fi,uri://ed-fi.org/SchoolFoodServiceProgramServiceDescriptor,Free Breakfast,Free Breakfast,Free Breakfast
school_food_service_program_service_descriptors,ed-fi,uri://ed-fi.org/SchoolFoodServiceProgramServiceDescriptor,Free Lunch,Free Lunch,Free Lunch
school_food_service_program_service_descriptors,ed-fi,uri://ed-fi.org/SchoolFoodServiceProgramServiceDescriptor,Free Milk,Free Milk,Free Milk
school_food_service_program_service_descriptors,ed-fi,uri://ed-fi.org/SchoolFoodServiceProgramServiceDescriptor,Free Snack,Free Snack,Free Snack
school_food_service_program_service_descriptors,ed-fi,uri://ed-fi.org/SchoolFoodServiceProgramServiceDescriptor,Free Supper,Free Supper,Free Supper
school_food_service_program_service_descriptors,ed-fi,uri://ed-fi.org/SchoolFoodServiceProgramServiceDescriptor,Full Price Breakfast,Full Price Breakfast,Full Price Breakfast
school_food_service_program_service_descriptors,ed-fi,uri://ed-fi.org/SchoolFoodServiceProgramServiceDescriptor,Full Price Lunch,Full Price Lunch,Full Price Lunch
school_food_service_program_service_descriptors,ed-fi,uri://ed-fi.org/SchoolFoodServiceProgramServiceDescriptor,Full Price Milk,Full Price Milk,Full Price Milk
school_food_service_program_service_descriptors,ed-fi,uri://ed-fi.org/SchoolFoodServiceProgramServiceDescriptor,Full Price Snack,Full Price Snack,Full Price Snack
school_food_service_program_service_descriptors,ed-fi,uri://ed-fi.org/SchoolFoodServiceProgramServiceDescriptor,Full Price Supper,Full Price Supper,Full Price Supper
school_food_service_program_service_descriptors,ed-fi,uri://ed-fi.org/SchoolFoodServiceProgramServiceDescriptor,Other,Other,Other
school_food_service_program_service_descriptors,ed-fi,uri://ed-fi.org/SchoolFoodServiceProgramServiceDescriptor,Reduced Price Breakfast,Reduced Price Breakfast,Reduced Price Breakfast
school_food_service_program_service_descriptors,ed-fi,uri://ed-fi.org/SchoolFoodServiceProgramServiceDescriptor,Reduced Price Lunch,Reduced Price Lunch,Reduced Price Lunch
school_food_service_program_service_descriptors,ed-fi,uri://ed-fi.org/SchoolFoodServiceProgramServiceDescriptor,Reduced Price Snack,Reduced Price Snack,Reduced Price Snack
school_food_service_program_service_descriptors,ed-fi,uri://ed-fi.org/SchoolFoodServiceProgramServiceDescriptor,Reduced Price Supper,Reduced Price Supper,Reduced Price Supper
school_type_descriptors,ed-fi,uri://ed-fi.org/SchoolTypeDescriptor,Alternative,Alternative,Alternative
school_type_descriptors,ed-fi,uri://ed-fi.org/SchoolTypeDescriptor,Career and Technical Education,Career and Technical Education,Career and Technical Education
school_type_descriptors,ed-fi,uri://ed-fi.org/SchoolTypeDescriptor,Regular,Regular,Regular
school_type_descriptors,ed-fi,uri://ed-fi.org/SchoolTypeDescriptor,Special Education,Special Education,Special Education
section_characteristic_descriptors,ed-fi,uri://ed-fi.org/SectionCharacteristicDescriptor,Attendance Tracked,Attendance Tracked,Attendance Tracked
section_characteristic_descriptors,ed-fi,uri://ed-fi.org/SectionCharacteristicDescriptor,Graded Credit Available,Graded Credit Available,Graded Credit Available
separation_descriptors,ed-fi,uri://ed-fi.org/SeparationDescriptor,Involuntary separation,Involuntary separation,Involuntary separation
separation_descriptors,ed-fi,uri://ed-fi.org/SeparationDescriptor,Mutual agreement,Mutual agreement,Mutual agreement
separation_descriptors,ed-fi,uri://ed-fi.org/SeparationDescriptor,Other,Other,Other
separation_descriptors,ed-fi,uri://ed-fi.org/SeparationDescriptor,Voluntary separation,Voluntary separation,Voluntary separation
separation_reason_descriptors,ed-fi,uri://ed-fi.org/SeparationReasonDescriptor,Change of assignment,Change of assignment,Change of assignment
separation_reason_descriptors,ed-fi,uri://ed-fi.org/SeparationReasonDescriptor,Discharge,Discharge,Discharge
separation_reason_descriptors,ed-fi,uri://ed-fi.org/SeparationReasonDescriptor,Employment elsewhere,Employment elsewhere,Employment elsewhere
separation_reason_descriptors,ed-fi,uri://ed-fi.org/SeparationReasonDescriptor,Family/personal relocation,Family/personal relocation,Family/personal relocation
separation_reason_descriptors,ed-fi,uri://ed-fi.org/SeparationReasonDescriptor,Formal study or research,Formal study or research,Formal study or research
separation_reason_descriptors,ed-fi,uri://ed-fi.org/SeparationReasonDescriptor,Illness/disability/death,Illness/disability/death,Illness/disability/death
separation_reason_descriptors,ed-fi,uri://ed-fi.org/SeparationReasonDescriptor,Layoff,Layoff,Layoff
separation_reason_descriptors,ed-fi,uri://ed-fi.org/SeparationReasonDescriptor,Other,Other,Other
separation_reason_descriptors,ed-fi,uri://ed-fi.org/SeparationReasonDescriptor,Personal reason,Personal reason,Personal reason
separation_reason_descriptors,ed-fi,uri://ed-fi.org/SeparationReasonDescriptor,Retirement,Retirement,Retirement
separation_reason_descriptors,ed-fi,uri://ed-fi.org/SeparationReasonDescriptor,Unknown,Unknown,Unknown
service_descriptors,ed-fi,uri://ed-fi.org/ServiceDescriptor,Assistive technology device or service,Assistive technology device or service,Assistive technology device or service
service_descriptors,ed-fi,uri://ed-fi.org/ServiceDescriptor,Audiological Impairment,Audiological Impairment,Audiological Impairment
service_descriptors,ed-fi,uri://ed-fi.org/ServiceDescriptor,Audiological services,Audiological services,Audiological services
service_descriptors,ed-fi,uri://ed-fi.org/ServiceDescriptor,Counseling services,Counseling services,Counseling services
service_descriptors,ed-fi,uri://ed-fi.org/ServiceDescriptor,Disgraphia,Disgraphia,Disgraphia
service_descriptors,ed-fi,uri://ed-fi.org/ServiceDescriptor,Dyslexia,Dyslexia,Dyslexia
service_descriptors,ed-fi,uri://ed-fi.org/ServiceDescriptor,Interpreting services,Interpreting services,Interpreting services
service_descriptors,ed-fi,uri://ed-fi.org/ServiceDescriptor,Medical diagnostic services,Medical diagnostic services,Medical diagnostic services
service_descriptors,ed-fi,uri://ed-fi.org/ServiceDescriptor,Occupational therapy,Occupational therapy,Occupational therapy
service_descriptors,ed-fi,uri://ed-fi.org/ServiceDescriptor,Orientation and mobility training services,Orientation and mobility training services,Orientation and mobility training services
service_descriptors,ed-fi,uri://ed-fi.org/ServiceDescriptor,Physical therapy,Physical therapy,Physical therapy
service_descriptors,ed-fi,uri://ed-fi.org/ServiceDescriptor,Preschool children with disabilites program,Preschool children with disabilites program,Preschool children with disabilites program
service_descriptors,ed-fi,uri://ed-fi.org/ServiceDescriptor,Psychological services,Psychological services,Psychological services
service_descriptors,ed-fi,uri://ed-fi.org/ServiceDescriptor,Recreational services,Recreational services,Recreational services
service_descriptors,ed-fi,uri://ed-fi.org/ServiceDescriptor,Speech therapy,Speech therapy,Speech therapy
sex_descriptors,ed-fi,uri://ed-fi.org/SexDescriptor,Female,Female,Female
sex_descriptors,ed-fi,uri://ed-fi.org/SexDescriptor,Male,Male,Male
sex_descriptors,ed-fi,uri://ed-fi.org/SexDescriptor,Non-binary,Non-binary,Non-binary
sex_descriptors,ed-fi,uri://ed-fi.org/SexDescriptor,Not Selected,Not Selected,Not Selected
source_system_descriptors,ed-fi,uri://ed-fi.org/SourceSystemDescriptor,District,District,District
source_system_descriptors,ed-fi,uri://ed-fi.org/SourceSystemDescriptor,Federal,Federal,Federal
source_system_descriptors,ed-fi,uri://ed-fi.org/SourceSystemDescriptor,School,School,School
source_system_descriptors,ed-fi,uri://ed-fi.org/SourceSystemDescriptor,State,State,State
special_education_program_service_descriptors,ed-fi,uri://ed-fi.org/SpecialEducationProgramServiceDescriptor,Counseling Services,Counseling Services (Including Rehabilitation Counseling),Counseling Services (Including Rehabilitation Counseling)
special_education_program_service_descriptors,ed-fi,uri://ed-fi.org/SpecialEducationProgramServiceDescriptor,Early Identification And Evaluation,Early Identification And Evaluation,Early Identification And Evaluation
special_education_program_service_descriptors,ed-fi,uri://ed-fi.org/SpecialEducationProgramServiceDescriptor,Interpreting Services,Interpreting Services,Interpreting Services
special_education_program_service_descriptors,ed-fi,uri://ed-fi.org/SpecialEducationProgramServiceDescriptor,Medical Services,Medical Services (Diagnostic or evaluation only - not ongoing treatment),Medical Services (Diagnostic or evaluation only - not ongoing treatment)
special_education_program_service_descriptors,ed-fi,uri://ed-fi.org/SpecialEducationProgramServiceDescriptor,Occupational And Physical Therapy,Occupational And Physical Therapy,Occupational And Physical Therapy
special_education_program_service_descriptors,ed-fi,uri://ed-fi.org/SpecialEducationProgramServiceDescriptor,Orientation And Mobility,Orientation And Mobility,Orientation And Mobility
special_education_program_service_descriptors,ed-fi,uri://ed-fi.org/SpecialEducationProgramServiceDescriptor,Parent Counseling And Training,Parent Counseling And Training,Parent Counseling And Training
special_education_program_service_descriptors,ed-fi,uri://ed-fi.org/SpecialEducationProgramServiceDescriptor,Psychological Services,Psychological Services,Psychological Services
special_education_program_service_descriptors,ed-fi,uri://ed-fi.org/SpecialEducationProgramServiceDescriptor,"Recreation, Including Therapeutic Recreation","Recreation, Including Therapeutic Recreation","Recreation, Including Therapeutic Recreation"
special_education_program_service_descriptors,ed-fi,uri://ed-fi.org/SpecialEducationProgramServiceDescriptor,School Health and/or School Nurse Services,School Health and/or School Nurse Services,School Health and/or School Nurse Services
special_education_program_service_descriptors,ed-fi,uri://ed-fi.org/SpecialEducationProgramServiceDescriptor,Social Work Services,Social Work Services,Social Work Services
special_education_program_service_descriptors,ed-fi,uri://ed-fi.org/SpecialEducationProgramServiceDescriptor,Speech-Language And Audiology Services,Speech-Language And Audiology Services,Speech-Language And Audiology Services
special_education_setting_descriptors,ed-fi,uri://ed-fi.org/SpecialEducationSettingDescriptor,Correctional Facilities,Correctional Facilities,Correctional Facilities
special_education_setting_descriptors,ed-fi,uri://ed-fi.org/SpecialEducationSettingDescriptor,Homebound/Hospital,Homebound/Hospital,Homebound/Hospital
special_education_setting_descriptors,ed-fi,uri://ed-fi.org/SpecialEducationSettingDescriptor,Inside reg class between 40-79% of the day,Inside reg class between 40-79% of the day,Inside regular class no more than 79% of day and no less than 40% of the day
special_education_setting_descriptors,ed-fi,uri://ed-fi.org/SpecialEducationSettingDescriptor,Inside regular class 80% or more of the day,Inside regular class 80% or more of the day,Inside regular class 80% or more of the day
special_education_setting_descriptors,ed-fi,uri://ed-fi.org/SpecialEducationSettingDescriptor,Inside regular class less than 40% of the day,Inside regular class less than 40% of the day,Inside regular class less than 40% of the day
special_education_setting_descriptors,ed-fi,uri://ed-fi.org/SpecialEducationSettingDescriptor,Parentally-placed in Private Schools,Parentally-placed in Private Schools,Parentally-placed in Private Schools
special_education_setting_descriptors,ed-fi,uri://ed-fi.org/SpecialEducationSettingDescriptor,Residential Facility,Residential Facility,Residential Facility
special_education_setting_descriptors,ed-fi,uri://ed-fi.org/SpecialEducationSettingDescriptor,Separate School,Separate School,Separate School
staff_classification_descriptors,ed-fi,uri://ed-fi.org/StaffClassificationDescriptor,All Other Support Staff,All Other Support Staff,All Other Support Staff
staff_classification_descriptors,ed-fi,uri://ed-fi.org/StaffClassificationDescriptor,Assistant Principal,Assistant Principal,Assistant Principal
staff_classification_descriptors,ed-fi,uri://ed-fi.org/StaffClassificationDescriptor,Assistant Superintendent,Assistant Superintendent,Assistant Superintendent
staff_classification_descriptors,ed-fi,uri://ed-fi.org/StaffClassificationDescriptor,Counselor,Counselor,Counselor
staff_classification_descriptors,ed-fi,uri://ed-fi.org/StaffClassificationDescriptor,Elementary School Counselors,Elementary School Counselors,Elementary School Counselors
staff_classification_descriptors,ed-fi,uri://ed-fi.org/StaffClassificationDescriptor,Elementary Teachers,Elementary Teachers,Elementary Teachers
staff_classification_descriptors,ed-fi,uri://ed-fi.org/StaffClassificationDescriptor,Instr Coordinators and Supervisors to the Staff,Instructional Coordinators and Supervisors to the Staff,Instructional Coordinators and Supervisors to the Staff
staff_classification_descriptors,ed-fi,uri://ed-fi.org/StaffClassificationDescriptor,Instructional Aide,Instructional Aide,Instructional Aide
staff_classification_descriptors,ed-fi,uri://ed-fi.org/StaffClassificationDescriptor,Instructional Coordinator,Instructional Coordinator,Instructional Coordinator
staff_classification_descriptors,ed-fi,uri://ed-fi.org/StaffClassificationDescriptor,Kindergarten Teachers,Kindergarten Teachers,Kindergarten Teachers
staff_classification_descriptors,ed-fi,uri://ed-fi.org/StaffClassificationDescriptor,LEA Administrative Support Staff,LEA Administrative Support Staff,LEA Administrative Support Staff
staff_classification_descriptors,ed-fi,uri://ed-fi.org/StaffClassificationDescriptor,LEA Administrator,LEA Administrator,LEA Administrator
staff_classification_descriptors,ed-fi,uri://ed-fi.org/StaffClassificationDescriptor,LEA Specialist,LEA Specialist,LEA Specialist
staff_classification_descriptors,ed-fi,uri://ed-fi.org/StaffClassificationDescriptor,LEA System Administrator,LEA System Administrator,LEA System Administrator
staff_classification_descriptors,ed-fi,uri://ed-fi.org/StaffClassificationDescriptor,Librarians/Media Specialists,Librarians/Media Specialists,Librarians/Media Specialists
staff_classification_descriptors,ed-fi,uri://ed-fi.org/StaffClassificationDescriptor,Library/Media Support Staff,Library/Media Support Staff,Library/Media Support Staff
staff_classification_descriptors,ed-fi,uri://ed-fi.org/StaffClassificationDescriptor,Operational Support,Operational Support,Operational Support
staff_classification_descriptors,ed-fi,uri://ed-fi.org/StaffClassificationDescriptor,Other,Other,Other
staff_classification_descriptors,ed-fi,uri://ed-fi.org/StaffClassificationDescriptor,Paraprofessionals/Instructional Aides,Paraprofessionals/Instructional Aides,Paraprofessionals/Instructional Aides
staff_classification_descriptors,ed-fi,uri://ed-fi.org/StaffClassificationDescriptor,Pre-Kindergarten Teachers,Pre-Kindergarten Teachers,Pre-Kindergarten Teachers
staff_classification_descriptors,ed-fi,uri://ed-fi.org/StaffClassificationDescriptor,Principal,Principal,Principal
staff_classification_descriptors,ed-fi,uri://ed-fi.org/StaffClassificationDescriptor,School Administrative Support Staff,School Administrative Support Staff,School Administrative Support Staff
staff_classification_descriptors,ed-fi,uri://ed-fi.org/StaffClassificationDescriptor,School Administrator,School Administrator,School Administrator
staff_classification_descriptors,ed-fi,uri://ed-fi.org/StaffClassificationDescriptor,School Counselors,School Counselors,School Counselors
staff_classification_descriptors,ed-fi,uri://ed-fi.org/StaffClassificationDescriptor,School Leader,School Leader,School Leader
staff_classification_descriptors,ed-fi,uri://ed-fi.org/StaffClassificationDescriptor,School Psychologist,School Psychologist,School Psychologist
staff_classification_descriptors,ed-fi,uri://ed-fi.org/StaffClassificationDescriptor,School Specialist,School Specialist,School Specialist
staff_classification_descriptors,ed-fi,uri://ed-fi.org/StaffClassificationDescriptor,Secondary School Counselors,Secondary School Counselors,Secondary School Counselors
staff_classification_descriptors,ed-fi,uri://ed-fi.org/StaffClassificationDescriptor,Secondary Teachers,Secondary Teachers,Secondary Teachers
staff_classification_descriptors,ed-fi,uri://ed-fi.org/StaffClassificationDescriptor,State Administrator,State Administrator,State Administrator
staff_classification_descriptors,ed-fi,uri://ed-fi.org/StaffClassificationDescriptor,Student Support Services Staff (w/o Psychology),Student Support Services Staff (w/o Psychology),Student Support Services Staff (w/o Psychology)
staff_classification_descriptors,ed-fi,uri://ed-fi.org/StaffClassificationDescriptor,Substitute Teacher,Substitute Teacher,Substitute Teacher
staff_classification_descriptors,ed-fi,uri://ed-fi.org/StaffClassificationDescriptor,Superintendent,Superintendent,Superintendent
staff_classification_descriptors,ed-fi,uri://ed-fi.org/StaffClassificationDescriptor,Support Services Staff,Support Services Staff,Support Services Staff
staff_classification_descriptors,ed-fi,uri://ed-fi.org/StaffClassificationDescriptor,Teacher,Teacher,Teacher
staff_classification_descriptors,ed-fi,uri://ed-fi.org/StaffClassificationDescriptor,Ungraded Teachers,Ungraded Teachers,Ungraded Teachers
staff_identification_system_descriptors,ed-fi,uri://ed-fi.org/StaffIdentificationSystemDescriptor,Canadian SIN,Canadian SIN,Canadian SIN
staff_identification_system_descriptors,ed-fi,uri://ed-fi.org/StaffIdentificationSystemDescriptor,District,District,District
staff_identification_system_descriptors,ed-fi,uri://ed-fi.org/StaffIdentificationSystemDescriptor,Drivers License,Drivers License,Drivers License
staff_identification_system_descriptors,ed-fi,uri://ed-fi.org/StaffIdentificationSystemDescriptor,Federal,Federal,Federal
staff_identification_system_descriptors,ed-fi,uri://ed-fi.org/StaffIdentificationSystemDescriptor,Health Record,Health Record,Health Record
staff_identification_system_descriptors,ed-fi,uri://ed-fi.org/StaffIdentificationSystemDescriptor,Medicaid,Medicaid,Medicaid
staff_identification_system_descriptors,ed-fi,uri://ed-fi.org/StaffIdentificationSystemDescriptor,Other,Other,Other
staff_identification_system_descriptors,ed-fi,uri://ed-fi.org/StaffIdentificationSystemDescriptor,Other Federal,Other Federal,Other Federal
staff_identification_system_descriptors,ed-fi,uri://ed-fi.org/StaffIdentificationSystemDescriptor,PIN,PIN,PIN
staff_identification_system_descriptors,ed-fi,uri://ed-fi.org/StaffIdentificationSystemDescriptor,Professional Certificate,Professional Certificate,Professional Certificate
staff_identification_system_descriptors,ed-fi,uri://ed-fi.org/StaffIdentificationSystemDescriptor,SSN,SSN,SSN
staff_identification_system_descriptors,ed-fi,uri://ed-fi.org/StaffIdentificationSystemDescriptor,School,School,School
staff_identification_system_descriptors,ed-fi,uri://ed-fi.org/StaffIdentificationSystemDescriptor,Selective Service,Selective Service,Selective Service
staff_identification_system_descriptors,ed-fi,uri://ed-fi.org/StaffIdentificationSystemDescriptor,State,State,State
staff_identification_system_descriptors,ed-fi,uri://ed-fi.org/StaffIdentificationSystemDescriptor,US Visa,US Visa,US Visa
staff_leave_event_category_descriptors,ed-fi,uri://ed-fi.org/StaffLeaveEventCategoryDescriptor,Administrative,Administrative,Administrative
staff_leave_event_category_descriptors,ed-fi,uri://ed-fi.org/StaffLeaveEventCategoryDescriptor,Annual leave,Annual leave,Annual leave
staff_leave_event_category_descriptors,ed-fi,uri://ed-fi.org/StaffLeaveEventCategoryDescriptor,Bereavement,Bereavement,Bereavement
staff_leave_event_category_descriptors,ed-fi,uri://ed-fi.org/StaffLeaveEventCategoryDescriptor,Compensatory leave time,Compensatory leave time,Compensatory leave time
staff_leave_event_category_descriptors,ed-fi,uri://ed-fi.org/StaffLeaveEventCategoryDescriptor,Family and medical leave,Family and medical leave,Family and medical leave
staff_leave_event_category_descriptors,ed-fi,uri://ed-fi.org/StaffLeaveEventCategoryDescriptor,Flex time,Flex time,Flex time
staff_leave_event_category_descriptors,ed-fi,uri://ed-fi.org/StaffLeaveEventCategoryDescriptor,Government-requested,Government-requested,Government-requested
staff_leave_event_category_descriptors,ed-fi,uri://ed-fi.org/StaffLeaveEventCategoryDescriptor,Jury duty,Jury duty,Jury duty
staff_leave_event_category_descriptors,ed-fi,uri://ed-fi.org/StaffLeaveEventCategoryDescriptor,Military leave,Military leave,Military leave
staff_leave_event_category_descriptors,ed-fi,uri://ed-fi.org/StaffLeaveEventCategoryDescriptor,Other,Other,Other
staff_leave_event_category_descriptors,ed-fi,uri://ed-fi.org/StaffLeaveEventCategoryDescriptor,Personal,Personal,Personal
staff_leave_event_category_descriptors,ed-fi,uri://ed-fi.org/StaffLeaveEventCategoryDescriptor,Professional development,Professional development,Professional development
staff_leave_event_category_descriptors,ed-fi,uri://ed-fi.org/StaffLeaveEventCategoryDescriptor,Release time,Release time,Release time
staff_leave_event_category_descriptors,ed-fi,uri://ed-fi.org/StaffLeaveEventCategoryDescriptor,Sabbatical leave,Sabbatical leave,Sabbatical leave
staff_leave_event_category_descriptors,ed-fi,uri://ed-fi.org/StaffLeaveEventCategoryDescriptor,Sick leave,Sick leave,Sick leave
staff_leave_event_category_descriptors,ed-fi,uri://ed-fi.org/StaffLeaveEventCategoryDescriptor,Suspension,Suspension,Suspension
staff_leave_event_category_descriptors,ed-fi,uri://ed-fi.org/StaffLeaveEventCategoryDescriptor,Vacation,Vacation,Vacation
staff_leave_event_category_descriptors,ed-fi,uri://ed-fi.org/StaffLeaveEventCategoryDescriptor,Work compensation,Work compensation,Work compensation
state_abbreviation_descriptors,ed-fi,uri://ed-fi.org/StateAbbreviationDescriptor,AA,AA,AA
state_abbreviation_descriptors,ed-fi,uri://ed-fi.org/StateAbbreviationDescriptor,AE,AE,AE
state_abbreviation_descriptors,ed-fi,uri://ed-fi.org/StateAbbreviationDescriptor,AK,AK,AK
state_abbreviation_descriptors,ed-fi,uri://ed-fi.org/StateAbbreviationDescriptor,AL,AL,AL
state_abbreviation_descriptors,ed-fi,uri://ed-fi.org/StateAbbreviationDescriptor,AP,AP,AP
state_abbreviation_descriptors,ed-fi,uri://ed-fi.org/StateAbbreviationDescriptor,AR,AR,AR
state_abbreviation_descriptors,ed-fi,uri://ed-fi.org/StateAbbreviationDescriptor,AS,AS,AS
state_abbreviation_descriptors,ed-fi,uri://ed-fi.org/StateAbbreviationDescriptor,AZ,AZ,AZ
state_abbreviation_descriptors,ed-fi,uri://ed-fi.org/StateAbbreviationDescriptor,CA,CA,CA
state_abbreviation_descriptors,ed-fi,uri://ed-fi.org/StateAbbreviationDescriptor,CO,CO,CO
state_abbreviation_descriptors,ed-fi,uri://ed-fi.org/StateAbbreviationDescriptor,CT,CT,CT
state_abbreviation_descriptors,ed-fi,uri://ed-fi.org/StateAbbreviationDescriptor,DC,DC,DC
state_abbreviation_descriptors,ed-fi,uri://ed-fi.org/StateAbbreviationDescriptor,DE,DE,DE
state_abbreviation_descriptors,ed-fi,uri://ed-fi.org/StateAbbreviationDescriptor,FL,FL,FL
state_abbreviation_descriptors,ed-fi,uri://ed-fi.org/StateAbbreviationDescriptor,FM,FM,FM
state_abbreviation_descriptors,ed-fi,uri://ed-fi.org/StateAbbreviationDescriptor,GA,GA,GA
state_abbreviation_descriptors,ed-fi,uri://ed-fi.org/StateAbbreviationDescriptor,GU,GU,GU
state_abbreviation_descriptors,ed-fi,uri://ed-fi.org/StateAbbreviationDescriptor,HI,HI,HI
state_abbreviation_descriptors,ed-fi,uri://ed-fi.org/StateAbbreviationDescriptor,IA,IA,IA
state_abbreviation_descriptors,ed-fi,uri://ed-fi.org/StateAbbreviationDescriptor,ID,ID,ID
state_abbreviation_descriptors,ed-fi,uri://ed-fi.org/StateAbbreviationDescriptor,IL,IL,IL
state_abbreviation_descriptors,ed-fi,uri://ed-fi.org/StateAbbreviationDescriptor,IN,IN,IN
state_abbreviation_descriptors,ed-fi,uri://ed-fi.org/StateAbbreviationDescriptor,KS,KS,KS
state_abbreviation_descriptors,ed-fi,uri://ed-fi.org/StateAbbreviationDescriptor,KY,KY,KY
state_abbreviation_descriptors,ed-fi,uri://ed-fi.org/StateAbbreviationDescriptor,LA,LA,LA
state_abbreviation_descriptors,ed-fi,uri://ed-fi.org/StateAbbreviationDescriptor,MA,MA,MA
state_abbreviation_descriptors,ed-fi,uri://ed-fi.org/StateAbbreviationDescriptor,MD,MD,MD
state_abbreviation_descriptors,ed-fi,uri://ed-fi.org/StateAbbreviationDescriptor,ME,ME,ME
state_abbreviation_descriptors,ed-fi,uri://ed-fi.org/StateAbbreviationDescriptor,MH,MH,MH
state_abbreviation_descriptors,ed-fi,uri://ed-fi.org/StateAbbreviationDescriptor,MI,MI,MI
state_abbreviation_descriptors,ed-fi,uri://ed-fi.org/StateAbbreviationDescriptor,MN,MN,MN
state_abbreviation_descriptors,ed-fi,uri://ed-fi.org/StateAbbreviationDescriptor,MO,MO,MO
state_abbreviation_descriptors,ed-fi,uri://ed-fi.org/StateAbbreviationDescriptor,MP,MP,MP
state_abbreviation_descriptors,ed-fi,uri://ed-fi.org/StateAbbreviationDescriptor,MS,MS,MS
state_abbreviation_descriptors,ed-fi,uri://ed-fi.org/StateAbbreviationDescriptor,MT,MT,MT
state_abbreviation_descriptors,ed-fi,uri://ed-fi.org/StateAbbreviationDescriptor,NC,NC,NC
state_abbreviation_descriptors,ed-fi,uri://ed-fi.org/StateAbbreviationDescriptor,ND,ND,ND
state_abbreviation_descriptors,ed-fi,uri://ed-fi.org/StateAbbreviationDescriptor,NE,NE,NE
state_abbreviation_descriptors,ed-fi,uri://ed-fi.org/StateAbbreviationDescriptor,NH,NH,NH
state_abbreviation_descriptors,ed-fi,uri://ed-fi.org/StateAbbreviationDescriptor,NJ,NJ,NJ
state_abbreviation_descriptors,ed-fi,uri://ed-fi.org/StateAbbreviationDescriptor,NM,NM,NM
state_abbreviation_descriptors,ed-fi,uri://ed-fi.org/StateAbbreviationDescriptor,NV,NV,NV
state_abbreviation_descriptors,ed-fi,uri://ed-fi.org/StateAbbreviationDescriptor,NY,NY,NY
state_abbreviation_descriptors,ed-fi,uri://ed-fi.org/StateAbbreviationDescriptor,OH,OH,OH
state_abbreviation_descriptors,ed-fi,uri://ed-fi.org/StateAbbreviationDescriptor,OK,OK,OK
state_abbreviation_descriptors,ed-fi,uri://ed-fi.org/StateAbbreviationDescriptor,OR,OR,OR
state_abbreviation_descriptors,ed-fi,uri://ed-fi.org/StateAbbreviationDescriptor,PA,PA,PA
state_abbreviation_descriptors,ed-fi,uri://ed-fi.org/StateAbbreviationDescriptor,PR,PR,PR
state_abbreviation_descriptors,ed-fi,uri://ed-fi.org/StateAbbreviationDescriptor,PW,PW,PW
state_abbreviation_descriptors,ed-fi,uri://ed-fi.org/StateAbbreviationDescriptor,RI,RI,RI
state_abbreviation_descriptors,ed-fi,uri://ed-fi.org/StateAbbreviationDescriptor,SC,SC,SC
state_abbreviation_descriptors,ed-fi,uri://ed-fi.org/StateAbbreviationDescriptor,SD,SD,SD
state_abbreviation_descriptors,ed-fi,uri://ed-fi.org/StateAbbreviationDescriptor,TN,TN,TN
state_abbreviation_descriptors,ed-fi,uri://ed-fi.org/StateAbbreviationDescriptor,TX,TX,TX
state_abbreviation_descriptors,ed-fi,uri://ed-fi.org/StateAbbreviationDescriptor,UT,UT,UT
state_abbreviation_descriptors,ed-fi,uri://ed-fi.org/StateAbbreviationDescriptor,VA,VA,VA
state_abbreviation_descriptors,ed-fi,uri://ed-fi.org/StateAbbreviationDescriptor,VI,VI,VI
state_abbreviation_descriptors,ed-fi,uri://ed-fi.org/StateAbbreviationDescriptor,VT,VT,VT
state_abbreviation_descriptors,ed-fi,uri://ed-fi.org/StateAbbreviationDescriptor,WA,WA,WA
state_abbreviation_descriptors,ed-fi,uri://ed-fi.org/StateAbbreviationDescriptor,WI,WI,WI
state_abbreviation_descriptors,ed-fi,uri://ed-fi.org/StateAbbreviationDescriptor,WV,WV,WV
state_abbreviation_descriptors,ed-fi,uri://ed-fi.org/StateAbbreviationDescriptor,WY,WY,WY
student_characteristic_descriptors,ed-fi,uri://ed-fi.org/StudentCharacteristicDescriptor,Asylee,Asylee,Asylee
student_characteristic_descriptors,ed-fi,uri://ed-fi.org/StudentCharacteristicDescriptor,Displaced,Displaced,Displaced
student_characteristic_descriptors,ed-fi,uri://ed-fi.org/StudentCharacteristicDescriptor,Displaced Homemaker,Displaced Homemaker,Displaced Homemaker
student_characteristic_descriptors,ed-fi,uri://ed-fi.org/StudentCharacteristicDescriptor,Economic Disadvantaged,Economic Disadvantaged,Economic Disadvantaged
student_characteristic_descriptors,ed-fi,uri://ed-fi.org/StudentCharacteristicDescriptor,Foster Care,Foster Care,Foster Care
student_characteristic_descriptors,ed-fi,uri://ed-fi.org/StudentCharacteristicDescriptor,Homeless,Homeless,Homeless
student_characteristic_descriptors,ed-fi,uri://ed-fi.org/StudentCharacteristicDescriptor,Immigrant,Immigrant,Immigrant
student_characteristic_descriptors,ed-fi,uri://ed-fi.org/StudentCharacteristicDescriptor,Other,Other,Other
student_characteristic_descriptors,ed-fi,uri://ed-fi.org/StudentCharacteristicDescriptor,Parent in Military,Parent in Military,Parent in Military
student_characteristic_descriptors,ed-fi,uri://ed-fi.org/StudentCharacteristicDescriptor,Pregnant,Pregnant,Pregnant
student_characteristic_descriptors,ed-fi,uri://ed-fi.org/StudentCharacteristicDescriptor,Refugee,Refugee,Refugee
student_characteristic_descriptors,ed-fi,uri://ed-fi.org/StudentCharacteristicDescriptor,Runaway,Runaway,Runaway
student_characteristic_descriptors,ed-fi,uri://ed-fi.org/StudentCharacteristicDescriptor,Single Parent,Single Parent,Single Parent
student_characteristic_descriptors,ed-fi,uri://ed-fi.org/StudentCharacteristicDescriptor,Unaccompanied Youth,Unaccompanied Youth,Unaccompanied Youth
student_identification_system_descriptors,ed-fi,uri://ed-fi.org/StudentIdentificationSystemDescriptor,Canadian SIN,Canadian SIN,Canadian SIN
student_identification_system_descriptors,ed-fi,uri://ed-fi.org/StudentIdentificationSystemDescriptor,District,District,"The student identification system for the student at the district level, generally managed by the district student information system, and the one that assigns the principal IDs used to join student data for district operations."
student_identification_system_descriptors,ed-fi,uri://ed-fi.org/StudentIdentificationSystemDescriptor,Family,Family,Family
student_identification_system_descriptors,ed-fi,uri://ed-fi.org/StudentIdentificationSystemDescriptor,Federal,Federal,Federal
student_identification_system_descriptors,ed-fi,uri://ed-fi.org/StudentIdentificationSystemDescriptor,Local,DEPRECATED: Local,DEPRECATED: Local
student_identification_system_descriptors,ed-fi,uri://ed-fi.org/StudentIdentificationSystemDescriptor,National Migrant,National Migrant,National Migrant
student_identification_system_descriptors,ed-fi,uri://ed-fi.org/StudentIdentificationSystemDescriptor,Other,Other,Other
student_identification_system_descriptors,ed-fi,uri://ed-fi.org/StudentIdentificationSystemDescriptor,SSN,SSN,SSN
student_identification_system_descriptors,ed-fi,uri://ed-fi.org/StudentIdentificationSystemDescriptor,School,School,School
student_identification_system_descriptors,ed-fi,uri://ed-fi.org/StudentIdentificationSystemDescriptor,State,State,The state identification system for students that assigns a state ID to each student.
student_identification_system_descriptors,ed-fi,uri://ed-fi.org/StudentIdentificationSystemDescriptor,State Migrant,State Migrant,State Migrant
student_identification_system_descriptors,ed-fi,uri://ed-fi.org/StudentIdentificationSystemDescriptor,Student Number,Student Number,"A category of IDs often provided to enable students and others to remember and use in daily operations. If none exists, the Student Number system is generally equivalent to the District system."
student_participation_code_descriptors,ed-fi,uri://ed-fi.org/StudentParticipationCodeDescriptor,Perpetrator,Perpetrator,Perpetrator
student_participation_code_descriptors,ed-fi,uri://ed-fi.org/StudentParticipationCodeDescriptor,Reporter,Reporter,Reporter
student_participation_code_descriptors,ed-fi,uri://ed-fi.org/StudentParticipationCodeDescriptor,Victim,Victim,Victim
student_participation_code_descriptors,ed-fi,uri://ed-fi.org/StudentParticipationCodeDescriptor,Witness,Witness,Witness
survey_category_descriptors,ed-fi,uri://ed-fi.org/SurveyCategoryDescriptor,Administrator,Administrator,Administrator
survey_category_descriptors,ed-fi,uri://ed-fi.org/SurveyCategoryDescriptor,Applicant,Applicant,Applicant
survey_category_descriptors,ed-fi,uri://ed-fi.org/SurveyCategoryDescriptor,Community,Community,Community
survey_category_descriptors,ed-fi,uri://ed-fi.org/SurveyCategoryDescriptor,District,District,District
survey_category_descriptors,ed-fi,uri://ed-fi.org/SurveyCategoryDescriptor,Exit,Exit,Exiting staff
survey_category_descriptors,ed-fi,uri://ed-fi.org/SurveyCategoryDescriptor,Other,Other,Other
survey_category_descriptors,ed-fi,uri://ed-fi.org/SurveyCategoryDescriptor,Parent,Parent,Parent
survey_category_descriptors,ed-fi,uri://ed-fi.org/SurveyCategoryDescriptor,Principal,Principal,Principal
survey_category_descriptors,ed-fi,uri://ed-fi.org/SurveyCategoryDescriptor,Student,Student,Student
survey_category_descriptors,ed-fi,uri://ed-fi.org/SurveyCategoryDescriptor,Teacher,Teacher,Teacher
survey_level_descriptors,ed-fi,uri://ed-fi.org/SurveyLevelDescriptor,Adult Education,Adult Education,Adult Education
survey_level_descriptors,ed-fi,uri://ed-fi.org/SurveyLevelDescriptor,Early Education,Early Education,Early Education
survey_level_descriptors,ed-fi,uri://ed-fi.org/SurveyLevelDescriptor,Eighth grade,Eighth grade,Eighth grade
survey_level_descriptors,ed-fi,uri://ed-fi.org/SurveyLevelDescriptor,Eleventh grade,Eleventh grade,Eleventh grade
survey_level_descriptors,ed-fi,uri://ed-fi.org/SurveyLevelDescriptor,Fifth grade,Fifth grade,Fifth grade
survey_level_descriptors,ed-fi,uri://ed-fi.org/SurveyLevelDescriptor,First grade,First grade,First grade
survey_level_descriptors,ed-fi,uri://ed-fi.org/SurveyLevelDescriptor,Fourth grade,Fourth grade,Fourth grade
survey_level_descriptors,ed-fi,uri://ed-fi.org/SurveyLevelDescriptor,Grade 13,Grade 13,Grade 13
survey_level_descriptors,ed-fi,uri://ed-fi.org/SurveyLevelDescriptor,Infant/toddler,Infant/toddler,Infant/toddler
survey_level_descriptors,ed-fi,uri://ed-fi.org/SurveyLevelDescriptor,Kindergarten,Kindergarten,Kindergarten
survey_level_descriptors,ed-fi,uri://ed-fi.org/SurveyLevelDescriptor,Master's,Master's,Master's
survey_level_descriptors,ed-fi,uri://ed-fi.org/SurveyLevelDescriptor,Ninth grade,Ninth grade,Ninth grade
survey_level_descriptors,ed-fi,uri://ed-fi.org/SurveyLevelDescriptor,No grade level,No grade level,No grade level
survey_level_descriptors,ed-fi,uri://ed-fi.org/SurveyLevelDescriptor,Other,Other,Other
survey_level_descriptors,ed-fi,uri://ed-fi.org/SurveyLevelDescriptor,Postsecondary,Postsecondary,Postsecondary
survey_level_descriptors,ed-fi,uri://ed-fi.org/SurveyLevelDescriptor,Preschool/Prekindergarten,Preschool/Prekindergarten,Preschool/Prekindergarten
survey_level_descriptors,ed-fi,uri://ed-fi.org/SurveyLevelDescriptor,Professional Certification,Professional Certification,Professional Certification
survey_level_descriptors,ed-fi,uri://ed-fi.org/SurveyLevelDescriptor,Second grade,Second grade,Second grade
survey_level_descriptors,ed-fi,uri://ed-fi.org/SurveyLevelDescriptor,Seventh grade,Seventh grade,Seventh grade
survey_level_descriptors,ed-fi,uri://ed-fi.org/SurveyLevelDescriptor,Sixth grade,Sixth grade,Sixth grade
survey_level_descriptors,ed-fi,uri://ed-fi.org/SurveyLevelDescriptor,Tenth grade,Tenth grade,Tenth grade
survey_level_descriptors,ed-fi,uri://ed-fi.org/SurveyLevelDescriptor,Third grade,Third grade,Third grade
survey_level_descriptors,ed-fi,uri://ed-fi.org/SurveyLevelDescriptor,Twelfth grade,Twelfth grade,Twelfth grade
survey_level_descriptors,ed-fi,uri://ed-fi.org/SurveyLevelDescriptor,Undergraduate,Undergraduate,Undergraduate
survey_level_descriptors,ed-fi,uri://ed-fi.org/SurveyLevelDescriptor,Ungraded,Ungraded,Ungraded
teaching_credential_basis_descriptors,ed-fi,uri://ed-fi.org/TeachingCredentialBasisDescriptor,4-year bachelor's degree,4-year bachelor's degree,4-year bachelor's degree
teaching_credential_basis_descriptors,ed-fi,uri://ed-fi.org/TeachingCredentialBasisDescriptor,5-year bachelor's degree,5-year bachelor's degree,5-year bachelor's degree
teaching_credential_basis_descriptors,ed-fi,uri://ed-fi.org/TeachingCredentialBasisDescriptor,Doctoral degree,Doctoral degree,Doctoral degree
teaching_credential_basis_descriptors,ed-fi,uri://ed-fi.org/TeachingCredentialBasisDescriptor,Master's degree,Master's degree,Master's degree
teaching_credential_basis_descriptors,ed-fi,uri://ed-fi.org/TeachingCredentialBasisDescriptor,Met state testing requirement,Met state testing requirement,Met state testing requirement
teaching_credential_basis_descriptors,ed-fi,uri://ed-fi.org/TeachingCredentialBasisDescriptor,Reciprocation with another state,Credentials based on reciprocation with another state,Credentials based on reciprocation with another state
teaching_credential_basis_descriptors,ed-fi,uri://ed-fi.org/TeachingCredentialBasisDescriptor,Relevant experience,Relevant experience,Relevant experience
teaching_credential_basis_descriptors,ed-fi,uri://ed-fi.org/TeachingCredentialBasisDescriptor,Special/alternative program completion,Special/alternative program completion,Special/alternative program completion
teaching_credential_descriptors,ed-fi,uri://ed-fi.org/TeachingCredentialDescriptor,Emergency,Emergency,Emergency
teaching_credential_descriptors,ed-fi,uri://ed-fi.org/TeachingCredentialDescriptor,Intern,Intern,Intern
teaching_credential_descriptors,ed-fi,uri://ed-fi.org/TeachingCredentialDescriptor,Master,Master,Master
teaching_credential_descriptors,ed-fi,uri://ed-fi.org/TeachingCredentialDescriptor,Nonrenewable,Nonrenewable,Nonrenewable
teaching_credential_descriptors,ed-fi,uri://ed-fi.org/TeachingCredentialDescriptor,Other,Other,Other
teaching_credential_descriptors,ed-fi,uri://ed-fi.org/TeachingCredentialDescriptor,Paraprofessional,Paraprofessional,Paraprofessional
teaching_credential_descriptors,ed-fi,uri://ed-fi.org/TeachingCredentialDescriptor,Probationary/Initial,Probationary/Initial,Probationary/Initial
teaching_credential_descriptors,ed-fi,uri://ed-fi.org/TeachingCredentialDescriptor,Professional,Professional,Professional
teaching_credential_descriptors,ed-fi,uri://ed-fi.org/TeachingCredentialDescriptor,Provisional,Provisional,Provisional
teaching_credential_descriptors,ed-fi,uri://ed-fi.org/TeachingCredentialDescriptor,Regular/Standard,Regular/Standard,Regular/Standard
teaching_credential_descriptors,ed-fi,uri://ed-fi.org/TeachingCredentialDescriptor,Retired,Retired,Retired
teaching_credential_descriptors,ed-fi,uri://ed-fi.org/TeachingCredentialDescriptor,Specialist,Specialist,Specialist
teaching_credential_descriptors,ed-fi,uri://ed-fi.org/TeachingCredentialDescriptor,Substitute,Substitute,Substitute
teaching_credential_descriptors,ed-fi,uri://ed-fi.org/TeachingCredentialDescriptor,Teacher Assistant,Teacher Assistant,Teacher Assistant
teaching_credential_descriptors,ed-fi,uri://ed-fi.org/TeachingCredentialDescriptor,Temporary,Temporary,Temporary
technical_skills_assessment_descriptors,ed-fi,uri://ed-fi.org/TechnicalSkillsAssessmentDescriptor,Did Not Take,Did Not Take,Did Not Take
technical_skills_assessment_descriptors,ed-fi,uri://ed-fi.org/TechnicalSkillsAssessmentDescriptor,Not Passed,Not Passed,Not Passed
technical_skills_assessment_descriptors,ed-fi,uri://ed-fi.org/TechnicalSkillsAssessmentDescriptor,Passed,Passed,Passed
telephone_number_type_descriptors,ed-fi,uri://ed-fi.org/TelephoneNumberTypeDescriptor,Emergency 1,Emergency 1,Emergency 1
telephone_number_type_descriptors,ed-fi,uri://ed-fi.org/TelephoneNumberTypeDescriptor,Emergency 2,Emergency 2,Emergency 2
telephone_number_type_descriptors,ed-fi,uri://ed-fi.org/TelephoneNumberTypeDescriptor,Fax,Fax,Fax
telephone_number_type_descriptors,ed-fi,uri://ed-fi.org/TelephoneNumberTypeDescriptor,Home,Home,Home
telephone_number_type_descriptors,ed-fi,uri://ed-fi.org/TelephoneNumberTypeDescriptor,Mobile,Mobile,Mobile
telephone_number_type_descriptors,ed-fi,uri://ed-fi.org/TelephoneNumberTypeDescriptor,Other,Other,Other
telephone_number_type_descriptors,ed-fi,uri://ed-fi.org/TelephoneNumberTypeDescriptor,Unlisted,Unlisted,Unlisted
telephone_number_type_descriptors,ed-fi,uri://ed-fi.org/TelephoneNumberTypeDescriptor,Work,Work,Work
term_descriptors,ed-fi,uri://ed-fi.org/TermDescriptor,Fall Semester,Fall Semester,Fall Semester
term_descriptors,ed-fi,uri://ed-fi.org/TermDescriptor,First Quarter,First Quarter,First Quarter
term_descriptors,ed-fi,uri://ed-fi.org/TermDescriptor,First Trimester,First Trimester,First Trimester
term_descriptors,ed-fi,uri://ed-fi.org/TermDescriptor,Fourth Quarter,Fourth Quarter,Fourth Quarter
term_descriptors,ed-fi,uri://ed-fi.org/TermDescriptor,MiniTerm,MiniTerm,MiniTerm
term_descriptors,ed-fi,uri://ed-fi.org/TermDescriptor,Other,Other,Other
term_descriptors,ed-fi,uri://ed-fi.org/TermDescriptor,Quarter,Quarter,Quarter
term_descriptors,ed-fi,uri://ed-fi.org/TermDescriptor,Second Quarter,Second Quarter,Second Quarter
term_descriptors,ed-fi,uri://ed-fi.org/TermDescriptor,Second Trimester,Second Trimester,Second Trimester
term_descriptors,ed-fi,uri://ed-fi.org/TermDescriptor,Semester,Semester,Semester
term_descriptors,ed-fi,uri://ed-fi.org/TermDescriptor,Spring Semester,Spring Semester,Spring Semester
term_descriptors,ed-fi,uri://ed-fi.org/TermDescriptor,Summer Semester,Summer Semester,Summer Semester
term_descriptors,ed-fi,uri://ed-fi.org/TermDescriptor,Third Quarter,Third Quarter,Third Quarter
term_descriptors,ed-fi,uri://ed-fi.org/TermDescriptor,Third Trimester,Third Trimester,Third Trimester
term_descriptors,ed-fi,uri://ed-fi.org/TermDescriptor,Trimester,Trimester,Trimester
term_descriptors,ed-fi,uri://ed-fi.org/TermDescriptor,Year Round,Year Round,Year Round
title_i_part_a_participant_descriptors,ed-fi,uri://ed-fi.org/TitleIPartAParticipantDescriptor,Local Neglected Program,DEPRECATED: Local Neglected Program,DEPRECATED: Local Neglected Program
title_i_part_a_participant_descriptors,ed-fi,uri://ed-fi.org/TitleIPartAParticipantDescriptor,Private school students participating,Private school students participating,Private school students participating
title_i_part_a_participant_descriptors,ed-fi,uri://ed-fi.org/TitleIPartAParticipantDescriptor,Public Schoolwide Program,Public Schoolwide Program,Public Schoolwide Program
title_i_part_a_participant_descriptors,ed-fi,uri://ed-fi.org/TitleIPartAParticipantDescriptor,Public Targeted Assistance Program,Public Targeted Assistance Program,Public Targeted Assistance Program
title_i_part_a_participant_descriptors,ed-fi,uri://ed-fi.org/TitleIPartAParticipantDescriptor,Was not served,Was not served,Was not served
title_i_part_a_program_service_descriptors,ed-fi,uri://ed-fi.org/TitleIPartAProgramServiceDescriptor,CTE Instructional Services,Career and Technical Education Instructional Services,Career and Technical Education Instructional Services
title_i_part_a_program_service_descriptors,ed-fi,uri://ed-fi.org/TitleIPartAProgramServiceDescriptor,"Health, Dental, and Eye Care Support Services","Health, Dental, and Eye Care Support Services","Health, Dental, and Eye Care Support Services"
title_i_part_a_program_service_descriptors,ed-fi,uri://ed-fi.org/TitleIPartAProgramServiceDescriptor,Mathematics Instructional Services,Mathematics Instructional Services,Mathematics Instructional Services
title_i_part_a_program_service_descriptors,ed-fi,uri://ed-fi.org/TitleIPartAProgramServiceDescriptor,Other Instructional Services,Other Instructional Services,Other Instructional Services
title_i_part_a_program_service_descriptors,ed-fi,uri://ed-fi.org/TitleIPartAProgramServiceDescriptor,Other Support Services,Other Support Services,Other Support Services
title_i_part_a_program_service_descriptors,ed-fi,uri://ed-fi.org/TitleIPartAProgramServiceDescriptor,Reading/Language Instructional Services,Reading/Language Instructional Services,Reading/Language Instructional Services
title_i_part_a_program_service_descriptors,ed-fi,uri://ed-fi.org/TitleIPartAProgramServiceDescriptor,Science Instructional Services,Science Instructional Services,Science Instructional Services
title_i_part_a_program_service_descriptors,ed-fi,uri://ed-fi.org/TitleIPartAProgramServiceDescriptor,Social Studies Instructional Services,Social Studies Instructional Services,Social Studies Instructional Services
title_i_part_a_program_service_descriptors,ed-fi,uri://ed-fi.org/TitleIPartAProgramServiceDescriptor,Supporting Guidance/Advocacy Support Services,Supporting Guidance/Advocacy Support Services,Supporting Guidance/Advocacy Support Services
title_i_part_a_school_designation_descriptors,ed-fi,uri://ed-fi.org/TitleIPartASchoolDesignationDescriptor,Missing,Missing,Missing
title_i_part_a_school_designation_descriptors,ed-fi,uri://ed-fi.org/TitleIPartASchoolDesignationDescriptor,Not A Title I School,Not A Title I School,Not A Title I School
title_i_part_a_school_designation_descriptors,ed-fi,uri://ed-fi.org/TitleIPartASchoolDesignationDescriptor,Title I Schoolwide Eligible School-No Program,Title I Schoolwide Eligible School-No Program,Title I Schoolwide Eligible School-No Program
title_i_part_a_school_designation_descriptors,ed-fi,uri://ed-fi.org/TitleIPartASchoolDesignationDescriptor,Title I Schoolwide Eligible-Target Assist Program,Title I Schoolwide Eligible-Target Assist Program,Title I Schoolwide Eligible-Target Assist Program
title_i_part_a_school_designation_descriptors,ed-fi,uri://ed-fi.org/TitleIPartASchoolDesignationDescriptor,Title I Schoolwide School,Title I Schoolwide School,Title I Schoolwide School
title_i_part_a_school_designation_descriptors,ed-fi,uri://ed-fi.org/TitleIPartASchoolDesignationDescriptor,Title I Targeted Assistance Eligible-No Program,Title I Targeted Assistance Eligible-No Program,Title I Targeted Assistance Eligible-No Program
title_i_part_a_school_designation_descriptors,ed-fi,uri://ed-fi.org/TitleIPartASchoolDesignationDescriptor,Title I Targeted Assistance School,Title I Targeted Assistance School,Title I Targeted Assistance School
tribal_affiliation_descriptors,ed-fi,uri://ed-fi.org/TribalAffiliationDescriptor,Absentee-Shawnee,Absentee-Shawnee,Absentee-Shawnee Tribe of Indians of Oklahoma
tribal_affiliation_descriptors,ed-fi,uri://ed-fi.org/TribalAffiliationDescriptor,Afognak,Afognak,Native Village of Afognak
tribal_affiliation_descriptors,ed-fi,uri://ed-fi.org/TribalAffiliationDescriptor,Agdaagux,Agdaagux,Agdaagux Tribe of King Cove
tribal_affiliation_descriptors,ed-fi,uri://ed-fi.org/TribalAffiliationDescriptor,Agua Caliente,Agua Caliente,"Agua Caliente Band of Cahuilla Indians of the Agua Caliente Indian Reservation, California"
tribal_affiliation_descriptors,ed-fi,uri://ed-fi.org/TribalAffiliationDescriptor,Ak Chin,Ak Chin,"Ak-Chin Indian Community of the Maricopa (Ak Chin) Indian Reservation, Arizona"
tribal_affiliation_descriptors,ed-fi,uri://ed-fi.org/TribalAffiliationDescriptor,Akhiok,Akhiok,Native Village of Akhiok
tribal_affiliation_descriptors,ed-fi,uri://ed-fi.org/TribalAffiliationDescriptor,Akiachak,Akiachak,Akiachak Native Community
tribal_affiliation_descriptors,ed-fi,uri://ed-fi.org/TribalAffiliationDescriptor,Akiak,Akiak,Akiak Native Community
tribal_affiliation_descriptors,ed-fi,uri://ed-fi.org/TribalAffiliationDescriptor,Akutan,Akutan,Native Village of Akutan
tribal_affiliation_descriptors,ed-fi,uri://ed-fi.org/TribalAffiliationDescriptor,Alabama-Coushatta,Alabama-Coushatta,Alabama-Coushatta Tribe of Texas
tribal_affiliation_descriptors,ed-fi,uri://ed-fi.org/TribalAffiliationDescriptor,Alabama-Quassarte,Alabama-Quassarte,Alabama-Quassarte Tribal Town
tribal_affiliation_descriptors,ed-fi,uri://ed-fi.org/TribalAffiliationDescriptor,Alakanuk,Alakanuk,Village of Alakanuk
tribal_affiliation_descriptors,ed-fi,uri://ed-fi.org/TribalAffiliationDescriptor,Alatna,Alatna,Alatna Village
tribal_affiliation_descriptors,ed-fi,uri://ed-fi.org/TribalAffiliationDescriptor,Aleknagik,Aleknagik,Native Village of Aleknagik
tribal_affiliation_descriptors,ed-fi,uri://ed-fi.org/TribalAffiliationDescriptor,Algaaciq,Algaaciq,Algaaciq Native Village (St. Mary's)
tribal_affiliation_descriptors,ed-fi,uri://ed-fi.org/TribalAffiliationDescriptor,Allakaket,Allakaket,Allakaket Village
tribal_affiliation_descriptors,ed-fi,uri://ed-fi.org/TribalAffiliationDescriptor,Alturas,Alturas,"Alturas Indian Rancheria, CA"
tribal_affiliation_descriptors,ed-fi,uri://ed-fi.org/TribalAffiliationDescriptor,Alutiiq Tribe of Old Harbor,Alutiiq Tribe of Old Harbor,Alutiiq Tribe of Old Harbor
tribal_affiliation_descriptors,ed-fi,uri://ed-fi.org/TribalAffiliationDescriptor,Ambler,Ambler,Native Village of Ambler
tribal_affiliation_descriptors,ed-fi,uri://ed-fi.org/TribalAffiliationDescriptor,Anaktuvuk Pass,Anaktuvuk Pass,Village of Anaktuvuk Pass
tribal_affiliation_descriptors,ed-fi,uri://ed-fi.org/TribalAffiliationDescriptor,Andreafski,Andreafski,Yupiit of Andreafski
tribal_affiliation_descriptors,ed-fi,uri://ed-fi.org/TribalAffiliationDescriptor,Angoon,Angoon,Angoon Community Association
tribal_affiliation_descriptors,ed-fi,uri://ed-fi.org/TribalAffiliationDescriptor,Aniak,Aniak,Village of Aniak
tribal_affiliation_descriptors,ed-fi,uri://ed-fi.org/TribalAffiliationDescriptor,Anvik,Anvik,Anvik Village
tribal_affiliation_descriptors,ed-fi,uri://ed-fi.org/TribalAffiliationDescriptor,Apache,Apache,Apache Tribe of Oklahoma
tribal_affiliation_descriptors,ed-fi,uri://ed-fi.org/TribalAffiliationDescriptor,Arctic Slope,Arctic Slope,Inupiat Community of the Arctic Slope
tribal_affiliation_descriptors,ed-fi,uri://ed-fi.org/TribalAffiliationDescriptor,Arctic Village,Arctic Village,Arctic Village
tribal_affiliation_descriptors,ed-fi,uri://ed-fi.org/TribalAffiliationDescriptor,Aroostok,Aroostok,Aroostook Band of Micmacs
tribal_affiliation_descriptors,ed-fi,uri://ed-fi.org/TribalAffiliationDescriptor,Asa'carsarmiut,Asa'carsarmiut,Asa'carsarmiut Tribe
tribal_affiliation_descriptors,ed-fi,uri://ed-fi.org/TribalAffiliationDescriptor,Assiniboine and Gros Ventre Tribes,Assiniboine and Gros Ventre Tribes,Fort Belknap Indian Community
tribal_affiliation_descriptors,ed-fi,uri://ed-fi.org/TribalAffiliationDescriptor,Assiniboine and Sioux,Assiniboine and Sioux,"Assiniboine & Sioux Tribes of the Fort Peck Indian Reservation, MT"
tribal_affiliation_descriptors,ed-fi,uri://ed-fi.org/TribalAffiliationDescriptor,Atka,Atka,Native Village of Atka
tribal_affiliation_descriptors,ed-fi,uri://ed-fi.org/TribalAffiliationDescriptor,Atmautluak,Atmautluak,Village of Atmautluak
tribal_affiliation_descriptors,ed-fi,uri://ed-fi.org/TribalAffiliationDescriptor,Atqasuk,Atqasuk,Atqasuk Village (Atkasook)
tribal_affiliation_descriptors,ed-fi,uri://ed-fi.org/TribalAffiliationDescriptor,Augustine,Augustine,"Augustine Band of Cahuilla Indians, California"
tribal_affiliation_descriptors,ed-fi,uri://ed-fi.org/TribalAffiliationDescriptor,Bad River Band,Bad River Band,Bad River Band of Lake Superior Tribe of Chippewa Indians
tribal_affiliation_descriptors,ed-fi,uri://ed-fi.org/TribalAffiliationDescriptor,Barrow,Barrow,Native Village of Barrow Inupiat Traditional Government
tribal_affiliation_descriptors,ed-fi,uri://ed-fi.org/TribalAffiliationDescriptor,Bay Mills,Bay Mills,"Bay Mills Indian Community, Michigan"
tribal_affiliation_descriptors,ed-fi,uri://ed-fi.org/TribalAffiliationDescriptor,Bear River,Bear River,"Bear River Band of the Rohnerville Rancheria, California"
tribal_affiliation_descriptors,ed-fi,uri://ed-fi.org/TribalAffiliationDescriptor,Beaver,Beaver,Beaver Village
tribal_affiliation_descriptors,ed-fi,uri://ed-fi.org/TribalAffiliationDescriptor,Belkofski,Belkofski,Native Village of Belkofski
tribal_affiliation_descriptors,ed-fi,uri://ed-fi.org/TribalAffiliationDescriptor,Benton,Benton,"Utu Utu Gwaitu Paiute Tribe of the Benton Paiute Reservation, California"
tribal_affiliation_descriptors,ed-fi,uri://ed-fi.org/TribalAffiliationDescriptor,Berry Creek,Berry Creek,Berry Creek Rancheria of Maidu Indians of California
tribal_affiliation_descriptors,ed-fi,uri://ed-fi.org/TribalAffiliationDescriptor,Big Lagoon,Big Lagoon,"Big Lagoon Rancheria, California"
tribal_affiliation_descriptors,ed-fi,uri://ed-fi.org/TribalAffiliationDescriptor,Big Pine,Big Pine,Big Pine Paiute Tribe of the Owens Valley
tribal_affiliation_descriptors,ed-fi,uri://ed-fi.org/TribalAffiliationDescriptor,Big Sandy,Big Sandy,Big Sandy Rancheria of Western Mono Indians of California
tribal_affiliation_descriptors,ed-fi,uri://ed-fi.org/TribalAffiliationDescriptor,Big Valley Rancheria,Big Valley Rancheria,"Big Valley Band of Pomo Indians of the Big Valley Rancheria, California"
tribal_affiliation_descriptors,ed-fi,uri://ed-fi.org/TribalAffiliationDescriptor,Bill Moore's Slough,Bill Moore's Slough,Village of Bill Moore's Slough
tribal_affiliation_descriptors,ed-fi,uri://ed-fi.org/TribalAffiliationDescriptor,Birch Creek,Birch Creek,Birch Creek Tribe
tribal_affiliation_descriptors,ed-fi,uri://ed-fi.org/TribalAffiliationDescriptor,Bishop Paiute,Bishop Paiute,Bishop Paiute Tribe
tribal_affiliation_descriptors,ed-fi,uri://ed-fi.org/TribalAffiliationDescriptor,Blackfeet,Blackfeet,Blackfeet Tribe of the Blackfeet Indian Reservation of MT
tribal_affiliation_descriptors,ed-fi,uri://ed-fi.org/TribalAffiliationDescriptor,Blue Lake,Blue Lake,"Blue Lake Rancheria, California"
tribal_affiliation_descriptors,ed-fi,uri://ed-fi.org/TribalAffiliationDescriptor,Bois Forte,Bois Forte,Minnesota Chippewa Tribe - Bois Forte Band (Nett Lake)
tribal_affiliation_descriptors,ed-fi,uri://ed-fi.org/TribalAffiliationDescriptor,Brevig Mission,Brevig Mission,Native Village of Brevig Mission
tribal_affiliation_descriptors,ed-fi,uri://ed-fi.org/TribalAffiliationDescriptor,Bridgeport Indian Colony,Bridgeport Indian Colony,Bridgeport Indian Colony
tribal_affiliation_descriptors,ed-fi,uri://ed-fi.org/TribalAffiliationDescriptor,Buckland,Buckland,Native Village of Buckland
tribal_affiliation_descriptors,ed-fi,uri://ed-fi.org/TribalAffiliationDescriptor,Buena Vista Rancheria,Buena Vista Rancheria,Buena Vista Rancheria of Me-wuk Indians of California
tribal_affiliation_descriptors,ed-fi,uri://ed-fi.org/TribalAffiliationDescriptor,Burns Paiute,Burns Paiute,Burns Paiute Tribe
tribal_affiliation_descriptors,ed-fi,uri://ed-fi.org/TribalAffiliationDescriptor,Cabazon,Cabazon,"Cabazon Band of Mission Indians, California"
tribal_affiliation_descriptors,ed-fi,uri://ed-fi.org/TribalAffiliationDescriptor,Cachil DeHe,Cachil DeHe,"Cachil DeHe Band of Wintun Indians of the Colusa Indian Community of the Colusa Rancheria, California"
tribal_affiliation_descriptors,ed-fi,uri://ed-fi.org/TribalAffiliationDescriptor,Caddo,Caddo,Caddo Nation of Oklahoma
tribal_affiliation_descriptors,ed-fi,uri://ed-fi.org/TribalAffiliationDescriptor,Cahto,Cahto,Cahto Tribe of the Laytonville Rancheria
tribal_affiliation_descriptors,ed-fi,uri://ed-fi.org/TribalAffiliationDescriptor,Cahuilla,Cahuilla,"Cahuilla Band of Mission Indians of the Cahuilla Reservation, California"
tribal_affiliation_descriptors,ed-fi,uri://ed-fi.org/TribalAffiliationDescriptor,California Valley,California Valley,"California Valley Miwok Tribe, California"
tribal_affiliation_descriptors,ed-fi,uri://ed-fi.org/TribalAffiliationDescriptor,Campo,Campo,"Campo Band of Diegueno Mission Indians of the Campo Indian Reservation, California"
tribal_affiliation_descriptors,ed-fi,uri://ed-fi.org/TribalAffiliationDescriptor,Cantwell,Cantwell,Native Village of Cantwell
tribal_affiliation_descriptors,ed-fi,uri://ed-fi.org/TribalAffiliationDescriptor,Capitan Grande,Capitan Grande,"Capitan Grande Band of Diegueno Mission Indians of California (Barona Group of Capitan Grande Band of Mission Indians of the Barona Reservation, California)"
tribal_affiliation_descriptors,ed-fi,uri://ed-fi.org/TribalAffiliationDescriptor,Catawba,Catawba,Catawba Indian Nation
tribal_affiliation_descriptors,ed-fi,uri://ed-fi.org/TribalAffiliationDescriptor,Cayuga Nation of New York,Cayuga Nation of New York,Cayuga Nation
tribal_affiliation_descriptors,ed-fi,uri://ed-fi.org/TribalAffiliationDescriptor,Cedarville,Cedarville,"Cedarville Rancheria, California"
tribal_affiliation_descriptors,ed-fi,uri://ed-fi.org/TribalAffiliationDescriptor,Chalkyitsik,Chalkyitsik,Chalkyitsik Village
tribal_affiliation_descriptors,ed-fi,uri://ed-fi.org/TribalAffiliationDescriptor,Cheesh-Na,Cheesh-Na,Cheesh-Na Tribe
tribal_affiliation_descriptors,ed-fi,uri://ed-fi.org/TribalAffiliationDescriptor,Chefornak,Chefornak,Village of Chefornak
tribal_affiliation_descriptors,ed-fi,uri://ed-fi.org/TribalAffiliationDescriptor,Chehalis,Chehalis,Confederated Tribes of the Chehalis Reservation
tribal_affiliation_descriptors,ed-fi,uri://ed-fi.org/TribalAffiliationDescriptor,Chemehuevi,Chemehuevi,"Chemehuevi Indian Tribe of the Chemehuevi Reservation, California"
tribal_affiliation_descriptors,ed-fi,uri://ed-fi.org/TribalAffiliationDescriptor,Chenega,Chenega,Native Village of Chenega (aka Chanega)
tribal_affiliation_descriptors,ed-fi,uri://ed-fi.org/TribalAffiliationDescriptor,Cher-Ae Heights,Cher-Ae Heights,"Cher-Ae Heights Indian Community of the Trinidad Rancheria, California"
tribal_affiliation_descriptors,ed-fi,uri://ed-fi.org/TribalAffiliationDescriptor,Cherokee,Cherokee,Cherokee Nation
tribal_affiliation_descriptors,ed-fi,uri://ed-fi.org/TribalAffiliationDescriptor,Chevak,Chevak,Chevak Native Village
tribal_affiliation_descriptors,ed-fi,uri://ed-fi.org/TribalAffiliationDescriptor,Cheyenne River,Cheyenne River,"Cheyenne and Arapaho Tribes, Oklahoma"
tribal_affiliation_descriptors,ed-fi,uri://ed-fi.org/TribalAffiliationDescriptor,Cheyenne-Arapaho,Cheyenne-Arapaho,"Cheyenne River Sioux Tribe of the Cheyenne River Reservation, SD"
tribal_affiliation_descriptors,ed-fi,uri://ed-fi.org/TribalAffiliationDescriptor,Chickahominy Indian Tribe,Inc.,"Chickahominy Indian Tribe, Inc."
tribal_affiliation_descriptors,ed-fi,uri://ed-fi.org/TribalAffiliationDescriptor,Chickaloon,Chickaloon,Chickaloon Native Village
tribal_affiliation_descriptors,ed-fi,uri://ed-fi.org/TribalAffiliationDescriptor,Chickasaw,Chickasaw,The Chickasaw Nation
tribal_affiliation_descriptors,ed-fi,uri://ed-fi.org/TribalAffiliationDescriptor,Chicken Ranch,Chicken Ranch,Chicken Ranch Rancheria of Me-wuk Indians of California
tribal_affiliation_descriptors,ed-fi,uri://ed-fi.org/TribalAffiliationDescriptor,Chignik Bay,Chignik Bay,Chignik Bay Tribal Council
tribal_affiliation_descriptors,ed-fi,uri://ed-fi.org/TribalAffiliationDescriptor,Chignik Lagoon,Chignik Lagoon,Native Village of Chignik Lagoon
tribal_affiliation_descriptors,ed-fi,uri://ed-fi.org/TribalAffiliationDescriptor,Chignik Lake,Chignik Lake,Chignik Lake Village
tribal_affiliation_descriptors,ed-fi,uri://ed-fi.org/TribalAffiliationDescriptor,Chilkat,Chilkat,Chilkat Indian Village (Klukwan)
tribal_affiliation_descriptors,ed-fi,uri://ed-fi.org/TribalAffiliationDescriptor,Chilkoot,Chilkoot,Chilkoot Indian Association (Haines)
tribal_affiliation_descriptors,ed-fi,uri://ed-fi.org/TribalAffiliationDescriptor,Chinik,Chinik,Chinik Eskimo Community (Golovin)
tribal_affiliation_descriptors,ed-fi,uri://ed-fi.org/TribalAffiliationDescriptor,Chippewa-Cree,Chippewa-Cree,"Chippewa Cree Indians of the Rocky Boy's Reservation, MT"
tribal_affiliation_descriptors,ed-fi,uri://ed-fi.org/TribalAffiliationDescriptor,Chitimacha,Chitimacha,Chitimacha Tribe of Louisiana
tribal_affiliation_descriptors,ed-fi,uri://ed-fi.org/TribalAffiliationDescriptor,Chitina,Chitina,Native Village of Chitina
tribal_affiliation_descriptors,ed-fi,uri://ed-fi.org/TribalAffiliationDescriptor,Choctaw,Choctaw,The Choctaw Nation of Oklahoma
tribal_affiliation_descriptors,ed-fi,uri://ed-fi.org/TribalAffiliationDescriptor,Chuathbaluk,Chuathbaluk,"Native Village of Chuathbaluk (Russian Mission, Kuskokwim)"
tribal_affiliation_descriptors,ed-fi,uri://ed-fi.org/TribalAffiliationDescriptor,Chuloonawick,Chuloonawick,Chuloonawick Native Village
tribal_affiliation_descriptors,ed-fi,uri://ed-fi.org/TribalAffiliationDescriptor,Circle,Circle,Circle Native Community
tribal_affiliation_descriptors,ed-fi,uri://ed-fi.org/TribalAffiliationDescriptor,Citizen Potawatomi,Citizen Potawatomi,Citizen Potawatomi Nation (Oklahoma)
tribal_affiliation_descriptors,ed-fi,uri://ed-fi.org/TribalAffiliationDescriptor,Clark's Point,Clark's Point,Village of Clarks Point
tribal_affiliation_descriptors,ed-fi,uri://ed-fi.org/TribalAffiliationDescriptor,Cloverdale,Cloverdale,Cloverdale Rancheria of Pomo Indians of California
tribal_affiliation_descriptors,ed-fi,uri://ed-fi.org/TribalAffiliationDescriptor,Cocopah,Cocopah,Cocopah Tribe of Arizona
tribal_affiliation_descriptors,ed-fi,uri://ed-fi.org/TribalAffiliationDescriptor,Coeur D'Alene,Coeur D'Alene,Coeur D'Alene Tribe
tribal_affiliation_descriptors,ed-fi,uri://ed-fi.org/TribalAffiliationDescriptor,Cold Springs,Cold Springs,Cold Springs Rancheria of Mono Indians of California
tribal_affiliation_descriptors,ed-fi,uri://ed-fi.org/TribalAffiliationDescriptor,Colorado River,Colorado River,"Colorado River Indian Tribes of the Colorado Indian Reservation, Arizona and California"
tribal_affiliation_descriptors,ed-fi,uri://ed-fi.org/TribalAffiliationDescriptor,Comanche,Comanche,"Comanche Nation, Oklahoma"
tribal_affiliation_descriptors,ed-fi,uri://ed-fi.org/TribalAffiliationDescriptor,Confederated Colville,Confederated Colville,Confederated Tribes of the Colville Reservation
tribal_affiliation_descriptors,ed-fi,uri://ed-fi.org/TribalAffiliationDescriptor,Confederated Coos,Confederated Coos,"Confederated Tribes of Coos, Lower Umpqua and Siuslaw Indians"
tribal_affiliation_descriptors,ed-fi,uri://ed-fi.org/TribalAffiliationDescriptor,Confederated Goshute,Confederated Goshute,"Confederated Tribes of the Goshute Reservation, Nevada and Utah"
tribal_affiliation_descriptors,ed-fi,uri://ed-fi.org/TribalAffiliationDescriptor,Confederated Salish,Confederated Salish,Confederated Salish & Kootenai Tribes of the Flathead Reservation
tribal_affiliation_descriptors,ed-fi,uri://ed-fi.org/TribalAffiliationDescriptor,Confederated Yakama,Confederated Yakama,Confederated Tribes and Bands of the Yakama Nation
tribal_affiliation_descriptors,ed-fi,uri://ed-fi.org/TribalAffiliationDescriptor,Coquille,Coquille,Coquille Indian Tribe
tribal_affiliation_descriptors,ed-fi,uri://ed-fi.org/TribalAffiliationDescriptor,Cortina,Cortina,Kletsel Dehe Band of Wintun Indians
tribal_affiliation_descriptors,ed-fi,uri://ed-fi.org/TribalAffiliationDescriptor,Council,Council,Native Village of Council
tribal_affiliation_descriptors,ed-fi,uri://ed-fi.org/TribalAffiliationDescriptor,Coushatta,Coushatta,Coushatta Tribe of Louisiana
tribal_affiliation_descriptors,ed-fi,uri://ed-fi.org/TribalAffiliationDescriptor,Cow Creek,Cow Creek,Cow Creek Band of Umpqua Tribe of Indians
tribal_affiliation_descriptors,ed-fi,uri://ed-fi.org/TribalAffiliationDescriptor,Cowlitz,Cowlitz,Cowlitz Indian Tribe
tribal_affiliation_descriptors,ed-fi,uri://ed-fi.org/TribalAffiliationDescriptor,Coyote Valley,Coyote Valley,Coyote Valley Band of Pomo Indians of California
tribal_affiliation_descriptors,ed-fi,uri://ed-fi.org/TribalAffiliationDescriptor,Craig,Craig,Craig Tribal Association
tribal_affiliation_descriptors,ed-fi,uri://ed-fi.org/TribalAffiliationDescriptor,Crooked Creek,Crooked Creek,Village of Crooked Creek
tribal_affiliation_descriptors,ed-fi,uri://ed-fi.org/TribalAffiliationDescriptor,Crow,Crow,Crow Tribe of Montana
tribal_affiliation_descriptors,ed-fi,uri://ed-fi.org/TribalAffiliationDescriptor,Crow Creek,Crow Creek,"Crow Creek Sioux Tribe of the Crow Creek Reservation, SD"
tribal_affiliation_descriptors,ed-fi,uri://ed-fi.org/TribalAffiliationDescriptor,Curyung,Curyung,Curyung Tribal Council
tribal_affiliation_descriptors,ed-fi,uri://ed-fi.org/TribalAffiliationDescriptor,Deering,Deering,Native Village of Deering
tribal_affiliation_descriptors,ed-fi,uri://ed-fi.org/TribalAffiliationDescriptor,Delaware Nation,Delaware Nation,"Delaware Nation, Oklahoma"
tribal_affiliation_descriptors,ed-fi,uri://ed-fi.org/TribalAffiliationDescriptor,Delaware Tribe,Delaware Tribe,Delaware Tribe of Indians
tribal_affiliation_descriptors,ed-fi,uri://ed-fi.org/TribalAffiliationDescriptor,Diomede,Diomede,Native Village of Diomede (aka Inalik)
tribal_affiliation_descriptors,ed-fi,uri://ed-fi.org/TribalAffiliationDescriptor,Dot Lake,Dot Lake,Village of Dot Lake
tribal_affiliation_descriptors,ed-fi,uri://ed-fi.org/TribalAffiliationDescriptor,Douglas,Douglas,Douglas Indian Association
tribal_affiliation_descriptors,ed-fi,uri://ed-fi.org/TribalAffiliationDescriptor,Dry Creek,Dry Creek,"Dry Creek Rancheria Band of Pomo Indians, California"
tribal_affiliation_descriptors,ed-fi,uri://ed-fi.org/TribalAffiliationDescriptor,Duckwater,Duckwater,"Duckwater Shoshone Tribe of the Duckwater Reservation, Nevada"
tribal_affiliation_descriptors,ed-fi,uri://ed-fi.org/TribalAffiliationDescriptor,Eagle,Eagle,Native Village of Eagle
tribal_affiliation_descriptors,ed-fi,uri://ed-fi.org/TribalAffiliationDescriptor,Eastern Cherokee,Eastern Cherokee,Eastern Band of Cherokee Indians
tribal_affiliation_descriptors,ed-fi,uri://ed-fi.org/TribalAffiliationDescriptor,Eastern Shawnee,Eastern Shawnee,Eastern Shawnee Tribe of Oklahoma
tribal_affiliation_descriptors,ed-fi,uri://ed-fi.org/TribalAffiliationDescriptor,Eastern Shoshone,Eastern Shoshone,"Eastern Shoshone Tribe of the Wind River Reservation, Wyoming"
tribal_affiliation_descriptors,ed-fi,uri://ed-fi.org/TribalAffiliationDescriptor,Eek,Eek,Native Village of Eek
tribal_affiliation_descriptors,ed-fi,uri://ed-fi.org/TribalAffiliationDescriptor,Egegik,Egegik,Egegik Village
tribal_affiliation_descriptors,ed-fi,uri://ed-fi.org/TribalAffiliationDescriptor,Eklutna,Eklutna,Eklutna Native Village
tribal_affiliation_descriptors,ed-fi,uri://ed-fi.org/TribalAffiliationDescriptor,Ekuk,Ekuk,Native Village of Ekuk
tribal_affiliation_descriptors,ed-fi,uri://ed-fi.org/TribalAffiliationDescriptor,Ekwok,Ekwok,Native Village of Ekwok
tribal_affiliation_descriptors,ed-fi,uri://ed-fi.org/TribalAffiliationDescriptor,Elem,Elem,"Elem Indian Colony of Pomo Indians of the Sulphur Bank Rancheria, California"
tribal_affiliation_descriptors,ed-fi,uri://ed-fi.org/TribalAffiliationDescriptor,Elim IRA,Elim IRA,Native Village of Elim
tribal_affiliation_descriptors,ed-fi,uri://ed-fi.org/TribalAffiliationDescriptor,Elk Valley,Elk Valley,"Elk Valley Rancheria, California"
tribal_affiliation_descriptors,ed-fi,uri://ed-fi.org/TribalAffiliationDescriptor,Ely Shoshone,Ely Shoshone,Ely Shoshone Tribe of Nevada
tribal_affiliation_descriptors,ed-fi,uri://ed-fi.org/TribalAffiliationDescriptor,Emmonak,Emmonak,Emmonak Village
tribal_affiliation_descriptors,ed-fi,uri://ed-fi.org/TribalAffiliationDescriptor,Enterprise,Enterprise,Enterprise Rancheria of Maidu Indians of California
tribal_affiliation_descriptors,ed-fi,uri://ed-fi.org/TribalAffiliationDescriptor,Evansville,Evansville,Evansville Village (aka Bettles Field)
tribal_affiliation_descriptors,ed-fi,uri://ed-fi.org/TribalAffiliationDescriptor,Ewiiaapaayp,Ewiiaapaayp,"Ewiiaapaayp Band of Kumeyaay Indians, California"
tribal_affiliation_descriptors,ed-fi,uri://ed-fi.org/TribalAffiliationDescriptor,Eyak,Eyak,Native Village of Eyak (Cordova)
tribal_affiliation_descriptors,ed-fi,uri://ed-fi.org/TribalAffiliationDescriptor,False Pass,False Pass,Native Village of False Pass
tribal_affiliation_descriptors,ed-fi,uri://ed-fi.org/TribalAffiliationDescriptor,Federated Indians of Graton,Federated Indians of Graton,"Federated Indians of Graton Rancheria, California"
tribal_affiliation_descriptors,ed-fi,uri://ed-fi.org/TribalAffiliationDescriptor,Flandreau,Flandreau,Flandreau Santee Sioux Tribe of South Dakota
tribal_affiliation_descriptors,ed-fi,uri://ed-fi.org/TribalAffiliationDescriptor,Fond du Lac,Fond du Lac,Minnesota Chippewa Tribe - Fond du Lac Band
tribal_affiliation_descriptors,ed-fi,uri://ed-fi.org/TribalAffiliationDescriptor,Forest County,Forest County,"Forest County Potawatomi Community, Wisconsin"
tribal_affiliation_descriptors,ed-fi,uri://ed-fi.org/TribalAffiliationDescriptor,Fort Bidwell,Fort Bidwell,Fort Bidwell Indian Community of the Fort Bidwell Reservation of California
tribal_affiliation_descriptors,ed-fi,uri://ed-fi.org/TribalAffiliationDescriptor,Fort Independence,Fort Independence,"Fort Independence Indian Community of Paiute Indians of the Fort Independence Reservation, California"
tribal_affiliation_descriptors,ed-fi,uri://ed-fi.org/TribalAffiliationDescriptor,Fort McDermitt,Fort McDermitt,"Fort McDermitt Paiute and Shoshone Tribes of the Fort McDermitt Indian Reservation, Nevada and Oregon"
tribal_affiliation_descriptors,ed-fi,uri://ed-fi.org/TribalAffiliationDescriptor,Fort McDowell,Fort McDowell,"Fort McDowell Yavapai Nation, Arizona"
tribal_affiliation_descriptors,ed-fi,uri://ed-fi.org/TribalAffiliationDescriptor,Fort Mojave,Fort Mojave,"Fort Mojave Indian Tribe of Arizona, California & Nevada"
tribal_affiliation_descriptors,ed-fi,uri://ed-fi.org/TribalAffiliationDescriptor,Fort Sill,Fort Sill,Fort Sill Apache Tribe of Oklahoma
tribal_affiliation_descriptors,ed-fi,uri://ed-fi.org/TribalAffiliationDescriptor,Fort Yukon,Fort Yukon,Native Village of Fort Yukon
tribal_affiliation_descriptors,ed-fi,uri://ed-fi.org/TribalAffiliationDescriptor,Gakona,Gakona,Native Village of Gakona
tribal_affiliation_descriptors,ed-fi,uri://ed-fi.org/TribalAffiliationDescriptor,Galena,Galena,Galena Village (aka Louden Village)
tribal_affiliation_descriptors,ed-fi,uri://ed-fi.org/TribalAffiliationDescriptor,Gambell,Gambell,Native Village of Gambell
tribal_affiliation_descriptors,ed-fi,uri://ed-fi.org/TribalAffiliationDescriptor,Georgetown,Georgetown,Native Village of Georgetown
tribal_affiliation_descriptors,ed-fi,uri://ed-fi.org/TribalAffiliationDescriptor,Gila River,Gila River,"Gila River Indian Community of the Gila River Indian Reservation, Arizona"
tribal_affiliation_descriptors,ed-fi,uri://ed-fi.org/TribalAffiliationDescriptor,Goodnews Bay,Goodnews Bay,Native Village of Goodnews Bay
tribal_affiliation_descriptors,ed-fi,uri://ed-fi.org/TribalAffiliationDescriptor,Grand Portage,Grand Portage,Minnesota Chippewa Tribe - Grand Portage Band
tribal_affiliation_descriptors,ed-fi,uri://ed-fi.org/TribalAffiliationDescriptor,Grand Ronde Tribes,Grand Ronde Tribes,Confederated Tribes of the Grand Ronde Community of Oregon
tribal_affiliation_descriptors,ed-fi,uri://ed-fi.org/TribalAffiliationDescriptor,Grand Traverse,Grand Traverse,"Grand Traverse Band of Ottawa & Chippewa Indians, Michigan"
tribal_affiliation_descriptors,ed-fi,uri://ed-fi.org/TribalAffiliationDescriptor,Grayling,Grayling,Organized Village of Grayling (aka Holikachuk)
tribal_affiliation_descriptors,ed-fi,uri://ed-fi.org/TribalAffiliationDescriptor,Greenville,Greenville,Greenville Rancheria
tribal_affiliation_descriptors,ed-fi,uri://ed-fi.org/TribalAffiliationDescriptor,Grindstone,Grindstone,Grindstone Indian Rancheria of Wintun-Wailaki Indians of California
tribal_affiliation_descriptors,ed-fi,uri://ed-fi.org/TribalAffiliationDescriptor,Guidiville,Guidiville,Guidiville Rancheria of California
tribal_affiliation_descriptors,ed-fi,uri://ed-fi.org/TribalAffiliationDescriptor,Gulkana,Gulkana,Gulkana Village
tribal_affiliation_descriptors,ed-fi,uri://ed-fi.org/TribalAffiliationDescriptor,Habematolel,Habematolel,"Habematolel Pomo of Upper Lake, California"
tribal_affiliation_descriptors,ed-fi,uri://ed-fi.org/TribalAffiliationDescriptor,Hamilton,Hamilton,Native Village of Hamilton
tribal_affiliation_descriptors,ed-fi,uri://ed-fi.org/TribalAffiliationDescriptor,Hannahville,Hannahville,"Hannahville Indian Community, Michigan"
tribal_affiliation_descriptors,ed-fi,uri://ed-fi.org/TribalAffiliationDescriptor,Havasupai,Havasupai,"Havasupai Tribe of the Havasupai Reservation, Arizona"
tribal_affiliation_descriptors,ed-fi,uri://ed-fi.org/TribalAffiliationDescriptor,Healy Lake,Healy Lake,Healy Lake Village
tribal_affiliation_descriptors,ed-fi,uri://ed-fi.org/TribalAffiliationDescriptor,Ho-Chunk,Ho-Chunk,Ho-Chunk Nation of Wisconsin
tribal_affiliation_descriptors,ed-fi,uri://ed-fi.org/TribalAffiliationDescriptor,Hoh,Hoh,Hoh Indian Tribe
tribal_affiliation_descriptors,ed-fi,uri://ed-fi.org/TribalAffiliationDescriptor,Holy Cross,Holy Cross,Holy Cross Village
tribal_affiliation_descriptors,ed-fi,uri://ed-fi.org/TribalAffiliationDescriptor,Hoonah,Hoonah,Hoonah Indian Association
tribal_affiliation_descriptors,ed-fi,uri://ed-fi.org/TribalAffiliationDescriptor,Hoopa,Hoopa,"Hoopa Valley Tribe, California"
tribal_affiliation_descriptors,ed-fi,uri://ed-fi.org/TribalAffiliationDescriptor,Hooper Bay,Hooper Bay,Native Village of Hooper Bay
tribal_affiliation_descriptors,ed-fi,uri://ed-fi.org/TribalAffiliationDescriptor,Hopi,Hopi,Hopi Tribe of Arizona
tribal_affiliation_descriptors,ed-fi,uri://ed-fi.org/TribalAffiliationDescriptor,Hopland,Hopland,"Hopland Band of Pomo Indians, California"
tribal_affiliation_descriptors,ed-fi,uri://ed-fi.org/TribalAffiliationDescriptor,Houlton,Houlton,Houlton Band of Maliseet Indians
tribal_affiliation_descriptors,ed-fi,uri://ed-fi.org/TribalAffiliationDescriptor,Hualapai,Hualapai,"Hualapai Indian Tribe of the Hualapai Indian Reservation, Arizona"
tribal_affiliation_descriptors,ed-fi,uri://ed-fi.org/TribalAffiliationDescriptor,Hughes,Hughes,Hughes Village
tribal_affiliation_descriptors,ed-fi,uri://ed-fi.org/TribalAffiliationDescriptor,Huslia,Huslia,Huslia Village
tribal_affiliation_descriptors,ed-fi,uri://ed-fi.org/TribalAffiliationDescriptor,Hydaburg,Hydaburg,Hydaburg Cooperative Association
tribal_affiliation_descriptors,ed-fi,uri://ed-fi.org/TribalAffiliationDescriptor,Igiugig,Igiugig,Igiugig Village
tribal_affiliation_descriptors,ed-fi,uri://ed-fi.org/TribalAffiliationDescriptor,Iipay,Iipay,"Iipay Nation of Santa Ysabel, California"
tribal_affiliation_descriptors,ed-fi,uri://ed-fi.org/TribalAffiliationDescriptor,Iliamna,Iliamna,Village of Iliamna
tribal_affiliation_descriptors,ed-fi,uri://ed-fi.org/TribalAffiliationDescriptor,Inaja,Inaja,"Inaja Band of Diegueno Mission Indians of the Inaja and Cosmit Reservation, California"
tribal_affiliation_descriptors,ed-fi,uri://ed-fi.org/TribalAffiliationDescriptor,Ione,Ione,Ione Band of Miwok Indians of California
tribal_affiliation_descriptors,ed-fi,uri://ed-fi.org/TribalAffiliationDescriptor,Iowa of Kansas,Iowa of Kansas,Iowa Tribe of Kansas & Nebraska
tribal_affiliation_descriptors,ed-fi,uri://ed-fi.org/TribalAffiliationDescriptor,Iowa of Oklahoma,Iowa of Oklahoma,Iowa Tribe of Oklahoma
tribal_affiliation_descriptors,ed-fi,uri://ed-fi.org/TribalAffiliationDescriptor,Iqurmuit,Iqurmuit,Iqurmuit Traditional Council
tribal_affiliation_descriptors,ed-fi,uri://ed-fi.org/TribalAffiliationDescriptor,Ivanof Bay Tribe,Ivanof Bay Tribe,Ivanof Bay Tribe
tribal_affiliation_descriptors,ed-fi,uri://ed-fi.org/TribalAffiliationDescriptor,Jackson,Jackson,Jackson Band of Miwuk Indians
tribal_affiliation_descriptors,ed-fi,uri://ed-fi.org/TribalAffiliationDescriptor,Jamestown,Jamestown,Jamestown S'Klallam Tribe
tribal_affiliation_descriptors,ed-fi,uri://ed-fi.org/TribalAffiliationDescriptor,Jamul,Jamul,Jamul Indian Village of California
tribal_affiliation_descriptors,ed-fi,uri://ed-fi.org/TribalAffiliationDescriptor,Jena,Jena,Jena Band of Choctaw Indians
tribal_affiliation_descriptors,ed-fi,uri://ed-fi.org/TribalAffiliationDescriptor,Jicarilla,Jicarilla,"Jicarilla Apache Nation, New Mexico"
tribal_affiliation_descriptors,ed-fi,uri://ed-fi.org/TribalAffiliationDescriptor,Kaguyuk,Kaguyuk,Kaguyak Village
tribal_affiliation_descriptors,ed-fi,uri://ed-fi.org/TribalAffiliationDescriptor,Kaibab,Kaibab,"Kaibab Band of Paiute Indians of the Kaibab Indian Reservation, Arizona"
tribal_affiliation_descriptors,ed-fi,uri://ed-fi.org/TribalAffiliationDescriptor,Kake,Kake,Organized Village of Kake
tribal_affiliation_descriptors,ed-fi,uri://ed-fi.org/TribalAffiliationDescriptor,Kaktovik,Kaktovik,Kaktovik Village (aka Barter Island)
tribal_affiliation_descriptors,ed-fi,uri://ed-fi.org/TribalAffiliationDescriptor,Kalispel,Kalispel,Kalispel Indian Community of the Kalispel Reservation
tribal_affiliation_descriptors,ed-fi,uri://ed-fi.org/TribalAffiliationDescriptor,Kalskag,Kalskag,Village of Kalskag
tribal_affiliation_descriptors,ed-fi,uri://ed-fi.org/TribalAffiliationDescriptor,Kaltag,Kaltag,Village of Kaltag
tribal_affiliation_descriptors,ed-fi,uri://ed-fi.org/TribalAffiliationDescriptor,Kanatak,Kanatak,Native Village of Kanatak
tribal_affiliation_descriptors,ed-fi,uri://ed-fi.org/TribalAffiliationDescriptor,Karluk,Karluk,Native Village of Karluk
tribal_affiliation_descriptors,ed-fi,uri://ed-fi.org/TribalAffiliationDescriptor,Karuk,Karuk,Karuk Tribe
tribal_affiliation_descriptors,ed-fi,uri://ed-fi.org/TribalAffiliationDescriptor,Kasaan,Kasaan,Organized Village of Kasaan
tribal_affiliation_descriptors,ed-fi,uri://ed-fi.org/TribalAffiliationDescriptor,Kashia,Kashia,"Kashia Band of Pomo Indians of the Stewarts Point Rancheria, California"
tribal_affiliation_descriptors,ed-fi,uri://ed-fi.org/TribalAffiliationDescriptor,Kasigluk,Kasigluk,Kasigluk Traditional Elders Council
tribal_affiliation_descriptors,ed-fi,uri://ed-fi.org/TribalAffiliationDescriptor,Kaw,Kaw,"Kaw Nation, Oklahoma"
tribal_affiliation_descriptors,ed-fi,uri://ed-fi.org/TribalAffiliationDescriptor,Kenaitze,Kenaitze,Kenaitze Indian Tribe
tribal_affiliation_descriptors,ed-fi,uri://ed-fi.org/TribalAffiliationDescriptor,Ketchikan,Ketchikan,Ketchikan Indian Corporation
tribal_affiliation_descriptors,ed-fi,uri://ed-fi.org/TribalAffiliationDescriptor,Kewa Pueblo,Kewa Pueblo,Kewa Pueblo
tribal_affiliation_descriptors,ed-fi,uri://ed-fi.org/TribalAffiliationDescriptor,Keweenaw,Keweenaw,"Keweenaw Bay Indian Community, Michigan"
tribal_affiliation_descriptors,ed-fi,uri://ed-fi.org/TribalAffiliationDescriptor,Kialegee,Kialegee,Kialegee Tribal Town
tribal_affiliation_descriptors,ed-fi,uri://ed-fi.org/TribalAffiliationDescriptor,Kiana,Kiana,Native Village of Kiana
tribal_affiliation_descriptors,ed-fi,uri://ed-fi.org/TribalAffiliationDescriptor,Kickapoo of Kansas,Kickapoo of Kansas,Kickapoo Tribe in Kansas
tribal_affiliation_descriptors,ed-fi,uri://ed-fi.org/TribalAffiliationDescriptor,Kickapoo of Oklahoma,Kickapoo of Oklahoma,Kickapoo Tribe of Oklahoma
tribal_affiliation_descriptors,ed-fi,uri://ed-fi.org/TribalAffiliationDescriptor,Kickapoo of Texas,Kickapoo of Texas,Kickapoo Traditional Tribe of Texas
tribal_affiliation_descriptors,ed-fi,uri://ed-fi.org/TribalAffiliationDescriptor,King Island,King Island,King Island Native Community
tribal_affiliation_descriptors,ed-fi,uri://ed-fi.org/TribalAffiliationDescriptor,King Salmon,King Salmon,King Salmon Tribe
tribal_affiliation_descriptors,ed-fi,uri://ed-fi.org/TribalAffiliationDescriptor,Kiowa,Kiowa,Kiowa Tribe
tribal_affiliation_descriptors,ed-fi,uri://ed-fi.org/TribalAffiliationDescriptor,Kipnuk,Kipnuk,Native Village of Kipnuk
tribal_affiliation_descriptors,ed-fi,uri://ed-fi.org/TribalAffiliationDescriptor,Kivalina,Kivalina,Native Village of Kivalina
tribal_affiliation_descriptors,ed-fi,uri://ed-fi.org/TribalAffiliationDescriptor,Klamath,Klamath,Klamath Tribes
tribal_affiliation_descriptors,ed-fi,uri://ed-fi.org/TribalAffiliationDescriptor,Klawock,Klawock,Klawock Cooperative Association
tribal_affiliation_descriptors,ed-fi,uri://ed-fi.org/TribalAffiliationDescriptor,Kluti-Kaah,Kluti-Kaah,Native Village of Kluti-Kaah (aka Copper Center)
tribal_affiliation_descriptors,ed-fi,uri://ed-fi.org/TribalAffiliationDescriptor,Knik,Knik,Knik Tribe
tribal_affiliation_descriptors,ed-fi,uri://ed-fi.org/TribalAffiliationDescriptor,Kobuk,Kobuk,Native Village of Kobuk
tribal_affiliation_descriptors,ed-fi,uri://ed-fi.org/TribalAffiliationDescriptor,Koi,Koi,Koi Nation of Northern California
tribal_affiliation_descriptors,ed-fi,uri://ed-fi.org/TribalAffiliationDescriptor,Kokhanok,Kokhanok,Kokhanok Village
tribal_affiliation_descriptors,ed-fi,uri://ed-fi.org/TribalAffiliationDescriptor,Kongiganak,Kongiganak,Native Village of Kongiganak
tribal_affiliation_descriptors,ed-fi,uri://ed-fi.org/TribalAffiliationDescriptor,Kootenai,Kootenai,Kootenai Tribe of Idaho
tribal_affiliation_descriptors,ed-fi,uri://ed-fi.org/TribalAffiliationDescriptor,Kotlik,Kotlik,Village of Kotlik
tribal_affiliation_descriptors,ed-fi,uri://ed-fi.org/TribalAffiliationDescriptor,Kotzebue,Kotzebue,Native Village of Kotzebue
tribal_affiliation_descriptors,ed-fi,uri://ed-fi.org/TribalAffiliationDescriptor,Koyuk,Koyuk,Native Village of Koyuk
tribal_affiliation_descriptors,ed-fi,uri://ed-fi.org/TribalAffiliationDescriptor,Koyukuk,Koyukuk,Koyukuk Native Village
tribal_affiliation_descriptors,ed-fi,uri://ed-fi.org/TribalAffiliationDescriptor,Kwethluk,Kwethluk,Organized Village of Kwethluk
tribal_affiliation_descriptors,ed-fi,uri://ed-fi.org/TribalAffiliationDescriptor,Kwigillingok,Kwigillingok,Native Village of Kwigillingok
tribal_affiliation_descriptors,ed-fi,uri://ed-fi.org/TribalAffiliationDescriptor,Kwinhagak,Kwinhagak,Native Village of Kwinhagak (aka Quinhagak)
tribal_affiliation_descriptors,ed-fi,uri://ed-fi.org/TribalAffiliationDescriptor,La Jolla,La Jolla,"La Jolla Band of Luiseno Indians, California"
tribal_affiliation_descriptors,ed-fi,uri://ed-fi.org/TribalAffiliationDescriptor,La Posta,La Posta,"La Posta Band of Diegueno Mission Indians of the La Posta Indian Reservation, California"
tribal_affiliation_descriptors,ed-fi,uri://ed-fi.org/TribalAffiliationDescriptor,Lac Courte Oreilles,Lac Courte Oreilles,Lac Courte Oreilles Band of Lake Superior Chippewa Indians of Wisconsin
tribal_affiliation_descriptors,ed-fi,uri://ed-fi.org/TribalAffiliationDescriptor,Lac Vieux,Lac Vieux,Lac Vieux Desert Band of Lake Superior Chippewa Indians of MI
tribal_affiliation_descriptors,ed-fi,uri://ed-fi.org/TribalAffiliationDescriptor,Lac du Flambeau,Lac du Flambeau,Lac du Flambeau Band of Lake Superior Chippewa Indians of Wisconsin
tribal_affiliation_descriptors,ed-fi,uri://ed-fi.org/TribalAffiliationDescriptor,Larsen Bay,Larsen Bay,Native Village of Larsen Bay
tribal_affiliation_descriptors,ed-fi,uri://ed-fi.org/TribalAffiliationDescriptor,Las Vegas,Las Vegas,"Las Vegas Tribe of Paiute Indians of the Las Vegas Indian Colony, Nevada"
tribal_affiliation_descriptors,ed-fi,uri://ed-fi.org/TribalAffiliationDescriptor,Leech Lake,Leech Lake,Minnesota Chippewa Tribe - Leech Lake Band
tribal_affiliation_descriptors,ed-fi,uri://ed-fi.org/TribalAffiliationDescriptor,Levelock,Levelock,Levelock Village
tribal_affiliation_descriptors,ed-fi,uri://ed-fi.org/TribalAffiliationDescriptor,Lime,Lime,Lime Village
tribal_affiliation_descriptors,ed-fi,uri://ed-fi.org/TribalAffiliationDescriptor,Little River,Little River,"Little River Band of Ottawa Indians, Michigan"
tribal_affiliation_descriptors,ed-fi,uri://ed-fi.org/TribalAffiliationDescriptor,Little Traverse,Little Traverse,"Little Traverse Bay Bands of Odawa Indians, Michigan"
tribal_affiliation_descriptors,ed-fi,uri://ed-fi.org/TribalAffiliationDescriptor,Lone Pine,Lone Pine,Lone Pine Paiute-Shoshone Tribe
tribal_affiliation_descriptors,ed-fi,uri://ed-fi.org/TribalAffiliationDescriptor,Los Coyotes,Los Coyotes,"Los Coyotes Band of Cahuilla & Cupeno Indians, California"
tribal_affiliation_descriptors,ed-fi,uri://ed-fi.org/TribalAffiliationDescriptor,Lovelock,Lovelock,"Lovelock Paiute Tribe of the Lovelock Indian Colony, Nevada"
tribal_affiliation_descriptors,ed-fi,uri://ed-fi.org/TribalAffiliationDescriptor,Lower Brule,Lower Brule,"Lower Brule Sioux Tribe of the Lower Brule Reservation, SD"
tribal_affiliation_descriptors,ed-fi,uri://ed-fi.org/TribalAffiliationDescriptor,Lower Elwha,Lower Elwha,Lower Elwha Tribal Community
tribal_affiliation_descriptors,ed-fi,uri://ed-fi.org/TribalAffiliationDescriptor,Lower Kalskag,Lower Kalskag,Village of Lower Kalskag
tribal_affiliation_descriptors,ed-fi,uri://ed-fi.org/TribalAffiliationDescriptor,Lower Sioux,Lower Sioux,Lower Sioux Indian Community in the State of Minnesota
tribal_affiliation_descriptors,ed-fi,uri://ed-fi.org/TribalAffiliationDescriptor,Lummi,Lummi,Lummi Tribe of the Lummi Reservation
tribal_affiliation_descriptors,ed-fi,uri://ed-fi.org/TribalAffiliationDescriptor,Lytton,Lytton,Lytton Rancheria of California
tribal_affiliation_descriptors,ed-fi,uri://ed-fi.org/TribalAffiliationDescriptor,Makah,Makah,Makah Indian Tribe of the Makah Indian Reservation
tribal_affiliation_descriptors,ed-fi,uri://ed-fi.org/TribalAffiliationDescriptor,Manchester,Manchester,"Manchester Band of Pomo Indians of the Manchester Rancheria, California"
tribal_affiliation_descriptors,ed-fi,uri://ed-fi.org/TribalAffiliationDescriptor,Manley Hot Springs,Manley Hot Springs,Manley Hot Springs Village
tribal_affiliation_descriptors,ed-fi,uri://ed-fi.org/TribalAffiliationDescriptor,Manokotak,Manokotak,Manokotak Village
tribal_affiliation_descriptors,ed-fi,uri://ed-fi.org/TribalAffiliationDescriptor,Manzanita,Manzanita,"Manzanita Band of Diegueno Mission Indians of the Manzanita Reservation, Califonria"
tribal_affiliation_descriptors,ed-fi,uri://ed-fi.org/TribalAffiliationDescriptor,Marshall,Marshall,Native Village of Marshall (aka Fortuna Ledge)
tribal_affiliation_descriptors,ed-fi,uri://ed-fi.org/TribalAffiliationDescriptor,Mary's Igloo,Mary's Igloo,Native Village of Mary's Igloo
tribal_affiliation_descriptors,ed-fi,uri://ed-fi.org/TribalAffiliationDescriptor,Mashantucket Pequot,Mashantucket Pequot,Mashantucket Pequot Indian Tribe
tribal_affiliation_descriptors,ed-fi,uri://ed-fi.org/TribalAffiliationDescriptor,Mashpee,Mashpee,Mashpee Wampanoag Tribe
tribal_affiliation_descriptors,ed-fi,uri://ed-fi.org/TribalAffiliationDescriptor,Match-e-be-nash-she-wish Band,Match-e-be-nash-she-wish Band,Match-e-be-nash-she-wish Band of Pottawatomi Indians of Michigan
tribal_affiliation_descriptors,ed-fi,uri://ed-fi.org/TribalAffiliationDescriptor,Mcgrath,Mcgrath,McGrath Native Village
tribal_affiliation_descriptors,ed-fi,uri://ed-fi.org/TribalAffiliationDescriptor,Mechoopda,Mechoopda,"Mechoopda Indian Tribe of Chico Rancheria, California"
tribal_affiliation_descriptors,ed-fi,uri://ed-fi.org/TribalAffiliationDescriptor,Mekoryuk,Mekoryuk,Native Village of Mekoryuk
tribal_affiliation_descriptors,ed-fi,uri://ed-fi.org/TribalAffiliationDescriptor,Menominee,Menominee,Menominee Indian Tribe of Wisconsin
tribal_affiliation_descriptors,ed-fi,uri://ed-fi.org/TribalAffiliationDescriptor,Mentasta,Mentasta,Mentasta Traditional Council
tribal_affiliation_descriptors,ed-fi,uri://ed-fi.org/TribalAffiliationDescriptor,Mesa Grande,Mesa Grande,"Mesa Grande Band of Diegueno Mission Indians of the Mesa Grande Reservation, California"
tribal_affiliation_descriptors,ed-fi,uri://ed-fi.org/TribalAffiliationDescriptor,Mescalero,Mescalero,Mescalero Apache Tribe
tribal_affiliation_descriptors,ed-fi,uri://ed-fi.org/TribalAffiliationDescriptor,Metlakatla,Metlakatla,"Metlakatla Indian Community, Annette Island Reserve"
tribal_affiliation_descriptors,ed-fi,uri://ed-fi.org/TribalAffiliationDescriptor,Miami of Oklahoma,Miami of Oklahoma,Miami Tribe of Oklahoma
tribal_affiliation_descriptors,ed-fi,uri://ed-fi.org/TribalAffiliationDescriptor,Miccosukee,Miccosukee,Miccosukee Tribe of Indians
tribal_affiliation_descriptors,ed-fi,uri://ed-fi.org/TribalAffiliationDescriptor,Middletown,Middletown,Middletown Rancheria of Pomo Indians of California
tribal_affiliation_descriptors,ed-fi,uri://ed-fi.org/TribalAffiliationDescriptor,Mille Lacs,Mille Lacs,Minnesota Chippewa Tribe - Mille Lacs Band
tribal_affiliation_descriptors,ed-fi,uri://ed-fi.org/TribalAffiliationDescriptor,Minnesota Chippewa,Minnesota Chippewa,Minnesota Chippewa Tribe
tribal_affiliation_descriptors,ed-fi,uri://ed-fi.org/TribalAffiliationDescriptor,Minto,Minto,Native Village of Minto
tribal_affiliation_descriptors,ed-fi,uri://ed-fi.org/TribalAffiliationDescriptor,Mississippi Choctaw,Mississippi Choctaw,Mississippi Band of Choctaw Indians
tribal_affiliation_descriptors,ed-fi,uri://ed-fi.org/TribalAffiliationDescriptor,Moapa,Moapa,"Moapa Band of Paiute Indians of the Moapa River Indian Reservation, Nevada"
tribal_affiliation_descriptors,ed-fi,uri://ed-fi.org/TribalAffiliationDescriptor,Modoc,Modoc,The Modoc Tribe of Oklahoma
tribal_affiliation_descriptors,ed-fi,uri://ed-fi.org/TribalAffiliationDescriptor,Mohegan,Mohegan,Mohegan Tribe of Indians of Connecticut
tribal_affiliation_descriptors,ed-fi,uri://ed-fi.org/TribalAffiliationDescriptor,Mooretown,Mooretown,Mooretown Rancheria of Maidu Indians of California
tribal_affiliation_descriptors,ed-fi,uri://ed-fi.org/TribalAffiliationDescriptor,Morongo,Morongo,"Morongo Band of Mission Indians, California"
tribal_affiliation_descriptors,ed-fi,uri://ed-fi.org/TribalAffiliationDescriptor,Muckleshoot,Muckleshoot,Muckleshoot Indian Tribe
tribal_affiliation_descriptors,ed-fi,uri://ed-fi.org/TribalAffiliationDescriptor,Muscogee,Muscogee,The Muscogee (Creek) Nation
tribal_affiliation_descriptors,ed-fi,uri://ed-fi.org/TribalAffiliationDescriptor,Naknek,Naknek,Naknek Native Village
tribal_affiliation_descriptors,ed-fi,uri://ed-fi.org/TribalAffiliationDescriptor,Nanwalek,Nanwalek,Native Village of Nanwalek (aka English Bay)
tribal_affiliation_descriptors,ed-fi,uri://ed-fi.org/TribalAffiliationDescriptor,Napaimute,Napaimute,Native Village of Napaimute
tribal_affiliation_descriptors,ed-fi,uri://ed-fi.org/TribalAffiliationDescriptor,Napakiak,Napakiak,Native Village of Napakiak
tribal_affiliation_descriptors,ed-fi,uri://ed-fi.org/TribalAffiliationDescriptor,Napaskiak,Napaskiak,Native Village of Napaskiak
tribal_affiliation_descriptors,ed-fi,uri://ed-fi.org/TribalAffiliationDescriptor,Narragansett,Narragansett,Narragansett Indian Tribe
tribal_affiliation_descriptors,ed-fi,uri://ed-fi.org/TribalAffiliationDescriptor,Navajo,Navajo,"Navajo Nation, Arizona, New Mexico & Utah"
tribal_affiliation_descriptors,ed-fi,uri://ed-fi.org/TribalAffiliationDescriptor,Nelson Lagoon,Nelson Lagoon,Native Village of Nelson Lagoon
tribal_affiliation_descriptors,ed-fi,uri://ed-fi.org/TribalAffiliationDescriptor,Nenana,Nenana,Nenana Native Association
tribal_affiliation_descriptors,ed-fi,uri://ed-fi.org/TribalAffiliationDescriptor,New Koliganek,New Koliganek,New Koliganek Village Council
tribal_affiliation_descriptors,ed-fi,uri://ed-fi.org/TribalAffiliationDescriptor,New Stuyahok,New Stuyahok,New Stuyahok Village
tribal_affiliation_descriptors,ed-fi,uri://ed-fi.org/TribalAffiliationDescriptor,Newhalen,Newhalen,Newhalen Village
tribal_affiliation_descriptors,ed-fi,uri://ed-fi.org/TribalAffiliationDescriptor,Newtok,Newtok,Newtok Village
tribal_affiliation_descriptors,ed-fi,uri://ed-fi.org/TribalAffiliationDescriptor,Nez Perce,Nez Perce,Nez Perce Tribe
tribal_affiliation_descriptors,ed-fi,uri://ed-fi.org/TribalAffiliationDescriptor,Nightmute,Nightmute,Native Village of Nightmute
tribal_affiliation_descriptors,ed-fi,uri://ed-fi.org/TribalAffiliationDescriptor,Nikolai,Nikolai,Nikolai Village
tribal_affiliation_descriptors,ed-fi,uri://ed-fi.org/TribalAffiliationDescriptor,Nikolski,Nikolski,Native Village of Nikolski
tribal_affiliation_descriptors,ed-fi,uri://ed-fi.org/TribalAffiliationDescriptor,Ninilchik,Ninilchik,Ninilchik Village
tribal_affiliation_descriptors,ed-fi,uri://ed-fi.org/TribalAffiliationDescriptor,Nisqually,Nisqually,Nisqually Indian Tribe
tribal_affiliation_descriptors,ed-fi,uri://ed-fi.org/TribalAffiliationDescriptor,Noatak,Noatak,Native Village of Noatak
tribal_affiliation_descriptors,ed-fi,uri://ed-fi.org/TribalAffiliationDescriptor,Nome,Nome,Nome Eskimo Community
tribal_affiliation_descriptors,ed-fi,uri://ed-fi.org/TribalAffiliationDescriptor,Nondalton,Nondalton,Nondalton Village
tribal_affiliation_descriptors,ed-fi,uri://ed-fi.org/TribalAffiliationDescriptor,Nooksack,Nooksack,Nooksack Indian Tribe
tribal_affiliation_descriptors,ed-fi,uri://ed-fi.org/TribalAffiliationDescriptor,Noorvik,Noorvik,Noorvik Native Community
tribal_affiliation_descriptors,ed-fi,uri://ed-fi.org/TribalAffiliationDescriptor,Northern Arapaho,Northern Arapaho,"Northern Arapaho Tribe of the Wind River Reservation, Wyoming"
tribal_affiliation_descriptors,ed-fi,uri://ed-fi.org/TribalAffiliationDescriptor,Northern Cheyenne,Northern Cheyenne,Northern Cheyenne Tribe
tribal_affiliation_descriptors,ed-fi,uri://ed-fi.org/TribalAffiliationDescriptor,Northfork,Northfork,Northfork Rancheria of Mono Indians of California
tribal_affiliation_descriptors,ed-fi,uri://ed-fi.org/TribalAffiliationDescriptor,Northway,Northway,Northway Village
tribal_affiliation_descriptors,ed-fi,uri://ed-fi.org/TribalAffiliationDescriptor,Northwestern Shoshone,Northwestern Shoshone,Northwestern Band of Shoshone Nation
tribal_affiliation_descriptors,ed-fi,uri://ed-fi.org/TribalAffiliationDescriptor,Nottawaseppi Potawatomi,Nottawaseppi Potawatomi,"Nottawaseppi Huron Band of the Potawatomi, MI"
tribal_affiliation_descriptors,ed-fi,uri://ed-fi.org/TribalAffiliationDescriptor,Nuiqsut,Nuiqsut,Native Village of Nuiqsut (aka Nooiksut)
tribal_affiliation_descriptors,ed-fi,uri://ed-fi.org/TribalAffiliationDescriptor,Nulato,Nulato,Nulato Village
tribal_affiliation_descriptors,ed-fi,uri://ed-fi.org/TribalAffiliationDescriptor,Nunakauyarmiut,Nunakauyarmiut,Nunakauyarmiut Tribe
tribal_affiliation_descriptors,ed-fi,uri://ed-fi.org/TribalAffiliationDescriptor,Nunam Iqua,Nunam Iqua,Native Village of Nunam Iqua
tribal_affiliation_descriptors,ed-fi,uri://ed-fi.org/TribalAffiliationDescriptor,Nunapitchuk,Nunapitchuk,Native Village of Nunapitchuk
tribal_affiliation_descriptors,ed-fi,uri://ed-fi.org/TribalAffiliationDescriptor,Oglala Sioux,Oglala Sioux,Oglala Sioux Tribe
tribal_affiliation_descriptors,ed-fi,uri://ed-fi.org/TribalAffiliationDescriptor,Ohkay,Ohkay,Ohkay Owingeh
tribal_affiliation_descriptors,ed-fi,uri://ed-fi.org/TribalAffiliationDescriptor,Ohogamuit,Ohogamuit,Village of Ohogamiut
tribal_affiliation_descriptors,ed-fi,uri://ed-fi.org/TribalAffiliationDescriptor,Omaha,Omaha,Omaha Tribe of Nebraska
tribal_affiliation_descriptors,ed-fi,uri://ed-fi.org/TribalAffiliationDescriptor,Oneida  Nation of New York,Oneida  Nation of New York,Oneida  Nation of New York
tribal_affiliation_descriptors,ed-fi,uri://ed-fi.org/TribalAffiliationDescriptor,Oneida Nation (Wisconsin),Oneida Nation (Wisconsin),Oneida Nation
tribal_affiliation_descriptors,ed-fi,uri://ed-fi.org/TribalAffiliationDescriptor,Onondaga,Onondaga,Onondaga Nation
tribal_affiliation_descriptors,ed-fi,uri://ed-fi.org/TribalAffiliationDescriptor,Orutsararmiut,Orutsararmiut,Orutsararmiut Traditional Native Council
tribal_affiliation_descriptors,ed-fi,uri://ed-fi.org/TribalAffiliationDescriptor,Osage,Osage,The Osage Nation
tribal_affiliation_descriptors,ed-fi,uri://ed-fi.org/TribalAffiliationDescriptor,Oscarville,Oscarville,Oscarville Traditional Village
tribal_affiliation_descriptors,ed-fi,uri://ed-fi.org/TribalAffiliationDescriptor,Otoe-Missouria,Otoe-Missouria,"Otoe-Missouria Tribe of Indians, Oklahoma"
tribal_affiliation_descriptors,ed-fi,uri://ed-fi.org/TribalAffiliationDescriptor,Ottawa of Oklahoma,Ottawa of Oklahoma,Ottawa Tribe of Oklahoma
tribal_affiliation_descriptors,ed-fi,uri://ed-fi.org/TribalAffiliationDescriptor,Ouzinkie,Ouzinkie,Native Village of Ouzinkie
tribal_affiliation_descriptors,ed-fi,uri://ed-fi.org/TribalAffiliationDescriptor,Paimiut,Paimiut,Native Village of Paimiut
tribal_affiliation_descriptors,ed-fi,uri://ed-fi.org/TribalAffiliationDescriptor,Paiute of Utah,Paiute of Utah,"Paiute Indian Tribe of Utah (Cedar Band of Paiutes, Kanosh Band of Paiutes, Koosharem Band of Paiutes, Indian Peaks Band of Paiutes, and Shivwits Band of Paiutes)"
tribal_affiliation_descriptors,ed-fi,uri://ed-fi.org/TribalAffiliationDescriptor,Paiute-Shoshone,Paiute-Shoshone,"Paiute-Shoshone Tribe of the Fallon Reservation and Colony, Nevada"
tribal_affiliation_descriptors,ed-fi,uri://ed-fi.org/TribalAffiliationDescriptor,Pala,Pala,Pala Band of Mission Indians
tribal_affiliation_descriptors,ed-fi,uri://ed-fi.org/TribalAffiliationDescriptor,Pamunkey Indian Tribe,Pamunkey Indian Tribe,Pamunkey Indian Tribe
tribal_affiliation_descriptors,ed-fi,uri://ed-fi.org/TribalAffiliationDescriptor,Pascua Yaqui,Pascua Yaqui,Pascua Yaqui Tribe of Arizona
tribal_affiliation_descriptors,ed-fi,uri://ed-fi.org/TribalAffiliationDescriptor,Paskenta,Paskenta,Paskenta Band of Nomlaki Indians of California
tribal_affiliation_descriptors,ed-fi,uri://ed-fi.org/TribalAffiliationDescriptor,Passamaquaddy Pleasant Point,Passamaquaddy Pleasant Point,Passamaquoddy Tribe - Pleasant Point
tribal_affiliation_descriptors,ed-fi,uri://ed-fi.org/TribalAffiliationDescriptor,Passamaquoddy Indian Township,Passamaquoddy Indian Township,Passamaquoddy Tribe - Indian Township
tribal_affiliation_descriptors,ed-fi,uri://ed-fi.org/TribalAffiliationDescriptor,Pauloff Harbor,Pauloff Harbor,Pauloff Harbor Village
tribal_affiliation_descriptors,ed-fi,uri://ed-fi.org/TribalAffiliationDescriptor,Pauma,Pauma,"Pauma Band of Luiseno Mission Indians of the Pauma & Yuima Reservation, California"
tribal_affiliation_descriptors,ed-fi,uri://ed-fi.org/TribalAffiliationDescriptor,Pawnee,Pawnee,Pawnee Nation of Oklahoma
tribal_affiliation_descriptors,ed-fi,uri://ed-fi.org/TribalAffiliationDescriptor,Pechanga,Pechanga,"Pechanga Band of Luiseno Mission Indians of the Pechanga Reservation, California"
tribal_affiliation_descriptors,ed-fi,uri://ed-fi.org/TribalAffiliationDescriptor,Pedro Bay,Pedro Bay,Pedro Bay Village
tribal_affiliation_descriptors,ed-fi,uri://ed-fi.org/TribalAffiliationDescriptor,Penobscot,Penobscot,Penobscot Nation
tribal_affiliation_descriptors,ed-fi,uri://ed-fi.org/TribalAffiliationDescriptor,Peoria,Peoria,Peoria Tribe of Indians of Oklahoma
tribal_affiliation_descriptors,ed-fi,uri://ed-fi.org/TribalAffiliationDescriptor,Perryville,Perryville,Native Village of Perryville
tribal_affiliation_descriptors,ed-fi,uri://ed-fi.org/TribalAffiliationDescriptor,Petersburg,Petersburg,Petersburg Indian Association
tribal_affiliation_descriptors,ed-fi,uri://ed-fi.org/TribalAffiliationDescriptor,Picayune,Picayune,Picayune Rancheria of Chukchansi Indians of California
tribal_affiliation_descriptors,ed-fi,uri://ed-fi.org/TribalAffiliationDescriptor,Pilot Point,Pilot Point,Native Village of Pilot Point
tribal_affiliation_descriptors,ed-fi,uri://ed-fi.org/TribalAffiliationDescriptor,Pilot Station,Pilot Station,Pilot Station Traditional Village
tribal_affiliation_descriptors,ed-fi,uri://ed-fi.org/TribalAffiliationDescriptor,Pinoleville,Pinoleville,"Pinoleville Pomo Nation, California"
tribal_affiliation_descriptors,ed-fi,uri://ed-fi.org/TribalAffiliationDescriptor,Pit River,Pit River,"Pit River Tribe, California"
tribal_affiliation_descriptors,ed-fi,uri://ed-fi.org/TribalAffiliationDescriptor,Pitka's Point,Pitka's Point,Native Village of Pitka's Point
tribal_affiliation_descriptors,ed-fi,uri://ed-fi.org/TribalAffiliationDescriptor,Platinum,Platinum,Platinum Traditional Village
tribal_affiliation_descriptors,ed-fi,uri://ed-fi.org/TribalAffiliationDescriptor,Poarch,Poarch,Poarch Band of Creeks
tribal_affiliation_descriptors,ed-fi,uri://ed-fi.org/TribalAffiliationDescriptor,Point Hope IRA,Point Hope IRA,Native Village of Point Hope
tribal_affiliation_descriptors,ed-fi,uri://ed-fi.org/TribalAffiliationDescriptor,Point Lay IRA,Point Lay IRA,Native Village of Point Lay
tribal_affiliation_descriptors,ed-fi,uri://ed-fi.org/TribalAffiliationDescriptor,Pokagon,Pokagon,"Pokagon Band of Potawatomi Indians, Michigan & Indiana"
tribal_affiliation_descriptors,ed-fi,uri://ed-fi.org/TribalAffiliationDescriptor,Ponca of Nebraska,Ponca of Nebraska,Ponca Tribe of Nebraska
tribal_affiliation_descriptors,ed-fi,uri://ed-fi.org/TribalAffiliationDescriptor,Ponca of Oklahoma,Ponca of Oklahoma,Ponca Tribe of Indians of Oklahoma
tribal_affiliation_descriptors,ed-fi,uri://ed-fi.org/TribalAffiliationDescriptor,Port Gamble,Port Gamble,Port Gamble S'Klallam Tribe
tribal_affiliation_descriptors,ed-fi,uri://ed-fi.org/TribalAffiliationDescriptor,Port Graham,Port Graham,Native Village of Port Graham
tribal_affiliation_descriptors,ed-fi,uri://ed-fi.org/TribalAffiliationDescriptor,Port Heiden,Port Heiden,Native Village of Port Heiden
tribal_affiliation_descriptors,ed-fi,uri://ed-fi.org/TribalAffiliationDescriptor,Port Lions,Port Lions,Native Village of Port Lions
tribal_affiliation_descriptors,ed-fi,uri://ed-fi.org/TribalAffiliationDescriptor,Portage Creek,Portage Creek,Portage Creek Village (aka Ohgsenakale)
tribal_affiliation_descriptors,ed-fi,uri://ed-fi.org/TribalAffiliationDescriptor,Potter Valley,Potter Valley,"Potter Valley Tribe, California"
tribal_affiliation_descriptors,ed-fi,uri://ed-fi.org/TribalAffiliationDescriptor,Prairie Band,Prairie Band,Prairie Band of Potawatomi Nation
tribal_affiliation_descriptors,ed-fi,uri://ed-fi.org/TribalAffiliationDescriptor,Prairie Island,Prairie Island,Prairie Island Indian Community in the State of MN
tribal_affiliation_descriptors,ed-fi,uri://ed-fi.org/TribalAffiliationDescriptor,Pueblo of Acoma,Pueblo of Acoma,Pueblo of Acoma
tribal_affiliation_descriptors,ed-fi,uri://ed-fi.org/TribalAffiliationDescriptor,Pueblo of Cochiti,Pueblo of Cochiti,Pueblo of Cochiti
tribal_affiliation_descriptors,ed-fi,uri://ed-fi.org/TribalAffiliationDescriptor,Pueblo of Isleta,Pueblo of Isleta,Pueblo of Isleta
tribal_affiliation_descriptors,ed-fi,uri://ed-fi.org/TribalAffiliationDescriptor,Pueblo of Jemez,Pueblo of Jemez,Pueblo of Jemez
tribal_affiliation_descriptors,ed-fi,uri://ed-fi.org/TribalAffiliationDescriptor,Pueblo of Laguna,Pueblo of Laguna,Pueblo of Laguna
tribal_affiliation_descriptors,ed-fi,uri://ed-fi.org/TribalAffiliationDescriptor,Pueblo of Nambe,Pueblo of Nambe,Pueblo of Nambe
tribal_affiliation_descriptors,ed-fi,uri://ed-fi.org/TribalAffiliationDescriptor,Pueblo of Picuris,Pueblo of Picuris,Pueblo of Picuris
tribal_affiliation_descriptors,ed-fi,uri://ed-fi.org/TribalAffiliationDescriptor,Pueblo of Pojoaque,Pueblo of Pojoaque,Pueblo of Pojoaque
tribal_affiliation_descriptors,ed-fi,uri://ed-fi.org/TribalAffiliationDescriptor,Pueblo of San Felipe,Pueblo of San Felipe,Pueblo of San Felipe
tribal_affiliation_descriptors,ed-fi,uri://ed-fi.org/TribalAffiliationDescriptor,Pueblo of San Ildefonso,Pueblo of San Ildefonso,Pueblo of San Ildefonso
tribal_affiliation_descriptors,ed-fi,uri://ed-fi.org/TribalAffiliationDescriptor,Pueblo of Sandia,Pueblo of Sandia,Pueblo of Sandia
tribal_affiliation_descriptors,ed-fi,uri://ed-fi.org/TribalAffiliationDescriptor,Pueblo of Santa Ana,Pueblo of Santa Ana,Pueblo of Santa Ana
tribal_affiliation_descriptors,ed-fi,uri://ed-fi.org/TribalAffiliationDescriptor,Pueblo of Santa Clara,Pueblo of Santa Clara,Pueblo of Santa Clara
tribal_affiliation_descriptors,ed-fi,uri://ed-fi.org/TribalAffiliationDescriptor,Pueblo of Taos,Pueblo of Taos,Pueblo of Taos
tribal_affiliation_descriptors,ed-fi,uri://ed-fi.org/TribalAffiliationDescriptor,Pueblo of Tesuque,Pueblo of Tesuque,Pueblo of Tesuque
tribal_affiliation_descriptors,ed-fi,uri://ed-fi.org/TribalAffiliationDescriptor,Pueblo of Zia,Pueblo of Zia,Pueblo of Zia
tribal_affiliation_descriptors,ed-fi,uri://ed-fi.org/TribalAffiliationDescriptor,Puyallup,Puyallup,Puyallup Tribe of the Puyallup Reservation
tribal_affiliation_descriptors,ed-fi,uri://ed-fi.org/TribalAffiliationDescriptor,Pyramid Lake,Pyramid Lake,"Pyramid Lake Paiute Tribe of the Pyramid Lake Reservation, Nevada"
tribal_affiliation_descriptors,ed-fi,uri://ed-fi.org/TribalAffiliationDescriptor,Qagan Tayagungin,Qagan Tayagungin,Qagan Tayagungin Tribe of Sand Point Village
tribal_affiliation_descriptors,ed-fi,uri://ed-fi.org/TribalAffiliationDescriptor,Qawalangin,Qawalangin,Qawalangin Tribe of Unalaska
tribal_affiliation_descriptors,ed-fi,uri://ed-fi.org/TribalAffiliationDescriptor,Quapaw,Quapaw,The Quapaw Tribe of Indians
tribal_affiliation_descriptors,ed-fi,uri://ed-fi.org/TribalAffiliationDescriptor,Quartz Valley,Quartz Valley,Quartz Valley Indian Community of the Quartz Valley Reservation of California
tribal_affiliation_descriptors,ed-fi,uri://ed-fi.org/TribalAffiliationDescriptor,Quechan,Quechan,"Quechan Tribe of the Fort Yuma Indian Reservation, California & Arizona"
tribal_affiliation_descriptors,ed-fi,uri://ed-fi.org/TribalAffiliationDescriptor,Quileute,Quileute,Quileute Tribe of the Quileute Reservation
tribal_affiliation_descriptors,ed-fi,uri://ed-fi.org/TribalAffiliationDescriptor,Quinault,Quinault,Quinault Indian Nation
tribal_affiliation_descriptors,ed-fi,uri://ed-fi.org/TribalAffiliationDescriptor,Ramah,Ramah,Ramah Navajo Chapter
tribal_affiliation_descriptors,ed-fi,uri://ed-fi.org/TribalAffiliationDescriptor,Ramona,Ramona,"Ramona Band of Cahuilla, California"
tribal_affiliation_descriptors,ed-fi,uri://ed-fi.org/TribalAffiliationDescriptor,Rampart,Rampart,Rampart Village
tribal_affiliation_descriptors,ed-fi,uri://ed-fi.org/TribalAffiliationDescriptor,Red Cliff,Red Cliff,Red Cliff Band of Lake Superior Chippewa Indians of Wisconsin
tribal_affiliation_descriptors,ed-fi,uri://ed-fi.org/TribalAffiliationDescriptor,Red Devil,Red Devil,Village of Red Devil
tribal_affiliation_descriptors,ed-fi,uri://ed-fi.org/TribalAffiliationDescriptor,Red Lake,Red Lake,"Red Lake Band of Chippewa Indians, Minnesota"
tribal_affiliation_descriptors,ed-fi,uri://ed-fi.org/TribalAffiliationDescriptor,Redding,Redding,"Redding Rancheria, California"
tribal_affiliation_descriptors,ed-fi,uri://ed-fi.org/TribalAffiliationDescriptor,Redwood Valley,Redwood Valley,Redwood Valley or Little River Band of Pomo Indians of the Redwood Valley Rancheria California
tribal_affiliation_descriptors,ed-fi,uri://ed-fi.org/TribalAffiliationDescriptor,Reno-Sparks,Reno-Sparks,"Reno-Sparks Indian Colony, Nevada"
tribal_affiliation_descriptors,ed-fi,uri://ed-fi.org/TribalAffiliationDescriptor,Resighini,Resighini,"Resighini Rancheria, California"
tribal_affiliation_descriptors,ed-fi,uri://ed-fi.org/TribalAffiliationDescriptor,Rincon,Rincon,"Rincon Band of Luiseno Mission Indians of the Rincon Reservation, California"
tribal_affiliation_descriptors,ed-fi,uri://ed-fi.org/TribalAffiliationDescriptor,Robinson,Robinson,"Robinson Rancheria Band of Pomo Indians, CA"
tribal_affiliation_descriptors,ed-fi,uri://ed-fi.org/TribalAffiliationDescriptor,Rosebud,Rosebud,"Rosebud Sioux Tribe of the Rosebud Indian Reservation, SD"
tribal_affiliation_descriptors,ed-fi,uri://ed-fi.org/TribalAffiliationDescriptor,Round Valley,Round Valley,"Round Valley Indian Tribes, Round Valley Reservation, California"
tribal_affiliation_descriptors,ed-fi,uri://ed-fi.org/TribalAffiliationDescriptor,Ruby,Ruby,Native Village of Ruby
tribal_affiliation_descriptors,ed-fi,uri://ed-fi.org/TribalAffiliationDescriptor,Sac & Fox of Mississippi,Sac & Fox of Mississippi,Sac & Fox Tribe of the Mississippi in Iowa
tribal_affiliation_descriptors,ed-fi,uri://ed-fi.org/TribalAffiliationDescriptor,Sac and Fox Nation,Oklahoma,"Sac and Fox Nation, Oklahoma"
tribal_affiliation_descriptors,ed-fi,uri://ed-fi.org/TribalAffiliationDescriptor,Sac and Fox Nation of Missouri in KS and NE,Sac and Fox Nation of Missouri in Kansas and Nebraska,Sac and Fox Nation of Missouri in Kansas and Nebraska
tribal_affiliation_descriptors,ed-fi,uri://ed-fi.org/TribalAffiliationDescriptor,Saginaw Chippewa,Saginaw Chippewa,Saginaw Chippewa Indian Tribe of Michigan
tribal_affiliation_descriptors,ed-fi,uri://ed-fi.org/TribalAffiliationDescriptor,Saint Paul,Saint Paul,Saint Paul Island
tribal_affiliation_descriptors,ed-fi,uri://ed-fi.org/TribalAffiliationDescriptor,Saint Regis,Saint Regis,Saint Regis Mohawk Tribe
tribal_affiliation_descriptors,ed-fi,uri://ed-fi.org/TribalAffiliationDescriptor,Salamatoff,Salamatoff,Village of Salamatoff
tribal_affiliation_descriptors,ed-fi,uri://ed-fi.org/TribalAffiliationDescriptor,Salt River,Salt River,"Salt River Pima-Maricopa Indian Community of the Salt River Reservation, Arizona"
tribal_affiliation_descriptors,ed-fi,uri://ed-fi.org/TribalAffiliationDescriptor,Samish,Samish,Samish Indian Nation
tribal_affiliation_descriptors,ed-fi,uri://ed-fi.org/TribalAffiliationDescriptor,San Carlos,San Carlos,"San Carlos Apache Tribe of the San Carlos Reservation, Arizona"
tribal_affiliation_descriptors,ed-fi,uri://ed-fi.org/TribalAffiliationDescriptor,San Juan,San Juan,San Juan Southern Paiute Tribe of Arizona
tribal_affiliation_descriptors,ed-fi,uri://ed-fi.org/TribalAffiliationDescriptor,San Manuel,San Manuel,"San Manuel Band of Mission Indians, California"
tribal_affiliation_descriptors,ed-fi,uri://ed-fi.org/TribalAffiliationDescriptor,San Pasqual,San Pasqual,San Pasqual Band of Diegueno Mission Indians of California
tribal_affiliation_descriptors,ed-fi,uri://ed-fi.org/TribalAffiliationDescriptor,Santa Rosa,Santa Rosa,"Santa Rosa Indian Community of the Santa Rosa Rancheria, California"
tribal_affiliation_descriptors,ed-fi,uri://ed-fi.org/TribalAffiliationDescriptor,Santa Rosa of Chuilla,Santa Rosa of Chuilla,"Santa Rosa Band of Cahuilla Indians, California"
tribal_affiliation_descriptors,ed-fi,uri://ed-fi.org/TribalAffiliationDescriptor,Santa Ynez,Santa Ynez,"Santa Ynez Band of Chumash Mission Indians of the Santa Ynez Reservation, California"
tribal_affiliation_descriptors,ed-fi,uri://ed-fi.org/TribalAffiliationDescriptor,Santee Sioux,Santee Sioux,"Santee Sioux Nation, Nebraska"
tribal_affiliation_descriptors,ed-fi,uri://ed-fi.org/TribalAffiliationDescriptor,Sauk-Suiattle,Sauk-Suiattle,Sauk-Suiattle Indian Tribe
tribal_affiliation_descriptors,ed-fi,uri://ed-fi.org/TribalAffiliationDescriptor,Sault Ste. Marie,Sault Ste. Marie,"Sault Ste. Marie Tribe of Chippewa Indians, Michigan"
tribal_affiliation_descriptors,ed-fi,uri://ed-fi.org/TribalAffiliationDescriptor,Savoonga,Savoonga,Native Village of Savoonga
tribal_affiliation_descriptors,ed-fi,uri://ed-fi.org/TribalAffiliationDescriptor,Saxman,Saxman,Organized Village of Saxman
tribal_affiliation_descriptors,ed-fi,uri://ed-fi.org/TribalAffiliationDescriptor,Scammon Bay,Scammon Bay,Native Village of Scammon Bay
tribal_affiliation_descriptors,ed-fi,uri://ed-fi.org/TribalAffiliationDescriptor,Scotts Valley,Scotts Valley,Scotts Valley Band of Pomo Indians of California
tribal_affiliation_descriptors,ed-fi,uri://ed-fi.org/TribalAffiliationDescriptor,Selawik,Selawik,Native Village of Selawik
tribal_affiliation_descriptors,ed-fi,uri://ed-fi.org/TribalAffiliationDescriptor,Seldovia,Seldovia,Seldovia Village Tribe
tribal_affiliation_descriptors,ed-fi,uri://ed-fi.org/TribalAffiliationDescriptor,Seminole,Seminole,Seminole Tribe of Florida
tribal_affiliation_descriptors,ed-fi,uri://ed-fi.org/TribalAffiliationDescriptor,Seminole of Oklahoma,Seminole of Oklahoma,The Seminole Nation of Oklahoma
tribal_affiliation_descriptors,ed-fi,uri://ed-fi.org/TribalAffiliationDescriptor,Seneca,Seneca,Seneca Nation of Indians
tribal_affiliation_descriptors,ed-fi,uri://ed-fi.org/TribalAffiliationDescriptor,Seneca-Cayuga,Seneca-Cayuga,Seneca-Cayuga Nation
tribal_affiliation_descriptors,ed-fi,uri://ed-fi.org/TribalAffiliationDescriptor,Shageluk,Shageluk,Shageluk Native Village
tribal_affiliation_descriptors,ed-fi,uri://ed-fi.org/TribalAffiliationDescriptor,Shakopee,Shakopee,Shakopee Mdewakanton Sioux Community of Minnesota
tribal_affiliation_descriptors,ed-fi,uri://ed-fi.org/TribalAffiliationDescriptor,Shaktoolik,Shaktoolik,Native Village of Shaktoolik
tribal_affiliation_descriptors,ed-fi,uri://ed-fi.org/TribalAffiliationDescriptor,Shawnee,Shawnee,Shawnee Tribe
tribal_affiliation_descriptors,ed-fi,uri://ed-fi.org/TribalAffiliationDescriptor,Sherwood Valley,Sherwood Valley,Sherwood Valley Rancheria of Pomo Indians of California
tribal_affiliation_descriptors,ed-fi,uri://ed-fi.org/TribalAffiliationDescriptor,Shingle Springs,Shingle Springs,"Shingle Springs Band of Miwok Indians, Shingle Springs Rancheria (Verona Tract), California"
tribal_affiliation_descriptors,ed-fi,uri://ed-fi.org/TribalAffiliationDescriptor,Shinnecock,Shinnecock,Shinnecock Indian Nation
tribal_affiliation_descriptors,ed-fi,uri://ed-fi.org/TribalAffiliationDescriptor,Shishmaref IRA,Shishmaref IRA,Native Village of Shishmaref
tribal_affiliation_descriptors,ed-fi,uri://ed-fi.org/TribalAffiliationDescriptor,Shoalwater,Shoalwater,Shoalwater Bay Indian Tribe
tribal_affiliation_descriptors,ed-fi,uri://ed-fi.org/TribalAffiliationDescriptor,Shoshone-Bannock,Shoshone-Bannock,Shoshone-Bannock Tribes of the Fort Hall Reservation
tribal_affiliation_descriptors,ed-fi,uri://ed-fi.org/TribalAffiliationDescriptor,Shoshone-Paiute,Shoshone-Paiute,"Shoshone-Paiute Tribes of the Duck Valley Reservation, Nevada"
tribal_affiliation_descriptors,ed-fi,uri://ed-fi.org/TribalAffiliationDescriptor,Shungnak,Shungnak,Native Village of Shungnak
tribal_affiliation_descriptors,ed-fi,uri://ed-fi.org/TribalAffiliationDescriptor,Siletz Tribe,Siletz Tribe,Confederated Tribes of Siletz Indians of Oregon
tribal_affiliation_descriptors,ed-fi,uri://ed-fi.org/TribalAffiliationDescriptor,Sisseton-Wahpeton,Sisseton-Wahpeton,"Sisseton-Wahpeton Oyate of the Lake Traverse Reservation, SD"
tribal_affiliation_descriptors,ed-fi,uri://ed-fi.org/TribalAffiliationDescriptor,Sitka,Sitka,Sitka Tribe of Alaska
tribal_affiliation_descriptors,ed-fi,uri://ed-fi.org/TribalAffiliationDescriptor,Skagway,Skagway,Skagway Village
tribal_affiliation_descriptors,ed-fi,uri://ed-fi.org/TribalAffiliationDescriptor,Skokomish,Skokomish,Skokomish Indian Tribe
tribal_affiliation_descriptors,ed-fi,uri://ed-fi.org/TribalAffiliationDescriptor,Skull Valley,Skull Valley,Skull Valley Band of Goshute Indians of Utah
tribal_affiliation_descriptors,ed-fi,uri://ed-fi.org/TribalAffiliationDescriptor,Sleetmute,Sleetmute,Village of Sleetmute
tribal_affiliation_descriptors,ed-fi,uri://ed-fi.org/TribalAffiliationDescriptor,Snoqualmie,Snoqualmie,Snoqualmie Indian Tribe
tribal_affiliation_descriptors,ed-fi,uri://ed-fi.org/TribalAffiliationDescriptor,Soboba,Soboba,"Soboba Band of Luiseno Indians, California"
tribal_affiliation_descriptors,ed-fi,uri://ed-fi.org/TribalAffiliationDescriptor,Sokaogon,Sokaogon,"Sokaogon Chippewa  Community, Wisconsin"
tribal_affiliation_descriptors,ed-fi,uri://ed-fi.org/TribalAffiliationDescriptor,Solomon,Solomon,Village of Solomon
tribal_affiliation_descriptors,ed-fi,uri://ed-fi.org/TribalAffiliationDescriptor,South Naknek,South Naknek,South Naknek Village
tribal_affiliation_descriptors,ed-fi,uri://ed-fi.org/TribalAffiliationDescriptor,Southern Ute,Southern Ute,Southern Ute Indian Tribe
tribal_affiliation_descriptors,ed-fi,uri://ed-fi.org/TribalAffiliationDescriptor,Spirit Lake,Spirit Lake,"Spirit Lake Tribe, North Dakota"
tribal_affiliation_descriptors,ed-fi,uri://ed-fi.org/TribalAffiliationDescriptor,Spokane,Spokane,Spokane Tribe of the Spokane Reservation
tribal_affiliation_descriptors,ed-fi,uri://ed-fi.org/TribalAffiliationDescriptor,Squaxin,Squaxin,Squaxin Island Tribe of the Squaxin Island Reservation
tribal_affiliation_descriptors,ed-fi,uri://ed-fi.org/TribalAffiliationDescriptor,St. Croix,St. Croix,St. Croix Chippewa Indians of Wisconsin
tribal_affiliation_descriptors,ed-fi,uri://ed-fi.org/TribalAffiliationDescriptor,St. George,St. George,Saint George Island
tribal_affiliation_descriptors,ed-fi,uri://ed-fi.org/TribalAffiliationDescriptor,St. Michael IRA,St. Michael IRA,Native Village of Saint Michael
tribal_affiliation_descriptors,ed-fi,uri://ed-fi.org/TribalAffiliationDescriptor,Standing Rock,Standing Rock,Standing Rock Sioux Tribe of North & South Dakota
tribal_affiliation_descriptors,ed-fi,uri://ed-fi.org/TribalAffiliationDescriptor,Stebbins,Stebbins,Stebbins Community Association
tribal_affiliation_descriptors,ed-fi,uri://ed-fi.org/TribalAffiliationDescriptor,Stevens Village,Stevens Village,Native Village of Stevens
tribal_affiliation_descriptors,ed-fi,uri://ed-fi.org/TribalAffiliationDescriptor,Stillaguamish,Stillaguamish,Stillaguamish Tribe of Indians of Washington
tribal_affiliation_descriptors,ed-fi,uri://ed-fi.org/TribalAffiliationDescriptor,Stockbridge,Stockbridge,"Stockbridge Munsee Community, Wisconsin"
tribal_affiliation_descriptors,ed-fi,uri://ed-fi.org/TribalAffiliationDescriptor,Stony River,Stony River,Village of Stony River
tribal_affiliation_descriptors,ed-fi,uri://ed-fi.org/TribalAffiliationDescriptor,Summit Lake,Summit Lake,Summit Lake Paiute Tribe of Nevada
tribal_affiliation_descriptors,ed-fi,uri://ed-fi.org/TribalAffiliationDescriptor,Sun'aq,Sun'aq,Sun'aq Tribe of Kodiak
tribal_affiliation_descriptors,ed-fi,uri://ed-fi.org/TribalAffiliationDescriptor,Suquamish,Suquamish,Suquamish Indian Tribe of the Port Madison Reservation
tribal_affiliation_descriptors,ed-fi,uri://ed-fi.org/TribalAffiliationDescriptor,Susanville,Susanville,"Susanville Indian Rancheria, California"
tribal_affiliation_descriptors,ed-fi,uri://ed-fi.org/TribalAffiliationDescriptor,Swinomish,Swinomish,Swinomish Indian Tribal Community
tribal_affiliation_descriptors,ed-fi,uri://ed-fi.org/TribalAffiliationDescriptor,Sycuan,Sycuan,Sycuan Band of the Kumeyaay Nation
tribal_affiliation_descriptors,ed-fi,uri://ed-fi.org/TribalAffiliationDescriptor,Table Mountain,Table Mountain,Table Mountain Rancheria of California
tribal_affiliation_descriptors,ed-fi,uri://ed-fi.org/TribalAffiliationDescriptor,Takotna,Takotna,Takotna Village
tribal_affiliation_descriptors,ed-fi,uri://ed-fi.org/TribalAffiliationDescriptor,Tanacross,Tanacross,Native Village of Tanacross
tribal_affiliation_descriptors,ed-fi,uri://ed-fi.org/TribalAffiliationDescriptor,Tanana,Tanana,Native Village of Tanana
tribal_affiliation_descriptors,ed-fi,uri://ed-fi.org/TribalAffiliationDescriptor,Tangirnaq,Tangirnaq,Tangirnaq Native Village (aka Woody Island)
tribal_affiliation_descriptors,ed-fi,uri://ed-fi.org/TribalAffiliationDescriptor,Tatitlek,Tatitlek,Native Village of Tatitlek
tribal_affiliation_descriptors,ed-fi,uri://ed-fi.org/TribalAffiliationDescriptor,Tazlina,Tazlina,Native Village of Tazlina
tribal_affiliation_descriptors,ed-fi,uri://ed-fi.org/TribalAffiliationDescriptor,Te-Moak,Te-Moak,Te-Moak Tribe of Western Shoshone Indians of Nevada (Four constituent bands: Battle Mountain Band; Elko Band; South Fork Band and Wells Band)
tribal_affiliation_descriptors,ed-fi,uri://ed-fi.org/TribalAffiliationDescriptor,Tejon,Tejon,Tejon Indian Tribe
tribal_affiliation_descriptors,ed-fi,uri://ed-fi.org/TribalAffiliationDescriptor,Telida,Telida,Telida Village
tribal_affiliation_descriptors,ed-fi,uri://ed-fi.org/TribalAffiliationDescriptor,Teller,Teller,Native Village of Teller
tribal_affiliation_descriptors,ed-fi,uri://ed-fi.org/TribalAffiliationDescriptor,Tetlin,Tetlin,Native Village of Tetlin
tribal_affiliation_descriptors,ed-fi,uri://ed-fi.org/TribalAffiliationDescriptor,Thlopthlocco,Thlopthlocco,Thlopthlocco Tribal Town
tribal_affiliation_descriptors,ed-fi,uri://ed-fi.org/TribalAffiliationDescriptor,Three Affiliated,Three Affiliated,"Three Affiliated Tribes of the Fort Berthold Reservation, ND"
tribal_affiliation_descriptors,ed-fi,uri://ed-fi.org/TribalAffiliationDescriptor,Timbi-sha Shoshone,Timbi-sha Shoshone,Death Valley Timbi-sha Shoshone Tribe
tribal_affiliation_descriptors,ed-fi,uri://ed-fi.org/TribalAffiliationDescriptor,Tlingit & Haida,Tlingit & Haida,Central Council of the Tlingit & Haida Indian Tribes of Alaska
tribal_affiliation_descriptors,ed-fi,uri://ed-fi.org/TribalAffiliationDescriptor,Togiak,Togiak,Traditional Village of Togiak
tribal_affiliation_descriptors,ed-fi,uri://ed-fi.org/TribalAffiliationDescriptor,Tohono O'odham,Tohono O'odham,Tohono O'odham Nation of Arizona
tribal_affiliation_descriptors,ed-fi,uri://ed-fi.org/TribalAffiliationDescriptor,Tolowa Dee-Ni',Tolowa Dee-Ni',Tolowa Dee-Ni' Nation
tribal_affiliation_descriptors,ed-fi,uri://ed-fi.org/TribalAffiliationDescriptor,Tonawanda,Tonawanda,Tonawanda Band of Seneca
tribal_affiliation_descriptors,ed-fi,uri://ed-fi.org/TribalAffiliationDescriptor,Tonkawa,Tonkawa,Tonkawa Tribe of Indians of Oklahoma
tribal_affiliation_descriptors,ed-fi,uri://ed-fi.org/TribalAffiliationDescriptor,Tonto Apache,Tonto Apache,Tonto Apache Tribe of Arizona
tribal_affiliation_descriptors,ed-fi,uri://ed-fi.org/TribalAffiliationDescriptor,Torres Martinez,Torres Martinez,"Torres Martinez Desert Cahuilla Indians, California"
tribal_affiliation_descriptors,ed-fi,uri://ed-fi.org/TribalAffiliationDescriptor,Tulalip,Tulalip,Tulalip Tribes of Washington
tribal_affiliation_descriptors,ed-fi,uri://ed-fi.org/TribalAffiliationDescriptor,Tule River,Tule River,"Tule River Indian Tribe of the Tule River Reservation, California"
tribal_affiliation_descriptors,ed-fi,uri://ed-fi.org/TribalAffiliationDescriptor,Tuluksak,Tuluksak,Tuluksak Native Community
tribal_affiliation_descriptors,ed-fi,uri://ed-fi.org/TribalAffiliationDescriptor,Tunica-Biloxi,Tunica-Biloxi,Tunica-Biloxi Indian Tribe
tribal_affiliation_descriptors,ed-fi,uri://ed-fi.org/TribalAffiliationDescriptor,Tuntutuliak,Tuntutuliak,Native Village of Tuntutuliak
tribal_affiliation_descriptors,ed-fi,uri://ed-fi.org/TribalAffiliationDescriptor,Tununak,Tununak,Native Village of Tununak
tribal_affiliation_descriptors,ed-fi,uri://ed-fi.org/TribalAffiliationDescriptor,Tuolumne,Tuolumne,Tuolumne Band of Me-Wuk Indians of the Tuolumne Rancheria of California
tribal_affiliation_descriptors,ed-fi,uri://ed-fi.org/TribalAffiliationDescriptor,Turtle Mountain,Turtle Mountain,Turtle Mountain Band of Chippewa Indians of North Dakota
tribal_affiliation_descriptors,ed-fi,uri://ed-fi.org/TribalAffiliationDescriptor,Tuscarora,Tuscarora,Tuscarora Nation
tribal_affiliation_descriptors,ed-fi,uri://ed-fi.org/TribalAffiliationDescriptor,Twenty-Nine Palms,Twenty-Nine Palms,Twenty-Nine Palms Band of Mission Indians of California
tribal_affiliation_descriptors,ed-fi,uri://ed-fi.org/TribalAffiliationDescriptor,Twin Hills,Twin Hills,Twin Hills Village
tribal_affiliation_descriptors,ed-fi,uri://ed-fi.org/TribalAffiliationDescriptor,Tyonek,Tyonek,Native Village of Tyonek
tribal_affiliation_descriptors,ed-fi,uri://ed-fi.org/TribalAffiliationDescriptor,Ugashik,Ugashik,Ugashik Village
tribal_affiliation_descriptors,ed-fi,uri://ed-fi.org/TribalAffiliationDescriptor,Umatilla Tribe,Umatilla Tribe,Confederated Tribes of the Umatilla Indian Reservation
tribal_affiliation_descriptors,ed-fi,uri://ed-fi.org/TribalAffiliationDescriptor,Umkumiut,Umkumiut,Umkumiut Native Village
tribal_affiliation_descriptors,ed-fi,uri://ed-fi.org/TribalAffiliationDescriptor,Unalakleet,Unalakleet,Native Village of Unalakleet
tribal_affiliation_descriptors,ed-fi,uri://ed-fi.org/TribalAffiliationDescriptor,Unga,Unga,Native Village of Unga
tribal_affiliation_descriptors,ed-fi,uri://ed-fi.org/TribalAffiliationDescriptor,United Auburn,United Auburn,United Auburn Indian Community of the Auburn Rancheria of California
tribal_affiliation_descriptors,ed-fi,uri://ed-fi.org/TribalAffiliationDescriptor,United Keetoowah,United Keetoowah,United Keetoowah Band of Cherokee Indians in Oklahoma
tribal_affiliation_descriptors,ed-fi,uri://ed-fi.org/TribalAffiliationDescriptor,Upper Sioux,Upper Sioux,"Upper Sioux Community, Minnesota"
tribal_affiliation_descriptors,ed-fi,uri://ed-fi.org/TribalAffiliationDescriptor,Upper Skagit,Upper Skagit,Upper Skagit Indian Tribe
tribal_affiliation_descriptors,ed-fi,uri://ed-fi.org/TribalAffiliationDescriptor,Ute,Ute,"Ute Indian Tribe of the Uintah & Ouray Reservation, Utah"
tribal_affiliation_descriptors,ed-fi,uri://ed-fi.org/TribalAffiliationDescriptor,Ute Mountain,Ute Mountain,Ute Mountain Ute Tribe
tribal_affiliation_descriptors,ed-fi,uri://ed-fi.org/TribalAffiliationDescriptor,Venetie,Venetie,Village of Venetie
tribal_affiliation_descriptors,ed-fi,uri://ed-fi.org/TribalAffiliationDescriptor,Venetie IRA,Venetie IRA,Native Village of Venetie Tribal Government
tribal_affiliation_descriptors,ed-fi,uri://ed-fi.org/TribalAffiliationDescriptor,Viejas,Viejas,"Capitan Grande Band of Diegueno Mission Indians of California: Viejas (Barona Long) Group of Capitan Grande Band of Mission Indians of the Viejas Reservation, California"
tribal_affiliation_descriptors,ed-fi,uri://ed-fi.org/TribalAffiliationDescriptor,Wainwright,Wainwright,Village of Wainwright
tribal_affiliation_descriptors,ed-fi,uri://ed-fi.org/TribalAffiliationDescriptor,Wales,Wales,Native Village of Wales
tribal_affiliation_descriptors,ed-fi,uri://ed-fi.org/TribalAffiliationDescriptor,Walker River,Walker River,"Walker River Paiute Tribe of the Walker River Reservation, Nevada"
tribal_affiliation_descriptors,ed-fi,uri://ed-fi.org/TribalAffiliationDescriptor,Wampanoag,Wampanoag,Wampanoag Tribe of Gay Head (Aquinnah)
tribal_affiliation_descriptors,ed-fi,uri://ed-fi.org/TribalAffiliationDescriptor,Warms Springs Tribe,Warms Springs Tribe,Confederated Tribes of the Warm Springs Reservation of Oregon
tribal_affiliation_descriptors,ed-fi,uri://ed-fi.org/TribalAffiliationDescriptor,Washoe,Washoe,"Washoe Tribe of Nevada & California (Carson Colony, Dresslerville Colony, Woodfords Community, Stewart Community, & Washoe Ranches)"
tribal_affiliation_descriptors,ed-fi,uri://ed-fi.org/TribalAffiliationDescriptor,White Earth,White Earth,Minnesota Chippewa Tribe - White Earth Band
tribal_affiliation_descriptors,ed-fi,uri://ed-fi.org/TribalAffiliationDescriptor,White Mountain,White Mountain,"White Mountain Apache Tribe of the Fort Apache Reservation, Arizona"
tribal_affiliation_descriptors,ed-fi,uri://ed-fi.org/TribalAffiliationDescriptor,White Mountain AK,White Mountain AK,Native Village of White Mountain
tribal_affiliation_descriptors,ed-fi,uri://ed-fi.org/TribalAffiliationDescriptor,Wichita,Wichita,Wichita and Affiliated Tribes
tribal_affiliation_descriptors,ed-fi,uri://ed-fi.org/TribalAffiliationDescriptor,Wilton,Wilton,Wilton Rancheria
tribal_affiliation_descriptors,ed-fi,uri://ed-fi.org/TribalAffiliationDescriptor,Winnebago,Winnebago,Winnebago Tribe of Nebraska
tribal_affiliation_descriptors,ed-fi,uri://ed-fi.org/TribalAffiliationDescriptor,Winnemucca,Winnemucca,Winnemucca Indian Colony of Nevada
tribal_affiliation_descriptors,ed-fi,uri://ed-fi.org/TribalAffiliationDescriptor,Wiyot,Wiyot,"Wiyot Tribe, California"
tribal_affiliation_descriptors,ed-fi,uri://ed-fi.org/TribalAffiliationDescriptor,Wrangell,Wrangell,Wrangell Cooperative Association
tribal_affiliation_descriptors,ed-fi,uri://ed-fi.org/TribalAffiliationDescriptor,Wyandotte,Wyandotte,Wyandotte Nation
tribal_affiliation_descriptors,ed-fi,uri://ed-fi.org/TribalAffiliationDescriptor,Yakutat,Yakutat,Yakutat Tlingit Tribe
tribal_affiliation_descriptors,ed-fi,uri://ed-fi.org/TribalAffiliationDescriptor,Yankton,Yankton,Yankton Sioux Tribe of South Dakota
tribal_affiliation_descriptors,ed-fi,uri://ed-fi.org/TribalAffiliationDescriptor,Yavapai-Apache,Yavapai-Apache,"Yavapai-Apache Nation of the Camp Verde Indian Reservation, Arizona"
tribal_affiliation_descriptors,ed-fi,uri://ed-fi.org/TribalAffiliationDescriptor,Yavapai-Prescott,Yavapai-Prescott,Yavapai-Prescott Indian Tribe
tribal_affiliation_descriptors,ed-fi,uri://ed-fi.org/TribalAffiliationDescriptor,Yerington,Yerington,"Yerington Paiute Tribe of the Yerington Colony & Campbell Ranch, Nevada"
tribal_affiliation_descriptors,ed-fi,uri://ed-fi.org/TribalAffiliationDescriptor,Yocha Dehe,Yocha Dehe,"Yocha Dehe Wintun Nation, California"
tribal_affiliation_descriptors,ed-fi,uri://ed-fi.org/TribalAffiliationDescriptor,Yomba Shoshone,Yomba Shoshone,"Yomba Shoshone Tribe of the Yomba Reservation, Nevada"
tribal_affiliation_descriptors,ed-fi,uri://ed-fi.org/TribalAffiliationDescriptor,Ysleta Del Sur,Ysleta Del Sur,Ysleta del Sur Pueblo
tribal_affiliation_descriptors,ed-fi,uri://ed-fi.org/TribalAffiliationDescriptor,Yurok,Yurok,"Yurok Tribe of the Yurok Reservation, California"
tribal_affiliation_descriptors,ed-fi,uri://ed-fi.org/TribalAffiliationDescriptor,Zuni,Zuni,Zuni Tribe of the Zuni Reservation
visa_descriptors,ed-fi,uri://ed-fi.org/VisaDescriptor,B1 - Business Visa,B1 - Business Visa,B1 - Business Visa
visa_descriptors,ed-fi,uri://ed-fi.org/VisaDescriptor,B2 - Tourist Visa,B2 - Tourist Visa,B2 - Tourist Visa
visa_descriptors,ed-fi,uri://ed-fi.org/VisaDescriptor,F1 - Foreign Student Visa,F1 - Foreign Student Visa,F1 - Foreign Student Visa
visa_descriptors,ed-fi,uri://ed-fi.org/VisaDescriptor,H1 - Employment Visa,H1 - Employment Visa,H1 - Employment Visa
visa_descriptors,ed-fi,uri://ed-fi.org/VisaDescriptor,J1 - Exchange Scholar Visa,J1 - Exchange Scholar Visa,J1 - Exchange Scholar Visa
visa_descriptors,ed-fi,uri://ed-fi.org/VisaDescriptor,M1 - Foreign Student vocational/non-academic Visa,M1 - Foreign Student pursuing vocational or non-academic studies Visa,M1 - Foreign Student pursuing vocational or non-academic studies Visa
visa_descriptors,ed-fi,uri://ed-fi.org/VisaDescriptor,Other Visa,Other Visa,Other Visa
weapon_descriptors,ed-fi,uri://ed-fi.org/WeaponDescriptor,Club,Club,Club
weapon_descriptors,ed-fi,uri://ed-fi.org/WeaponDescriptor,Handgun,Handgun,Handgun
weapon_descriptors,ed-fi,uri://ed-fi.org/WeaponDescriptor,Knife,Knife,Knife
weapon_descriptors,ed-fi,uri://ed-fi.org/WeaponDescriptor,Other,Other,Other
weapon_descriptors,ed-fi,uri://ed-fi.org/WeaponDescriptor,Other Firearm,Other Firearm,Other Firearm
weapon_descriptors,ed-fi,uri://ed-fi.org/WeaponDescriptor,Other Object,Other Object,Other Object
weapon_descriptors,ed-fi,uri://ed-fi.org/WeaponDescriptor,Other Sharp Objects,Other Sharp Objects,Other Sharp Objects
weapon_descriptors,ed-fi,uri://ed-fi.org/WeaponDescriptor,Rifle/Shotgun,Rifle/Shotgun,Rifle/Shotgun
weapon_descriptors,ed-fi,uri://ed-fi.org/WeaponDescriptor,Substance Used as Weapon,Substance Used as Weapon,Substance Used as Weapon
weapon_descriptors,ed-fi,uri://ed-fi.org/WeaponDescriptor,Unknown,Unknown,Unknown
ancestry_ethnic_origin_descriptors,grandbend,uri://gbisd.edu/AncestryEthnicOriginDescriptor,Colombian,Colombian,Colombian
ancestry_ethnic_origin_descriptors,grandbend,uri://gbisd.edu/AncestryEthnicOriginDescriptor,Ecuadorian,Ecuadorian,Ecuadorian
ancestry_ethnic_origin_descriptors,grandbend,uri://gbisd.edu/AncestryEthnicOriginDescriptor,Guatemalan,Guatemalan,Guatemalan
ancestry_ethnic_origin_descriptors,grandbend,uri://gbisd.edu/AncestryEthnicOriginDescriptor,Mexican,Mexican,Mexican
ancestry_ethnic_origin_descriptors,grandbend,uri://gbisd.edu/AncestryEthnicOriginDescriptor,Other Hispanic/Latino,Other Hispanic/Latino,Other Hispanic/Latino
ancestry_ethnic_origin_descriptors,grandbend,uri://gbisd.edu/AncestryEthnicOriginDescriptor,Puerto Rican,Puerto Rican,Puerto Rican
ancestry_ethnic_origin_descriptors,grandbend,uri://gbisd.edu/AncestryEthnicOriginDescriptor,Salvadoran,Salvadoran,Salvadoran
ancestry_ethnic_origin_descriptors,grandbend,uri://gbisd.edu/AncestryEthnicOriginDescriptor,Spaniard/Spanish/Spanish-American,Spaniard/Spanish/Spanish-American,Spaniard/Spanish/Spanish-American
ancestry_ethnic_origin_descriptors,grandbend,uri://gbisd.edu/AncestryEthnicOriginDescriptor,Unknown,Unknown,Unknown
credit_category_descriptors,grandbend,uri://gbisd.edu/CreditCategoryDescriptor,Advanced Placement,Advanced Placement,Advanced Placement
credit_category_descriptors,grandbend,uri://gbisd.edu/CreditCategoryDescriptor,Dual Credit,Dual Credit,Dual Credit
credit_category_descriptors,grandbend,uri://gbisd.edu/CreditCategoryDescriptor,Honors,Honors,Honors
credit_category_descriptors,grandbend,uri://gbisd.edu/CreditCategoryDescriptor,International Baccalaureate,International Baccalaureate,International Baccalaureate
indicator_descriptors,grandbend,uri://gbisd.edu/IndicatorDescriptor,Retention Rate,Percent of staff retained,The percent of staff retained for the education organization
indicator_group_descriptors,grandbend,uri://gbisd.edu/IndicatorGroupDescriptor,Staff Indicator,Staff Indicator,Indicators related to organization staffing.
indicator_level_descriptors,grandbend,uri://gbisd.edu/IndicatorLevelDescriptor,High Retention,High Retention,Staff retention from previous school year is between 90-100 percent of staff retained.
indicator_level_descriptors,grandbend,uri://gbisd.edu/IndicatorLevelDescriptor,Low Retention,Low Retention,Staff retention from previous school year is under 80 percent of staff retained.
indicator_level_descriptors,grandbend,uri://gbisd.edu/IndicatorLevelDescriptor,Medium Retention,Medium Retention,Staff retention from previous school year is between 80-90 percent of staff retained.
program_characteristic_descriptors,grandbend,uri://gbisd.edu/ProgramCharacteristicDescriptor,After School,After School,After School
academic_subject_descriptors,Assessment,uri://illuminateed.com/AcademicSubjectDescriptor,English Language Arts,English Language Arts,English Language Arts
academic_subject_descriptors,Assessment,uri://illuminateed.com/AcademicSubjectDescriptor,Mathematics,Mathematics,Mathematics
academic_subject_descriptors,Assessment,uri://illuminateed.com/AcademicSubjectDescriptor,Science,Science,Science
performance_level_descriptors,Assessment,uri://illuminateed.com/PerformanceLevelDescriptor,Approaching Expectations,Approaching Expectations,Approaching Expectations
performance_level_descriptors,Assessment,uri://illuminateed.com/PerformanceLevelDescriptor,Below Expectations,Below Expectations,Below Expectations
performance_level_descriptors,Assessment,uri://illuminateed.com/PerformanceLevelDescriptor,Exceeds Expectations,Exceeds Expectations,Exceeds Expectations
performance_level_descriptors,Assessment,uri://illuminateed.com/PerformanceLevelDescriptor,Far Below Expectations,Far Below Expectations,Far Below Expectations
performance_level_descriptors,Assessment,uri://illuminateed.com/PerformanceLevelDescriptor,Meets Expectations,Meets Expectations,Meets Expectations
performance_level_descriptors,Assessment,uri://illuminateed.com/PerformanceLevelDescriptor,Needs Minimal Support,Needs Minimal Support,Needs Minimal Support
performance_level_descriptors,Assessment,uri://illuminateed.com/PerformanceLevelDescriptor,Needs Moderate Support,Needs Moderate Support,Needs Moderate Support
performance_level_descriptors,Assessment,uri://illuminateed.com/PerformanceLevelDescriptor,Needs Significant Support,Needs Significant Support,Needs Significant Support
academic_subject_descriptors,bps,uri://mybps.org/AcademicSubjectDescriptor,Admin,Admin,Admin
academic_subject_descriptors,bps,uri://mybps.org/AcademicSubjectDescriptor,Arts: Visual Arts,Arts: Visual Arts,Arts: Visual Arts
academic_subject_descriptors,bps,uri://mybps.org/AcademicSubjectDescriptor,Biology,Biology,Biology
academic_subject_descriptors,bps,uri://mybps.org/AcademicSubjectDescriptor,Business,Business,Business
academic_subject_descriptors,bps,uri://mybps.org/AcademicSubjectDescriptor,Chemistry,Chemistry,Chemistry
academic_subject_descriptors,bps,uri://mybps.org/AcademicSubjectDescriptor,Student Support,Student Support,Student Support
academic_subject_descriptors,bps,uri://mybps.org/AcademicSubjectDescriptor,Technology,Technology,Technology
academic_subject_descriptors,bps,uri://mybps.org/AcademicSubjectDescriptor,Technology/Engineering,Technology/Engineering,Technology/Engineering
aggregated_race_descriptors,bps,uri://mybps.org/AggregatedRaceDescriptor,American Indian - Alaska Native,American Indian - Alaska Native,American Indian - Alaska Native
aggregated_race_descriptors,bps,uri://mybps.org/AggregatedRaceDescriptor,Asian,Asian,Asian
aggregated_race_descriptors,bps,uri://mybps.org/AggregatedRaceDescriptor,Black - African American,Black - African American,Black - African American
aggregated_race_descriptors,bps,uri://mybps.org/AggregatedRaceDescriptor,Choose Not to Respond,Choose Not to Respond,Choose Not to Respond
aggregated_race_descriptors,bps,uri://mybps.org/AggregatedRaceDescriptor,Hispanic,Hispanic,Hispanic
aggregated_race_descriptors,bps,uri://mybps.org/AggregatedRaceDescriptor,Native Hawaiian - Pacific Islander,Native Hawaiian - Pacific Islander,Native Hawaiian - Pacific Islander
aggregated_race_descriptors,bps,uri://mybps.org/AggregatedRaceDescriptor,No data,No data has been provided,No data has been provided
aggregated_race_descriptors,bps,uri://mybps.org/AggregatedRaceDescriptor,Other,Other,Other
aggregated_race_descriptors,bps,uri://mybps.org/AggregatedRaceDescriptor,White,White,White
attendance_event_category_descriptors,bps,uri://mybps.org/AttendanceEventCategoryDescriptor,Excused Tardy,Excused Tardy,Excused Tardy
attendance_event_category_descriptors,bps,uri://mybps.org/AttendanceEventCategoryDescriptor,In school suspension,In school suspension,In school suspension
attendance_event_category_descriptors,bps,uri://mybps.org/AttendanceEventCategoryDescriptor,In-Person Absent,In-Person Absent,In-Person Absent
attendance_event_category_descriptors,bps,uri://mybps.org/AttendanceEventCategoryDescriptor,In-Person Present,In-Person Present,In-Person Present
attendance_event_category_descriptors,bps,uri://mybps.org/AttendanceEventCategoryDescriptor,In-Person Tardy,In-Person Tardy,In-Person Tardy
attendance_event_category_descriptors,bps,uri://mybps.org/AttendanceEventCategoryDescriptor,No Contact,No Contact,No Contact
attendance_event_category_descriptors,bps,uri://mybps.org/AttendanceEventCategoryDescriptor,Out of school suspension,Out of school suspension,Out of school suspension
attendance_event_category_descriptors,bps,uri://mybps.org/AttendanceEventCategoryDescriptor,Remote Absent,Remote Absent,Remote Absent
attendance_event_category_descriptors,bps,uri://mybps.org/AttendanceEventCategoryDescriptor,Remote Present,Remote Present,Remote Present
attendance_event_category_descriptors,bps,uri://mybps.org/AttendanceEventCategoryDescriptor,Remote Tardy,Remote Tardy,Remote Tardy
behavior_descriptors,bps,uri://mybps.org/BehaviorDescriptor,"Alcohol, liquor law violation (Possess, Use, Sale)","Alcohol, liquor law violation (Possess, Use, Sale)","Alcohol, liquor law violation (Possess, Use, Sale)"
behavior_descriptors,bps,uri://mybps.org/BehaviorDescriptor,Arson or Attempted Arson,Arson or Attempted Arson,Arson or Attempted Arson
behavior_descriptors,bps,uri://mybps.org/BehaviorDescriptor,Attendance Policy Violation,Attendance Policy Violation,Attendance Policy Violation
behavior_descriptors,bps,uri://mybps.org/BehaviorDescriptor,Battery (Physical Attack/Harm),Battery (Physical Attack/Harm),Battery (Physical Attack/Harm)
behavior_descriptors,bps,uri://mybps.org/BehaviorDescriptor,Disorderly Conduct (Disruptive Behavior),Disorderly Conduct (Disruptive Behavior),Disorderly Conduct (Disruptive Behavior)
behavior_descriptors,bps,uri://mybps.org/BehaviorDescriptor,"Drugs (Illegal Possess, Sale, Use/Under Influence)","Drugs (Illegal Possess, Sale, Use/Under Influence)","Drugs (Illegal Possess, Sale, Use/Under Influence)"
behavior_descriptors,bps,uri://mybps.org/BehaviorDescriptor,Felony Conviction Outside of School,Felony Conviction Outside of School,Felony Conviction Outside of School
behavior_descriptors,bps,uri://mybps.org/BehaviorDescriptor,Felony complaint (charge) outside of school,Felony complaint (charge) outside of school,Felony complaint (charge) outside of school
behavior_descriptors,bps,uri://mybps.org/BehaviorDescriptor,Fighting (Mutual Altercation),Fighting (Mutual Altercation),Fighting (Mutual Altercation)
behavior_descriptors,bps,uri://mybps.org/BehaviorDescriptor,"Harassment, Nonsexual (Phys, Verbal, Psych)","Harassment, Nonsexual (Phys, Verbal, Psych)","Harassment, Nonsexual (Phys, Verbal, Psych)"
behavior_descriptors,bps,uri://mybps.org/BehaviorDescriptor,"Harassment, Sexual (Unwelcome Sexual Contact)","Harassment, Sexual (Unwelcome Sexual Contact)","Harassment, Sexual (Unwelcome Sexual Contact)"
behavior_descriptors,bps,uri://mybps.org/BehaviorDescriptor,Homicide (Murder or Manslaughter),Homicide (Murder or Manslaughter),Homicide (Murder or Manslaughter)
behavior_descriptors,bps,uri://mybps.org/BehaviorDescriptor,"Inappropriate Medication Use (Prescription, OTC)","Inappropriate Medication Use (Prescription, OTC)","Inappropriate Medication Use (Prescription, OTC)"
behavior_descriptors,bps,uri://mybps.org/BehaviorDescriptor,Insubordination (Disobedience),Insubordination (Disobedience),Insubordination (Disobedience)
behavior_descriptors,bps,uri://mybps.org/BehaviorDescriptor,Kidnapping (Abduction),Kidnapping (Abduction),Kidnapping (Abduction)
behavior_descriptors,bps,uri://mybps.org/BehaviorDescriptor,Obscene Behavior,Obscene Behavior,Obscene Behavior
behavior_descriptors,bps,uri://mybps.org/BehaviorDescriptor,"Physical Altercation, Minor (Pushing, Shoving)","Physical Altercation, Minor (Pushing, Shoving)","Physical Altercation, Minor (Pushing, Shoving)"
behavior_descriptors,bps,uri://mybps.org/BehaviorDescriptor,Robbery (Taking of Things by Force),Robbery (Taking of Things by Force),Robbery (Taking of Things by Force)
behavior_descriptors,bps,uri://mybps.org/BehaviorDescriptor,School Threat (Threat of Destruction or Harm),School Threat (Threat of Destruction or Harm),School Threat (Threat of Destruction or Harm)
behavior_descriptors,bps,uri://mybps.org/BehaviorDescriptor,Sexual Battery (Sexual Assault),Sexual Battery (Sexual Assault),Sexual Battery (Sexual Assault)
behavior_descriptors,bps,uri://mybps.org/BehaviorDescriptor,"Sexual Offenses, Other (Lewdness/Indecent Expose)","Sexual Offenses, Other (Lewdness/Indecent Expose)","Sexual Offenses, Other (Lewdness/Indecent Expose)"
behavior_descriptors,bps,uri://mybps.org/BehaviorDescriptor,Suicide,Suicide,Suicide
behavior_descriptors,bps,uri://mybps.org/BehaviorDescriptor,Threat/Intimidation (Causing Fear of Harm),Threat/Intimidation (Causing Fear of Harm),Threat/Intimidation (Causing Fear of Harm)
behavior_descriptors,bps,uri://mybps.org/BehaviorDescriptor,Tobacco (Possession or Use),Tobacco (Possession or Use),Tobacco (Possession or Use)
behavior_descriptors,bps,uri://mybps.org/BehaviorDescriptor,Trespassing (Unlawful or Unauthorized Presence),Trespassing (Unlawful or Unauthorized Presence),Trespassing (Unlawful or Unauthorized Presence)
behavior_descriptors,bps,uri://mybps.org/BehaviorDescriptor,Vandalism (Damage to School or Personal Property),Vandalism (Damage to School or Personal Property),Vandalism (Damage to School or Personal Property)
behavior_descriptors,bps,uri://mybps.org/BehaviorDescriptor,Violation of School Rules (Disobey School Policy),Violation of School Rules (Disobey School Policy),Violation of School Rules (Disobey School Policy)
behavior_descriptors,bps,uri://mybps.org/BehaviorDescriptor,Weapons Possession (Firearms and Other Weapons),Weapons Possession (Firearms and Other Weapons),Weapons Possession (Firearms and Other Weapons)
classroom_position_descriptors,bps,uri://mybps.org/ClassroomPositionDescriptor,Co-Teacher,Co-Teacher,Team teacher with shared responsibility for student learning within the section.
classroom_position_descriptors,bps,uri://mybps.org/ClassroomPositionDescriptor,Contributing Professional,Contributing Professional,Contributing professional who has been assigned the responsibility to provide additional services
classroom_position_descriptors,bps,uri://mybps.org/ClassroomPositionDescriptor,ESL Instructor,ESL Instructor,ESL Instructor
classroom_position_descriptors,bps,uri://mybps.org/ClassroomPositionDescriptor,Inclusion,Inclusion,Contributing professional who has been assigned the responsibility to provide additional services
classroom_position_descriptors,bps,uri://mybps.org/ClassroomPositionDescriptor,Paraprofessional,Paraprofessional,Paraprofessional
cohort_year_type_descriptors,bps,uri://mybps.org/CohortYearTypeDescriptor,DESE Graduation Cohort,DESE Graduation Cohort,DESE Graduation Cohort
course_level_characteristic_descriptors,bps,uri://mybps.org/CourseLevelCharacteristicDescriptor,Ch74 SA,Ch74 SA,Ch74 SA
course_level_characteristic_descriptors,bps,uri://mybps.org/CourseLevelCharacteristicDescriptor,Functional,Functional,Functional
course_level_characteristic_descriptors,bps,uri://mybps.org/CourseLevelCharacteristicDescriptor,IB DP,IB DP,IB DP
course_level_characteristic_descriptors,bps,uri://mybps.org/CourseLevelCharacteristicDescriptor,IB MYP,IB MYP,IB MYP
disability_descriptors,bps,uri://mybps.org/DisabilityDescriptor,Developmental Delay (ages 3â€“9 only),Developmental Delay (ages 3â€“9 only),Developmental Delay (ages 3â€“9 only)
discipline_descriptors,bps,uri://mybps.org/DisciplineDescriptor,Bus suspension,Bus suspension,Bus suspension
discipline_descriptors,bps,uri://mybps.org/DisciplineDescriptor,Change of placement,Change of placement,Change of placement
discipline_descriptors,bps,uri://mybps.org/DisciplineDescriptor,Conference,Conference,Conference
discipline_descriptors,bps,uri://mybps.org/DisciplineDescriptor,Confiscation of contraband,Confiscation of contraband,Confiscation of contraband
discipline_descriptors,bps,uri://mybps.org/DisciplineDescriptor,Conflict resolution/anger management svcs mandated,Conflict resolution/anger management svcs mandated,Conflict resolution/anger management svcs mandated
discipline_descriptors,bps,uri://mybps.org/DisciplineDescriptor,Corporal punishment,Corporal punishment,Corporal punishment
discipline_descriptors,bps,uri://mybps.org/DisciplineDescriptor,Counseling mandated,Counseling mandated,Counseling mandated
discipline_descriptors,bps,uri://mybps.org/DisciplineDescriptor,Demerit,Demerit,Demerit
discipline_descriptors,bps,uri://mybps.org/DisciplineDescriptor,Detention,Detention,Detention
discipline_descriptors,bps,uri://mybps.org/DisciplineDescriptor,Emergency Removal,Emergency Removal,Emergency Removal
discipline_descriptors,bps,uri://mybps.org/DisciplineDescriptor,In-School Suspension,In-School Suspension,In-School Suspension
discipline_descriptors,bps,uri://mybps.org/DisciplineDescriptor,Juvenile justice referral,Juvenile justice referral,Juvenile justice referral
discipline_descriptors,bps,uri://mybps.org/DisciplineDescriptor,Law enforcement referral,Law enforcement referral,Law enforcement referral
discipline_descriptors,bps,uri://mybps.org/DisciplineDescriptor,Letter of apology,Letter of apology,Letter of apology
discipline_descriptors,bps,uri://mybps.org/DisciplineDescriptor,Loss of privileges,Loss of privileges,Loss of privileges
discipline_descriptors,bps,uri://mybps.org/DisciplineDescriptor,None,None,None
discipline_descriptors,bps,uri://mybps.org/DisciplineDescriptor,Phone call,Phone call,Phone call
discipline_descriptors,bps,uri://mybps.org/DisciplineDescriptor,Physical activity,Physical activity,Physical activity
discipline_descriptors,bps,uri://mybps.org/DisciplineDescriptor,Removal by a hearing officer,Removal by a hearing officer,Removal by a hearing officer
discipline_descriptors,bps,uri://mybps.org/DisciplineDescriptor,Reprimand,Reprimand,Reprimand
discipline_descriptors,bps,uri://mybps.org/DisciplineDescriptor,Restitution,Restitution,Restitution
discipline_descriptors,bps,uri://mybps.org/DisciplineDescriptor,Saturday school,Saturday school,Saturday school
discipline_descriptors,bps,uri://mybps.org/DisciplineDescriptor,School probation,School probation,School probation
discipline_descriptors,bps,uri://mybps.org/DisciplineDescriptor,Substance abuse counseling mandated,Substance abuse counseling mandated,Substance abuse counseling mandated
discipline_descriptors,bps,uri://mybps.org/DisciplineDescriptor,Substance abuse treatment mandated,Substance abuse treatment mandated,Substance abuse treatment mandated
discipline_descriptors,bps,uri://mybps.org/DisciplineDescriptor,Ticket/Citation,Ticket/Citation,Ticket/Citation
discipline_descriptors,bps,uri://mybps.org/DisciplineDescriptor,Unilateral removal,Unilateral removal,Unilateral removal
discipline_descriptors,bps,uri://mybps.org/DisciplineDescriptor,Unknown,Unknown,Unknown
discipline_descriptors,bps,uri://mybps.org/DisciplineDescriptor,Unsatisfactory behavior grade,Unsatisfactory behavior grade,Unsatisfactory behavior grade
discipline_descriptors,bps,uri://mybps.org/DisciplineDescriptor,Work detail,Work detail,Work detail
education_organization_identification_system_descriptors,bps,uri://mybps.org/EducationOrganizationIdentificationSystemDescriptor,DESE District,DESE District,DESE District
electronic_mail_type_descriptors,bps,uri://mybps.org/ElectronicMailTypeDescriptor,Alternate,Alternate,Alternate
electronic_mail_type_descriptors,bps,uri://mybps.org/ElectronicMailTypeDescriptor,Primary,Primary,Primary
employment_status_descriptors,bps,uri://mybps.org/EmploymentStatusDescriptor,1,Students,Students
employment_status_descriptors,bps,uri://mybps.org/EmploymentStatusDescriptor,2,Temporary Clerical Employee,Temporary Clerical Employee
employment_status_descriptors,bps,uri://mybps.org/EmploymentStatusDescriptor,3,Substitute,Substitute
employment_status_descriptors,bps,uri://mybps.org/EmploymentStatusDescriptor,4,Permanent Academic,Permanent Academic
employment_status_descriptors,bps,uri://mybps.org/EmploymentStatusDescriptor,6,Temp Out of Grade,Temp Out of Grade
employment_status_descriptors,bps,uri://mybps.org/EmploymentStatusDescriptor,7,Retiree,Retiree
employment_status_descriptors,bps,uri://mybps.org/EmploymentStatusDescriptor,8,Seasonal Employees,Seasonal Employees
employment_status_descriptors,bps,uri://mybps.org/EmploymentStatusDescriptor,9,Workers Comp,Workers Comp
employment_status_descriptors,bps,uri://mybps.org/EmploymentStatusDescriptor,B,Acting,Acting
employment_status_descriptors,bps,uri://mybps.org/EmploymentStatusDescriptor,D,Elected,Elected
employment_status_descriptors,bps,uri://mybps.org/EmploymentStatusDescriptor,F,Emergency,Emergency
employment_status_descriptors,bps,uri://mybps.org/EmploymentStatusDescriptor,G,Unlicensed Provisional,Unlicensed Provisional
employment_status_descriptors,bps,uri://mybps.org/EmploymentStatusDescriptor,H,Handicapped Dependent,Handicapped Dependent
employment_status_descriptors,bps,uri://mybps.org/EmploymentStatusDescriptor,J,Appointive,Appointive
employment_status_descriptors,bps,uri://mybps.org/EmploymentStatusDescriptor,K,Appointive Permanent,Appointive Permanent
employment_status_descriptors,bps,uri://mybps.org/EmploymentStatusDescriptor,L,Civil Service Permanent,Civil Service Permanent
employment_status_descriptors,bps,uri://mybps.org/EmploymentStatusDescriptor,M,Civil Service Provisional,Civil Service Provisional
employment_status_descriptors,bps,uri://mybps.org/EmploymentStatusDescriptor,N,Civil Service Prov Promotion,Civil Service Prov Promotion
employment_status_descriptors,bps,uri://mybps.org/EmploymentStatusDescriptor,O,Outside Agencies,Outside Agencies
employment_status_descriptors,bps,uri://mybps.org/EmploymentStatusDescriptor,P,Permanent,Permanent
employment_status_descriptors,bps,uri://mybps.org/EmploymentStatusDescriptor,Q,Temporary,Temporary
employment_status_descriptors,bps,uri://mybps.org/EmploymentStatusDescriptor,R,Retired,Retired
employment_status_descriptors,bps,uri://mybps.org/EmploymentStatusDescriptor,S,Surviving Spouse,Surviving Spouse
employment_status_descriptors,bps,uri://mybps.org/EmploymentStatusDescriptor,T,0 Year Provisional,0 Year Provisional
employment_status_descriptors,bps,uri://mybps.org/EmploymentStatusDescriptor,U,1st Year Provisional,1st Year Provisional
employment_status_descriptors,bps,uri://mybps.org/EmploymentStatusDescriptor,V,2nd Year Provisional,2nd Year Provisional
employment_status_descriptors,bps,uri://mybps.org/EmploymentStatusDescriptor,W,3rd Year Provisional,3rd Year Provisional
employment_status_descriptors,bps,uri://mybps.org/EmploymentStatusDescriptor,X,4th Year Provisional,4th Year Provisional
employment_status_descriptors,bps,uri://mybps.org/EmploymentStatusDescriptor,Y,Retiree Spouse,Retiree Spouse
employment_status_descriptors,bps,uri://mybps.org/EmploymentStatusDescriptor,Z,Ex-Spouse,Ex-Spouse
entry_type_descriptors,bps,uri://mybps.org/EntryTypeDescriptor,Batch Assignment process school change,Batch Assignment process school change,Batch Assignment process school change
entry_type_descriptors,bps,uri://mybps.org/EntryTypeDescriptor,"Batch Assignment, staying at same school","Batch Assignment, staying at same school","Batch Assignment, staying at same school"
entry_type_descriptors,bps,uri://mybps.org/EntryTypeDescriptor,Boston Parochial,Boston Parochial,Boston Parochial
entry_type_descriptors,bps,uri://mybps.org/EntryTypeDescriptor,Boston Private (Non-Parochial),Boston Private (Non-Parochial),Boston Private (Non-Parochial)
entry_type_descriptors,bps,uri://mybps.org/EntryTypeDescriptor,Charter School,Charter School,Charter School
entry_type_descriptors,bps,uri://mybps.org/EntryTypeDescriptor,Home,Home,Home
entry_type_descriptors,bps,uri://mybps.org/EntryTypeDescriptor,Home Schooled,Home Schooled,Home Schooled
entry_type_descriptors,bps,uri://mybps.org/EntryTypeDescriptor,"Mass. Parochial, Boston Resident","Mass. Parochial, Boston Resident","Mass. Parochial, Boston Resident"
entry_type_descriptors,bps,uri://mybps.org/EntryTypeDescriptor,"Mass. Parochial, Non-Boston Resident","Mass. Parochial, Non-Boston Resident","Mass. Parochial, Non-Boston Resident"
entry_type_descriptors,bps,uri://mybps.org/EntryTypeDescriptor,"Mass. Private (Non-Parochial), Boston Resident","Mass. Private (Non-Parochial), Boston Resident","Mass. Private (Non-Parochial), Boston Resident"
entry_type_descriptors,bps,uri://mybps.org/EntryTypeDescriptor,"Mass. Private (Non-Parochial), Non-Boston Resident","Mass. Private (Non-Parochial), Non-Boston Resident","Mass. Private (Non-Parochial), Non-Boston Resident"
entry_type_descriptors,bps,uri://mybps.org/EntryTypeDescriptor,"Mass. Public, Boston Resident","Mass. Public, Boston Resident","Mass. Public, Boston Resident"
entry_type_descriptors,bps,uri://mybps.org/EntryTypeDescriptor,"Mass. Public, Non-Boston Resident","Mass. Public, Non-Boston Resident","Mass. Public, Non-Boston Resident"
entry_type_descriptors,bps,uri://mybps.org/EntryTypeDescriptor,Out of Country,Out of Country,Out of Country
entry_type_descriptors,bps,uri://mybps.org/EntryTypeDescriptor,Out of State,Out of State,Out of State
entry_type_descriptors,bps,uri://mybps.org/EntryTypeDescriptor,Readmit (Old Code),Readmit (Old Code),Readmit (Old Code)
entry_type_descriptors,bps,uri://mybps.org/EntryTypeDescriptor,Readmit/Alternative Education Setting,Readmit/Alternative Education Setting,Readmit/Alternative Education Setting
entry_type_descriptors,bps,uri://mybps.org/EntryTypeDescriptor,Readmit/Behavior,Readmit/Behavior,Readmit/Behavior
entry_type_descriptors,bps,uri://mybps.org/EntryTypeDescriptor,Readmit/Dropout,Readmit/Dropout,Readmit/Dropout
entry_type_descriptors,bps,uri://mybps.org/EntryTypeDescriptor,Readmit/Expulsion,Readmit/Expulsion,Readmit/Expulsion
entry_type_descriptors,bps,uri://mybps.org/EntryTypeDescriptor,Readmit/Safety,Readmit/Safety,Readmit/Safety
entry_type_descriptors,bps,uri://mybps.org/EntryTypeDescriptor,Transfer: Behavior,Transfer: Behavior,Transfer: Behavior
entry_type_descriptors,bps,uri://mybps.org/EntryTypeDescriptor,Transfer: Bilingual,Transfer: Bilingual,Transfer: Bilingual
entry_type_descriptors,bps,uri://mybps.org/EntryTypeDescriptor,Transfer: Change of Address,Transfer: Change of Address,Transfer: Change of Address
entry_type_descriptors,bps,uri://mybps.org/EntryTypeDescriptor,Transfer: Error,Transfer: Error,Transfer: Error
entry_type_descriptors,bps,uri://mybps.org/EntryTypeDescriptor,Transfer: From Waiting List,Transfer: From Waiting List,Transfer: From Waiting List
entry_type_descriptors,bps,uri://mybps.org/EntryTypeDescriptor,Transfer: Medical,Transfer: Medical,Transfer: Medical
entry_type_descriptors,bps,uri://mybps.org/EntryTypeDescriptor,Transfer: Programmatic,Transfer: Programmatic,Transfer: Programmatic
entry_type_descriptors,bps,uri://mybps.org/EntryTypeDescriptor,Transfer: Safety,Transfer: Safety,Transfer: Safety
entry_type_descriptors,bps,uri://mybps.org/EntryTypeDescriptor,Transfer: Sibling,Transfer: Sibling,Transfer: Sibling
entry_type_descriptors,bps,uri://mybps.org/EntryTypeDescriptor,Transfer: Special Needs,Transfer: Special Needs,Transfer: Special Needs
exit_withdraw_type_descriptors,bps,uri://mybps.org/ExitWithdrawTypeDescriptor,Batch Assignment process school change,Batch Assignment process school change,Batch Assignment process school change
exit_withdraw_type_descriptors,bps,uri://mybps.org/ExitWithdrawTypeDescriptor,Boston parochial,Boston parochial,Tranfer to Boston parochial school
exit_withdraw_type_descriptors,bps,uri://mybps.org/ExitWithdrawTypeDescriptor,Boston private (non-parochial),Boston private (non-parochial),Transfer to non-parochial private school in Boston
exit_withdraw_type_descriptors,bps,uri://mybps.org/ExitWithdrawTypeDescriptor,Certificate of Attainment,Certificate of Attainment,Certificate of Attainment
exit_withdraw_type_descriptors,bps,uri://mybps.org/ExitWithdrawTypeDescriptor,DNR More Than 8 Days,DNR More Than 8 Days,DNR More Than 8 Days
exit_withdraw_type_descriptors,bps,uri://mybps.org/ExitWithdrawTypeDescriptor,Discharged due to Student ID error,Discharged due to Student ID error,Discharged due to Student ID error
exit_withdraw_type_descriptors,bps,uri://mybps.org/ExitWithdrawTypeDescriptor,Discharged to Charter school,Discharged to Charter school,Discharged to Charter school
exit_withdraw_type_descriptors,bps,uri://mybps.org/ExitWithdrawTypeDescriptor,Discharged to Virtual School - Mass Private,"Discharged to Virtual School, Massachusetts private","Discharged to Virtual School, Massachusetts private"
exit_withdraw_type_descriptors,bps,uri://mybps.org/ExitWithdrawTypeDescriptor,Discharged to Virtual School - Mass Public,"Discharged to Virtual school, Massachusetts public","Discharged to Virtual school, Massachusetts public"
exit_withdraw_type_descriptors,bps,uri://mybps.org/ExitWithdrawTypeDescriptor,Discharged to Virtual School - Out of State,"Discharged to Virtual School, out of state","Discharged to Virtual School, out of state"
exit_withdraw_type_descriptors,bps,uri://mybps.org/ExitWithdrawTypeDescriptor,Expelled from other school system,Expelled from other school system,Expelled from other school system
exit_withdraw_type_descriptors,bps,uri://mybps.org/ExitWithdrawTypeDescriptor,GED,GED,Receive GED
exit_withdraw_type_descriptors,bps,uri://mybps.org/ExitWithdrawTypeDescriptor,Grade 12: Met local requirements/Did not pass MCAS,Grade 12: Met local requirements/Did not pass MCAS,Grade 12: Met local requirements/Did not pass MCAS
exit_withdraw_type_descriptors,bps,uri://mybps.org/ExitWithdrawTypeDescriptor,Home schooled,Home schooled,Being home schooled
exit_withdraw_type_descriptors,bps,uri://mybps.org/ExitWithdrawTypeDescriptor,"Home, kindergarten age","Home, kindergarten age",Withdrawn to home instead of kindergarten
exit_withdraw_type_descriptors,bps,uri://mybps.org/ExitWithdrawTypeDescriptor,Illness,Withdrawal due to illness,Withdrawal due to illness
exit_withdraw_type_descriptors,bps,uri://mybps.org/ExitWithdrawTypeDescriptor,Job Corps,Job Corps,Job Corps
exit_withdraw_type_descriptors,bps,uri://mybps.org/ExitWithdrawTypeDescriptor,"Married, Pregnant or Parenting","Married, Pregnant or Parenting","Married, Pregnant or Parenting"
exit_withdraw_type_descriptors,bps,uri://mybps.org/ExitWithdrawTypeDescriptor,"Mass. Parochial, Boston Resident","Massachusetts parochial, Boston resident",Transfer to Massachusetts parochial school as a Boston resident
exit_withdraw_type_descriptors,bps,uri://mybps.org/ExitWithdrawTypeDescriptor,"Mass. Parochial, Non-Boston Resident","Massachusetts parochial, non-Boston resident",Transfer to Massachusetts parochial school as a non-Boston resident
exit_withdraw_type_descriptors,bps,uri://mybps.org/ExitWithdrawTypeDescriptor,"Mass. Private (Non-Parochial), Boston Resident","Massachusetts private (non-parochial), Boston resident",Transfer to Massachusetts non-parochial private school as Boston resident
exit_withdraw_type_descriptors,bps,uri://mybps.org/ExitWithdrawTypeDescriptor,"Mass. Private (Non-Parochial), Non-Boston Resident","Massachusetts private (non-parochial), non-Boston resident",Transfer to Massachusetts non-parochial private school as non-Boston resident
exit_withdraw_type_descriptors,bps,uri://mybps.org/ExitWithdrawTypeDescriptor,"Mass. Public, Boston Resident","Massachusetts public, Boston resident",Transfer to Massachusetts public school as Boston resident
exit_withdraw_type_descriptors,bps,uri://mybps.org/ExitWithdrawTypeDescriptor,"Mass. Public, Non-Boston Resident","Massachusetts public, non-Boston resident",Transfer to Massachusetts public school as a non-Boston resident
exit_withdraw_type_descriptors,bps,uri://mybps.org/ExitWithdrawTypeDescriptor,Military service,Military service,Military service
exit_withdraw_type_descriptors,bps,uri://mybps.org/ExitWithdrawTypeDescriptor,Multiple expulsions,Multiple expulsions,Expelled: Multiple expulsions
exit_withdraw_type_descriptors,bps,uri://mybps.org/ExitWithdrawTypeDescriptor,No longer SPED services only,No longer SPED services only,No longer receiving special ed services only
exit_withdraw_type_descriptors,bps,uri://mybps.org/ExitWithdrawTypeDescriptor,Non-Diploma Educational Program (non GED),Non-Diploma Educational Program (non GED),Non-Diploma Educational Program (non GED)
exit_withdraw_type_descriptors,bps,uri://mybps.org/ExitWithdrawTypeDescriptor,Out of country,Out of country,Out of country
exit_withdraw_type_descriptors,bps,uri://mybps.org/ExitWithdrawTypeDescriptor,Out of state,Out of state,Transfer out of state
exit_withdraw_type_descriptors,bps,uri://mybps.org/ExitWithdrawTypeDescriptor,Over 16/No plans known,"Over 16 withdrawal, no plans known","Over 16 withdrawal, no plans known"
exit_withdraw_type_descriptors,bps,uri://mybps.org/ExitWithdrawTypeDescriptor,Registered - Did Not Report,Registered - Did Not Report,Registered - Did Not Report
exit_withdraw_type_descriptors,bps,uri://mybps.org/ExitWithdrawTypeDescriptor,Residency Violation,Residency violation,Residency violation
exit_withdraw_type_descriptors,bps,uri://mybps.org/ExitWithdrawTypeDescriptor,Transfer: Behavior,Transfer: Behavior,Transfer: Behavior
exit_withdraw_type_descriptors,bps,uri://mybps.org/ExitWithdrawTypeDescriptor,Transfer: Bilingual,Transfer: Bilingual,Transfer: Bilingual
exit_withdraw_type_descriptors,bps,uri://mybps.org/ExitWithdrawTypeDescriptor,Transfer: Change of Address,Transfer: Change of Address,Transfer: Change of Address
exit_withdraw_type_descriptors,bps,uri://mybps.org/ExitWithdrawTypeDescriptor,Transfer: Error,Transfer: Error,Transfer: Error
exit_withdraw_type_descriptors,bps,uri://mybps.org/ExitWithdrawTypeDescriptor,Transfer: From Waiting List,Transfer: From Waiting List,Transfer: From Waiting List
exit_withdraw_type_descriptors,bps,uri://mybps.org/ExitWithdrawTypeDescriptor,Transfer: Medical,Transfer: Medical,Transfer: Medical
exit_withdraw_type_descriptors,bps,uri://mybps.org/ExitWithdrawTypeDescriptor,Transfer: Programmatic,Transfer: Programmatic,Transfer: Programmatic
exit_withdraw_type_descriptors,bps,uri://mybps.org/ExitWithdrawTypeDescriptor,Transfer: Safety,Transfer: Safety,Transfer: Safety
exit_withdraw_type_descriptors,bps,uri://mybps.org/ExitWithdrawTypeDescriptor,Transfer: Sibling,Transfer: Sibling,Transfer: Sibling
exit_withdraw_type_descriptors,bps,uri://mybps.org/ExitWithdrawTypeDescriptor,Transfer: Special Needs,Transfer: Special Needs,Transfer: Special Needs
exit_withdraw_type_descriptors,bps,uri://mybps.org/ExitWithdrawTypeDescriptor,Work,Work,Work
grade_level_descriptors,bps,uri://mybps.org/GradeLevelDescriptor,All grade levels,All grade levels,All grade levels
grade_level_descriptors,bps,uri://mybps.org/GradeLevelDescriptor,Multiple grade levels,Multiple grade levels,Multiple grade levels
grade_level_descriptors,bps,uri://mybps.org/GradeLevelDescriptor,Preschool/Prekindergarten K0,Preschool/Prekindergarten K0,Preschool/Prekindergarten K0
grade_level_descriptors,bps,uri://mybps.org/GradeLevelDescriptor,Special Education beyond Grade 12,Special Education beyond Grade 12,Special Education beyond Grade 12
grade_point_average_type_descriptors,bps,uri://mybps.org/GradePointAverageTypeDescriptor,Athletic Quarters,Athletic Quarters,Athletic Quarters
grade_point_average_type_descriptors,bps,uri://mybps.org/GradePointAverageTypeDescriptor,Athletic Trimesters,Athletic Trimesters,Athletic Trimesters
grade_point_average_type_descriptors,bps,uri://mybps.org/GradePointAverageTypeDescriptor,Cumulative Unweighted Quarters,Cumulative Unweighted Quarters,Cumulative Unweighted Quarters
grade_point_average_type_descriptors,bps,uri://mybps.org/GradePointAverageTypeDescriptor,Cumulative Unweighted Trimesters,Cumulative Unweighted Trimesters,Cumulative Unweighted Trimesters
grade_point_average_type_descriptors,bps,uri://mybps.org/GradePointAverageTypeDescriptor,Cumulative Weighted Quarters,Cumulative Weighted Quarters,Cumulative Weighted Quarters
grade_point_average_type_descriptors,bps,uri://mybps.org/GradePointAverageTypeDescriptor,Cumulative Weighted Trimesters,Cumulative Weighted Trimesters,Cumulative Weighted Trimesters
grade_point_average_type_descriptors,bps,uri://mybps.org/GradePointAverageTypeDescriptor,Middle School Weighted Quarters,Middle School Weighted Quarters,Middle School Weighted Quarters
grade_point_average_type_descriptors,bps,uri://mybps.org/GradePointAverageTypeDescriptor,Middle School Weighted Quarters (specific courses),Middle School Weighted Quarters (specific courses),Middle School Weighted Quarters (specific courses)
grade_point_average_type_descriptors,bps,uri://mybps.org/GradePointAverageTypeDescriptor,Q1 Unweighted,Q1 Unweighted,Q1 Unweighted
grade_point_average_type_descriptors,bps,uri://mybps.org/GradePointAverageTypeDescriptor,Q1 Weighted,Q1 Weighted,Q1 Weighted
grade_point_average_type_descriptors,bps,uri://mybps.org/GradePointAverageTypeDescriptor,Q2 Unweighted,Q2 Unweighted,Q2 Unweighted
grade_point_average_type_descriptors,bps,uri://mybps.org/GradePointAverageTypeDescriptor,Q2 Weighted,Q2 Weighted,Q2 Weighted
grade_point_average_type_descriptors,bps,uri://mybps.org/GradePointAverageTypeDescriptor,Q3 Unweighted,Q3 Unweighted,Q3 Unweighted
grade_point_average_type_descriptors,bps,uri://mybps.org/GradePointAverageTypeDescriptor,Q3 Weighted,Q3 Weighted,Q3 Weighted
grade_point_average_type_descriptors,bps,uri://mybps.org/GradePointAverageTypeDescriptor,Q4 Unweighted,Q4 Unweighted,Q4 Unweighted
grade_point_average_type_descriptors,bps,uri://mybps.org/GradePointAverageTypeDescriptor,Q4 Weighted,Q4 Weighted,Q4 Weighted
grade_point_average_type_descriptors,bps,uri://mybps.org/GradePointAverageTypeDescriptor,T1 Unweighted,T1 Unweighted,T1 Unweighted
grade_point_average_type_descriptors,bps,uri://mybps.org/GradePointAverageTypeDescriptor,T1 Weighted,T1 Weighted,T1 Weighted
grade_point_average_type_descriptors,bps,uri://mybps.org/GradePointAverageTypeDescriptor,T2 Unweighted,T2 Unweighted,T2 Unweighted
grade_point_average_type_descriptors,bps,uri://mybps.org/GradePointAverageTypeDescriptor,T2 Weighted,T2 Weighted,T2 Weighted
grade_point_average_type_descriptors,bps,uri://mybps.org/GradePointAverageTypeDescriptor,T3 Unweighted,T3 Unweighted,T3 Unweighted
grade_point_average_type_descriptors,bps,uri://mybps.org/GradePointAverageTypeDescriptor,T3 Weighted,T3 Weighted,T3 Weighted
grading_period_descriptors,bps,uri://mybps.org/GradingPeriodDescriptor,"First Trimester, Elementary","First Trimester, Elementary","First Trimester, Elementary"
grading_period_descriptors,bps,uri://mybps.org/GradingPeriodDescriptor,Not Scheduled,Not Scheduled,Not Scheduled
grading_period_descriptors,bps,uri://mybps.org/GradingPeriodDescriptor,"Second Trimester, Elementary","Second Trimester, Elementary","Second Trimester, Elementary"
grading_period_descriptors,bps,uri://mybps.org/GradingPeriodDescriptor,"Third Trimester, Elementary","Third Trimester, Elementary","Third Trimester, Elementary"
language_descriptors,bps,uri://mybps.org/LanguageDescriptor,gal,Galla,Galla
language_descriptors,bps,uri://mybps.org/LanguageDescriptor,mol,Moldavian,Moldavian
language_descriptors,bps,uri://mybps.org/LanguageDescriptor,scc,Serbian,Serbian
language_descriptors,bps,uri://mybps.org/LanguageDescriptor,scr,Croatian,Croatian
license_stage_descriptors,bps,uri://mybps.org/LicenseStageDescriptor,Emergency,Emergency,Emergency
license_stage_descriptors,bps,uri://mybps.org/LicenseStageDescriptor,Endorsement,Endorsement,Endorsement
license_stage_descriptors,bps,uri://mybps.org/LicenseStageDescriptor,Full,Full,Full
license_stage_descriptors,bps,uri://mybps.org/LicenseStageDescriptor,Initial,Initial,Initial
license_stage_descriptors,bps,uri://mybps.org/LicenseStageDescriptor,Initial Extension,Initial Extension,Initial Extension
license_stage_descriptors,bps,uri://mybps.org/LicenseStageDescriptor,Preliminary,Preliminary,Preliminary
license_stage_descriptors,bps,uri://mybps.org/LicenseStageDescriptor,Professional,Professional,Professional
license_stage_descriptors,bps,uri://mybps.org/LicenseStageDescriptor,Temporary,Temporary,Temporary
license_status_descriptors,bps,uri://mybps.org/LicenseStatusDescriptor,Approved,Approved,Approved
license_status_descriptors,bps,uri://mybps.org/LicenseStatusDescriptor,Inactive/Invalid,Inactive/Invalid,Inactive/Invalid
license_status_descriptors,bps,uri://mybps.org/LicenseStatusDescriptor,Inactive/Invalid: RETELL/SEI R,Inactive/Invalid: RETELL/SEI R,Inactive/Invalid: RETELL/SEI R
license_status_descriptors,bps,uri://mybps.org/LicenseStatusDescriptor,Invalid,Invalid,Invalid
license_status_descriptors,bps,uri://mybps.org/LicenseStatusDescriptor,Invalid: RETELL/SEI R,Invalid: RETELL/SEI R,Invalid: RETELL/SEI R
license_status_descriptors,bps,uri://mybps.org/LicenseStatusDescriptor,Licensed,Licensed,Licensed
license_status_descriptors,bps,uri://mybps.org/LicenseStatusDescriptor,Licensed: RETELL/SEI R,Licensed: RETELL/SEI R,Licensed: RETELL/SEI R
license_status_descriptors,bps,uri://mybps.org/LicenseStatusDescriptor,Surrendered,Surrendered,Surrendered
limited_english_proficiency_descriptors,bps,uri://mybps.org/LimitedEnglishProficiencyDescriptor,Formerly Limited,Formerly Limited,Formerly Limited
network_purpose_descriptors,bps,uri://mybps.org/NetworkPurposeDescriptor,Academic Oversight,Academic Oversight,Academic Oversight
network_purpose_descriptors,bps,uri://mybps.org/NetworkPurposeDescriptor,Operational Oversight,Operational Oversight,Operational Oversight
network_purpose_descriptors__transformation_region,bps,uri://mybps.org/NetworkPurposeDescriptor,TransformationIdentifier,TransformationIdentifier,TransformationIdentifier
operational_status_descriptors__transformation_region,bps,uri://mybps.org/OperationalStatusDescriptor,Active,Active,Active
performance_base_conversion_descriptors,bps,uri://mybps.org/PerformanceBaseConversionDescriptor,1,Shows little evidence of meeting the standard,Shows little evidence of meeting the standard
performance_base_conversion_descriptors,bps,uri://mybps.org/PerformanceBaseConversionDescriptor,2,Shows some evidence of meeting the standard,Shows some evidence of meeting the standard
performance_base_conversion_descriptors,bps,uri://mybps.org/PerformanceBaseConversionDescriptor,3,Meets the standard,Meets the standard
performance_base_conversion_descriptors,bps,uri://mybps.org/PerformanceBaseConversionDescriptor,4,Exceeds the standard,Exceeds the standard
performance_base_conversion_descriptors,bps,uri://mybps.org/PerformanceBaseConversionDescriptor,A,Approaching,Approaching
performance_base_conversion_descriptors,bps,uri://mybps.org/PerformanceBaseConversionDescriptor,B,Beginning,Beginning
performance_base_conversion_descriptors,bps,uri://mybps.org/PerformanceBaseConversionDescriptor,Basic,Basic,Basic
performance_base_conversion_descriptors,bps,uri://mybps.org/PerformanceBaseConversionDescriptor,C,Competent,Competent
performance_base_conversion_descriptors,bps,uri://mybps.org/PerformanceBaseConversionDescriptor,D,Developing,Developing
performance_base_conversion_descriptors,bps,uri://mybps.org/PerformanceBaseConversionDescriptor,E,Established,Established
performance_base_conversion_descriptors,bps,uri://mybps.org/PerformanceBaseConversionDescriptor,G,Going beyond,Going beyond
performance_base_conversion_descriptors,bps,uri://mybps.org/PerformanceBaseConversionDescriptor,HC,Highly Competent,Highly Competent
performance_base_conversion_descriptors,bps,uri://mybps.org/PerformanceBaseConversionDescriptor,N/A,N/A,Not applicable
performance_base_conversion_descriptors,bps,uri://mybps.org/PerformanceBaseConversionDescriptor,NT,Not taught,Not taught
performance_base_conversion_descriptors,bps,uri://mybps.org/PerformanceBaseConversionDescriptor,NYC,Not yet competent,Not yet competent
performance_base_conversion_descriptors,bps,uri://mybps.org/PerformanceBaseConversionDescriptor,No credit,No credit,No credit
performance_base_conversion_descriptors,bps,uri://mybps.org/PerformanceBaseConversionDescriptor,Not applicable,Not applicable,Not applicable
performance_base_conversion_descriptors,bps,uri://mybps.org/PerformanceBaseConversionDescriptor,Not observed,Not observed,Not observed
performance_base_conversion_descriptors,bps,uri://mybps.org/PerformanceBaseConversionDescriptor,Not taught,Not taught,Not taught
performance_base_conversion_descriptors,bps,uri://mybps.org/PerformanceBaseConversionDescriptor,ibh0,Not assessed or work does not meet any standard,Not assessed or work does not meet any standard.
performance_base_conversion_descriptors,bps,uri://mybps.org/PerformanceBaseConversionDescriptor,ibh1,Very limited quality,"Produces work of very limited quality. Conveys many significant misunderstandings or lacks understanding of most concepts and contexts. Very rarely demonstrates critical or creative thinking. Very inflexible, rarely using knowledge or skills."
performance_base_conversion_descriptors,bps,uri://mybps.org/PerformanceBaseConversionDescriptor,ibh2,Limited quality,"Produces work of limited quality. Expresses misunderstandings or significant gaps in understanding for many concepts and contexts. Infrequently demonstrates critical or creative thinking. Generally inflexible in the use of knowledge and skills, infrequently applying knowledge and skills."
performance_base_conversion_descriptors,bps,uri://mybps.org/PerformanceBaseConversionDescriptor,ibh3,Acceptable quality,"Produces work of an acceptable quality. Communicates basic understanding of many concepts and contexts, with occasionally significant misunderstandings or gaps. Begins to demonstrate some basic critical and creative thinking. Is often inflexible in the use of knowledge and skills, requiring support even in familiar classroom situations."
performance_base_conversion_descriptors,bps,uri://mybps.org/PerformanceBaseConversionDescriptor,ibh4,Good-quality work,"Produces good-quality work. Communicates basic understanding of most concepts and contexts with few misunderstandings and minor gaps. Often demonstrates basic critical and creative thinking. Uses knowledge and skills with some flexibility in familiar classroom situations, but requires support in unfamiliar situations."
performance_base_conversion_descriptors,bps,uri://mybps.org/PerformanceBaseConversionDescriptor,ibh5,Generally high-quality work,"Produces generally high-quality work. Communicates secure understanding of concepts and contexts. Demonstrates critical and creative thinking, sometimes with sophistication. Uses knowledge and skills in familiar classroom and real-world situations and, with support, some unfamiliar real-world situations"
performance_base_conversion_descriptors,bps,uri://mybps.org/PerformanceBaseConversionDescriptor,ibh6,"High-quality, occasionally innovative","Produces high-quality, occasionally innovative work. Communicates extensive understanding of concepts and contexts. Demonstrates critical and creative thinking, frequently with sophistication. Uses knowledge and skills in familiar and unfamiliar classroom and real world situations, often with independence."
performance_base_conversion_descriptors,bps,uri://mybps.org/PerformanceBaseConversionDescriptor,ibh7,"High-quality, frequently innovative","Produces high-quality, frequently innovative work. Communicates comprehensive, nuanced understanding of concepts and contexts. Consistently demonstrates sophisticated critical and creative thinking. Frequently transfers knowledge and skills with independence and expertise in a variety of complex classroom and real-world situations."
performance_base_conversion_descriptors,bps,uri://mybps.org/PerformanceBaseConversionDescriptor,ibl0,Not assessed or work does not meet any standard,Not assessed or work does not meet any standard.
performance_base_conversion_descriptors,bps,uri://mybps.org/PerformanceBaseConversionDescriptor,ibl1,Very limited quality,"Produces work of very limited quality. Conveys many significant misunderstandings or lacks understanding of most concepts and contexts. Very rarely demonstrates critical or creative thinking. Very inflexible, rarely using knowledge or skills."
performance_base_conversion_descriptors,bps,uri://mybps.org/PerformanceBaseConversionDescriptor,ibl2,Limited quality,"Produces work of limited quality. Expresses misunderstandings or significant gaps in understanding for many concepts and contexts. Infrequently demonstrates critical or creative thinking. Generally inflexible in the use of knowledge and skills, infrequently applying knowledge and skills."
performance_base_conversion_descriptors,bps,uri://mybps.org/PerformanceBaseConversionDescriptor,ibl3,Acceptable quality,"Produces work of an acceptable quality. Communicates basic understanding of many concepts and contexts, with occasionally significant misunderstandings or gaps. Begins to demonstrate some basic critical and creative thinking. Is often inflexible in the use of knowledge and skills, requiring support even in familiar classroom situations."
performance_base_conversion_descriptors,bps,uri://mybps.org/PerformanceBaseConversionDescriptor,ibl4,Good-quality work,"Produces good-quality work. Communicates basic understanding of most concepts and contexts with few misunderstandings and minor gaps. Often demonstrates basic critical and creative thinking. Uses knowledge and skills with some flexibility in familiar classroom situations, but requires support in unfamiliar situations."
performance_base_conversion_descriptors,bps,uri://mybps.org/PerformanceBaseConversionDescriptor,ibl5,Generally high-quality work,"Produces generally high-quality work. Communicates secure understanding of concepts and contexts. Demonstrates critical and creative thinking, sometimes with sophistication. Uses knowledge and skills in familiar classroom and real-world situations and, with support, some unfamiliar real-world situations"
performance_base_conversion_descriptors,bps,uri://mybps.org/PerformanceBaseConversionDescriptor,ibl6,"High-quality, occasionally innovative","Produces high-quality, occasionally innovative work. Communicates extensive understanding of concepts and contexts. Demonstrates critical and creative thinking, frequently with sophistication. Uses knowledge and skills in familiar and unfamiliar classroom and real world situations, often with independence."
performance_base_conversion_descriptors,bps,uri://mybps.org/PerformanceBaseConversionDescriptor,ibl7,"High-quality, frequently innovative","Produces high-quality, frequently innovative work. Communicates comprehensive, nuanced understanding of concepts and contexts. Consistently demonstrates sophisticated critical and creative thinking. Frequently transfers knowledge and skills with independence and expertise in a variety of complex classroom and real-world situations."
performance_base_conversion_descriptors,bps,uri://mybps.org/PerformanceBaseConversionDescriptor,ibl8,"High-quality, frequently innovative","Produces high-quality, frequently innovative work. Communicates comprehensive, nuanced understanding of concepts and contexts. Consistently demonstrates sophisticated critical and creative thinking. Frequently transfers knowledge and skills with independence and expertise in a variety of complex classroom and real-world situations."
performance_level_descriptors,bps,uri://mybps.org/PerformanceLevelDescriptor,NM_A,NM_A,not meeting expectations ALT
race_descriptors,bps,uri://mybps.org/RaceDescriptor,Unknown,Unknown,Unknown
relation_descriptors,bps,uri://mybps.org/RelationDescriptor,Caregiver,Caregiver,Caregiver
relation_descriptors,bps,uri://mybps.org/RelationDescriptor,Social Worker,Social Worker,Social Worker
service_duration_recurrence_descriptors,bps,uri://mybps.org/ServiceDurationRecurrenceDescriptor,5-day cycle,5-day cycle,5-day cycle
service_duration_recurrence_descriptors,bps,uri://mybps.org/ServiceDurationRecurrenceDescriptor,6-day cycle,6-day cycle,6-day cycle
service_duration_recurrence_descriptors,bps,uri://mybps.org/ServiceDurationRecurrenceDescriptor,7-day cycle,7-day cycle,7-day cycle
service_duration_recurrence_descriptors,bps,uri://mybps.org/ServiceDurationRecurrenceDescriptor,day,day,day
service_duration_recurrence_descriptors,bps,uri://mybps.org/ServiceDurationRecurrenceDescriptor,month,month,month
service_duration_recurrence_descriptors,bps,uri://mybps.org/ServiceDurationRecurrenceDescriptor,school year,school year,school year
service_duration_recurrence_descriptors,bps,uri://mybps.org/ServiceDurationRecurrenceDescriptor,week,week,week
service_duration_unit_descriptors,bps,uri://mybps.org/ServiceDurationUnitDescriptor,Hour(s),Hour(s),Hour(s)
service_duration_unit_descriptors,bps,uri://mybps.org/ServiceDurationUnitDescriptor,Minute(s),Minute(s),Minute(s)
sex_descriptors,bps,uri://mybps.org/SexDescriptor,Nonbinary,Nonbinary,Nonbinary
special_education_program_service_descriptors,bps,uri://mybps.org/SpecialEducationProgramServiceDescriptor,1:1  Paraprofessional - In GE,1:1  Paraprofessional - In GE,1:1  Paraprofessional - In GE
special_education_program_service_descriptors,bps,uri://mybps.org/SpecialEducationProgramServiceDescriptor,1:1  Paraprofessional - Out GE,1:1  Paraprofessional - Out GE,1:1  Paraprofessional - Out GE
special_education_program_service_descriptors,bps,uri://mybps.org/SpecialEducationProgramServiceDescriptor,1:1  aide - Out GE,1:1  aide - Out GE,1:1  aide - Out GE
special_education_program_service_descriptors,bps,uri://mybps.org/SpecialEducationProgramServiceDescriptor,1:1 - In GE,1:1 - In GE,1:1 - In GE
special_education_program_service_descriptors,bps,uri://mybps.org/SpecialEducationProgramServiceDescriptor,1:1 - Out GE,1:1 - Out GE,1:1 - Out GE
special_education_program_service_descriptors,bps,uri://mybps.org/SpecialEducationProgramServiceDescriptor,"1:1 ABA 

support/residence - Out GE","1:1 ABA 

support/residence - Out GE","1:1 ABA 

support/residence - Out GE"
special_education_program_service_descriptors,bps,uri://mybps.org/SpecialEducationProgramServiceDescriptor,1:1 ABA   support/residence - Out GE,1:1 ABA   support/residence - Out GE,1:1 ABA   support/residence - Out GE
special_education_program_service_descriptors,bps,uri://mybps.org/SpecialEducationProgramServiceDescriptor,1:1 ABA - Out GE,1:1 ABA - Out GE,1:1 ABA - Out GE
special_education_program_service_descriptors,bps,uri://mybps.org/SpecialEducationProgramServiceDescriptor,1:1 ABA Instruction - Out GE,1:1 ABA Instruction - Out GE,1:1 ABA Instruction - Out GE
special_education_program_service_descriptors,bps,uri://mybps.org/SpecialEducationProgramServiceDescriptor,1:1 ABA Related services and Arts - In GE,1:1 ABA Related services and Arts - In GE,1:1 ABA Related services and Arts - In GE
special_education_program_service_descriptors,bps,uri://mybps.org/SpecialEducationProgramServiceDescriptor,1:1 ABA Support (residence) Weekends - Out GE,1:1 ABA Support (residence) Weekends - Out GE,1:1 ABA Support (residence) Weekends - Out GE
special_education_program_service_descriptors,bps,uri://mybps.org/SpecialEducationProgramServiceDescriptor,1:1 ABA Support/School - Out GE,1:1 ABA Support/School - Out GE,1:1 ABA Support/School - Out GE
special_education_program_service_descriptors,bps,uri://mybps.org/SpecialEducationProgramServiceDescriptor,1:1 ABA based instruction - Out GE,1:1 ABA based instruction - Out GE,1:1 ABA based instruction - Out GE
special_education_program_service_descriptors,bps,uri://mybps.org/SpecialEducationProgramServiceDescriptor,1:1 Aid - Out GE,1:1 Aid - Out GE,1:1 Aid - Out GE
special_education_program_service_descriptors,bps,uri://mybps.org/SpecialEducationProgramServiceDescriptor,1:1 Aide - In GE,1:1 Aide - In GE,1:1 Aide - In GE
special_education_program_service_descriptors,bps,uri://mybps.org/SpecialEducationProgramServiceDescriptor,1:1 Aide - Out GE,1:1 Aide - Out GE,1:1 Aide - Out GE
special_education_program_service_descriptors,bps,uri://mybps.org/SpecialEducationProgramServiceDescriptor,1:1 Assistant Teacher Support - Out GE,1:1 Assistant Teacher Support - Out GE,1:1 Assistant Teacher Support - Out GE
special_education_program_service_descriptors,bps,uri://mybps.org/SpecialEducationProgramServiceDescriptor,1:1 Counseling - Out GE,1:1 Counseling - Out GE,1:1 Counseling - Out GE
special_education_program_service_descriptors,bps,uri://mybps.org/SpecialEducationProgramServiceDescriptor,1:1 Nursing Care - Out GE,1:1 Nursing Care - Out GE,1:1 Nursing Care - Out GE
special_education_program_service_descriptors,bps,uri://mybps.org/SpecialEducationProgramServiceDescriptor,1:1 Para - Out GE,1:1 Para - Out GE,1:1 Para - Out GE
special_education_program_service_descriptors,bps,uri://mybps.org/SpecialEducationProgramServiceDescriptor,1:1 Paraprofessional - In GE,1:1 Paraprofessional - In GE,1:1 Paraprofessional - In GE
special_education_program_service_descriptors,bps,uri://mybps.org/SpecialEducationProgramServiceDescriptor,1:1 Paraprofessional - Out GE,1:1 Paraprofessional - Out GE,1:1 Paraprofessional - Out GE
special_education_program_service_descriptors,bps,uri://mybps.org/SpecialEducationProgramServiceDescriptor,1:1 Specialized Reading - Out GE,1:1 Specialized Reading - Out GE,1:1 Specialized Reading - Out GE
special_education_program_service_descriptors,bps,uri://mybps.org/SpecialEducationProgramServiceDescriptor,1:1 Staff - Out GE,1:1 Staff - Out GE,1:1 Staff - Out GE
special_education_program_service_descriptors,bps,uri://mybps.org/SpecialEducationProgramServiceDescriptor,1:1 Staffing - Out GE,1:1 Staffing - Out GE,1:1 Staffing - Out GE
special_education_program_service_descriptors,bps,uri://mybps.org/SpecialEducationProgramServiceDescriptor,1:1 Support - Out GE,1:1 Support - Out GE,1:1 Support - Out GE
special_education_program_service_descriptors,bps,uri://mybps.org/SpecialEducationProgramServiceDescriptor,1:1 Tutorial - Out GE,1:1 Tutorial - Out GE,1:1 Tutorial - Out GE
special_education_program_service_descriptors,bps,uri://mybps.org/SpecialEducationProgramServiceDescriptor,1:1 behavioral aide - Out GE,1:1 behavioral aide - Out GE,1:1 behavioral aide - Out GE
special_education_program_service_descriptors,bps,uri://mybps.org/SpecialEducationProgramServiceDescriptor,1:1 nurse - Out GE,1:1 nurse - Out GE,1:1 nurse - Out GE
special_education_program_service_descriptors,bps,uri://mybps.org/SpecialEducationProgramServiceDescriptor,1:1 nursing - Out GE,1:1 nursing - Out GE,1:1 nursing - Out GE
special_education_program_service_descriptors,bps,uri://mybps.org/SpecialEducationProgramServiceDescriptor,"1:1 residential support

1st & 2nd shift weekends,","1:1 residential support

1st & 2nd shift weekends, holidays, PD day - Out G","1:1 residential support

1st & 2nd shift weekends, holidays, PD day - Out GE"
special_education_program_service_descriptors,bps,uri://mybps.org/SpecialEducationProgramServiceDescriptor,"1:1 residential support

1st &amp; 2nd shift weeke","1:1 residential support

1st &amp; 2nd shift weekends, holidays, PD day - O","1:1 residential support

1st &amp; 2nd shift weekends, holidays, PD day - Out GE"
special_education_program_service_descriptors,bps,uri://mybps.org/SpecialEducationProgramServiceDescriptor,1:1 residential support M-F 2nd shift - Out GE,1:1 residential support M-F 2nd shift - Out GE,1:1 residential support M-F 2nd shift - Out GE
special_education_program_service_descriptors,bps,uri://mybps.org/SpecialEducationProgramServiceDescriptor,1;1 aide - Out GE,1;1 aide - Out GE,1;1 aide - Out GE
special_education_program_service_descriptors,bps,uri://mybps.org/SpecialEducationProgramServiceDescriptor,ABA Based Instruction - Out GE,ABA Based Instruction - Out GE,ABA Based Instruction - Out GE
special_education_program_service_descriptors,bps,uri://mybps.org/SpecialEducationProgramServiceDescriptor,ABA Based Instruction 1:1 - Out GE,ABA Based Instruction 1:1 - Out GE,ABA Based Instruction 1:1 - Out GE
special_education_program_service_descriptors,bps,uri://mybps.org/SpecialEducationProgramServiceDescriptor,ABA Consultation - Out GE,ABA Consultation - Out GE,ABA Consultation - Out GE
special_education_program_service_descriptors,bps,uri://mybps.org/SpecialEducationProgramServiceDescriptor,ABA Instruction - Out GE,ABA Instruction - Out GE,ABA Instruction - Out GE
special_education_program_service_descriptors,bps,uri://mybps.org/SpecialEducationProgramServiceDescriptor,ABA Therapy - Out GE,ABA Therapy - Out GE,ABA Therapy - Out GE
special_education_program_service_descriptors,bps,uri://mybps.org/SpecialEducationProgramServiceDescriptor,AC-  Academic Support - Out GE,AC-  Academic Support - Out GE,AC-  Academic Support - Out GE
special_education_program_service_descriptors,bps,uri://mybps.org/SpecialEducationProgramServiceDescriptor,AC-Academic Support - Out GE,AC-Academic Support - Out GE,AC-Academic Support - Out GE
special_education_program_service_descriptors,bps,uri://mybps.org/SpecialEducationProgramServiceDescriptor,ADL 1 - Out GE,ADL 1 - Out GE,ADL 1 - Out GE
special_education_program_service_descriptors,bps,uri://mybps.org/SpecialEducationProgramServiceDescriptor,ADL/Life skills - Out GE,ADL/Life skills - Out GE,ADL/Life skills - Out GE
special_education_program_service_descriptors,bps,uri://mybps.org/SpecialEducationProgramServiceDescriptor,ADL1 - Out GE,ADL1 - Out GE,ADL1 - Out GE
special_education_program_service_descriptors,bps,uri://mybps.org/SpecialEducationProgramServiceDescriptor,ASL - Out GE,ASL - Out GE,ASL - Out GE
special_education_program_service_descriptors,bps,uri://mybps.org/SpecialEducationProgramServiceDescriptor,Acad-ELA/Reading Skills - Out GE,Acad-ELA/Reading Skills - Out GE,Acad-ELA/Reading Skills - Out GE
special_education_program_service_descriptors,bps,uri://mybps.org/SpecialEducationProgramServiceDescriptor,Acad-Math - Out GE,Acad-Math - Out GE,Acad-Math - Out GE
special_education_program_service_descriptors,bps,uri://mybps.org/SpecialEducationProgramServiceDescriptor,Acad-Math Skills - Out GE,Acad-Math Skills - Out GE,Acad-Math Skills - Out GE
special_education_program_service_descriptors,bps,uri://mybps.org/SpecialEducationProgramServiceDescriptor,Academic & Behavior Management - Out GE,Academic & Behavior Management - Out GE,Academic & Behavior Management - Out GE
special_education_program_service_descriptors,bps,uri://mybps.org/SpecialEducationProgramServiceDescriptor,Academic & Student Skills - Out GE,Academic & Student Skills - Out GE,Academic & Student Skills - Out GE
special_education_program_service_descriptors,bps,uri://mybps.org/SpecialEducationProgramServiceDescriptor,Academic &amp; Behavior Management - Out GE,Academic &amp; Behavior Management - Out GE,Academic &amp; Behavior Management - Out GE
special_education_program_service_descriptors,bps,uri://mybps.org/SpecialEducationProgramServiceDescriptor,Academic &amp; Student Skills - Out GE,Academic &amp; Student Skills - Out GE,Academic &amp; Student Skills - Out GE
special_education_program_service_descriptors,bps,uri://mybps.org/SpecialEducationProgramServiceDescriptor,Academic - In GE,Academic - In GE,Academic - In GE
special_education_program_service_descriptors,bps,uri://mybps.org/SpecialEducationProgramServiceDescriptor,Academic - Out GE,Academic - Out GE,Academic - Out GE
special_education_program_service_descriptors,bps,uri://mybps.org/SpecialEducationProgramServiceDescriptor,Academic / Behavior / Social - Out GE,Academic / Behavior / Social - Out GE,Academic / Behavior / Social - Out GE
special_education_program_service_descriptors,bps,uri://mybps.org/SpecialEducationProgramServiceDescriptor,Academic /Social/Emotional - Out GE,Academic /Social/Emotional - Out GE,Academic /Social/Emotional - Out GE
special_education_program_service_descriptors,bps,uri://mybps.org/SpecialEducationProgramServiceDescriptor,Academic 1:1 - Out GE,Academic 1:1 - Out GE,Academic 1:1 - Out GE
special_education_program_service_descriptors,bps,uri://mybps.org/SpecialEducationProgramServiceDescriptor,Academic Access - Out GE,Academic Access - Out GE,Academic Access - Out GE
special_education_program_service_descriptors,bps,uri://mybps.org/SpecialEducationProgramServiceDescriptor,Academic Behavior Support - Out GE,Academic Behavior Support - Out GE,Academic Behavior Support - Out GE
special_education_program_service_descriptors,bps,uri://mybps.org/SpecialEducationProgramServiceDescriptor,"Academic Habits & Self-

Regulation - Out GE","Academic Habits & Self-

Regulation - Out GE","Academic Habits & Self-

Regulation - Out GE"
special_education_program_service_descriptors,bps,uri://mybps.org/SpecialEducationProgramServiceDescriptor,"Academic Habits &amp; Self-

Regulation - Out GE","Academic Habits &amp; Self-

Regulation - Out GE","Academic Habits &amp; Self-

Regulation - Out GE"
special_education_program_service_descriptors,bps,uri://mybps.org/SpecialEducationProgramServiceDescriptor,Academic Instruction & Social Emotional support - ,Academic Instruction & Social Emotional support - Out GE,Academic Instruction & Social Emotional support - Out GE
special_education_program_service_descriptors,bps,uri://mybps.org/SpecialEducationProgramServiceDescriptor,Academic Instruction & Social Emotional/Behavioral,Academic Instruction & Social Emotional/Behavioral Support - Out GE,Academic Instruction & Social Emotional/Behavioral Support - Out GE
special_education_program_service_descriptors,bps,uri://mybps.org/SpecialEducationProgramServiceDescriptor,Academic Instruction & Social/Emotional/Behavior S,Academic Instruction & Social/Emotional/Behavior Support - Out GE,Academic Instruction & Social/Emotional/Behavior Support - Out GE
special_education_program_service_descriptors,bps,uri://mybps.org/SpecialEducationProgramServiceDescriptor,Academic Instruction & Social/emotional/behavioral,Academic Instruction & Social/emotional/behavioral support - Out GE,Academic Instruction & Social/emotional/behavioral support - Out GE
special_education_program_service_descriptors,bps,uri://mybps.org/SpecialEducationProgramServiceDescriptor,Academic Instruction &amp; Social Emotional/Behavi,Academic Instruction &amp; Social Emotional/Behavioral Support - Out GE,Academic Instruction &amp; Social Emotional/Behavioral Support - Out GE
special_education_program_service_descriptors,bps,uri://mybps.org/SpecialEducationProgramServiceDescriptor,Academic Instruction &amp; Social/Emotional/Behavi,Academic Instruction &amp; Social/Emotional/Behavior Support - Out GE,Academic Instruction &amp; Social/Emotional/Behavior Support - Out GE
special_education_program_service_descriptors,bps,uri://mybps.org/SpecialEducationProgramServiceDescriptor,Academic Instruction Support - Out GE,Academic Instruction Support - Out GE,Academic Instruction Support - Out GE
special_education_program_service_descriptors,bps,uri://mybps.org/SpecialEducationProgramServiceDescriptor,Academic Instruction and social emotional behavior,Academic Instruction and social emotional behavioral support - Out GE,Academic Instruction and social emotional behavioral support - Out GE
special_education_program_service_descriptors,bps,uri://mybps.org/SpecialEducationProgramServiceDescriptor,"Academic Instruction with

Social, Emotional, &

B","Academic Instruction with

Social, Emotional, &

Behavioral Supports - Out ","Academic Instruction with

Social, Emotional, &

Behavioral Supports - Out GE"
special_education_program_service_descriptors,bps,uri://mybps.org/SpecialEducationProgramServiceDescriptor,"Academic Instruction with

Social, Emotional, &amp","Academic Instruction with

Social, Emotional, &amp;

Behavioral Supports - ","Academic Instruction with

Social, Emotional, &amp;

Behavioral Supports - Out GE"
special_education_program_service_descriptors,bps,uri://mybps.org/SpecialEducationProgramServiceDescriptor,"Academic Instruction with  Social, Emotional, &  B","Academic Instruction with  Social, Emotional, &  Behavioral Supports - Out ","Academic Instruction with  Social, Emotional, &  Behavioral Supports - Out GE"
special_education_program_service_descriptors,bps,uri://mybps.org/SpecialEducationProgramServiceDescriptor,"Academic Instruction with Social, Emotional, & B","Academic Instruction with Social, Emotional, & Behavioral Supports - Out ","Academic Instruction with Social, Emotional, & Behavioral Supports - Out GE"
special_education_program_service_descriptors,bps,uri://mybps.org/SpecialEducationProgramServiceDescriptor,"Academic Instruction with Social, Emotional, &amp","Academic Instruction with Social, Emotional, &amp; Behavioral Supports - ","Academic Instruction with Social, Emotional, &amp;Behavioral Supports - Out GE"
special_education_program_service_descriptors,bps,uri://mybps.org/SpecialEducationProgramServiceDescriptor,Academic Services - Out GE,Academic Services - Out GE,Academic Services - Out GE
special_education_program_service_descriptors,bps,uri://mybps.org/SpecialEducationProgramServiceDescriptor,Academic Skills - Out GE,Academic Skills - Out GE,Academic Skills - Out GE
special_education_program_service_descriptors,bps,uri://mybps.org/SpecialEducationProgramServiceDescriptor,Academic Social Emotional - Out GE,Academic Social Emotional - Out GE,Academic Social Emotional - Out GE
special_education_program_service_descriptors,bps,uri://mybps.org/SpecialEducationProgramServiceDescriptor,Academic Strategies - In GE,Academic Strategies - In GE,Academic Strategies - In GE
special_education_program_service_descriptors,bps,uri://mybps.org/SpecialEducationProgramServiceDescriptor,Academic Strategies - Out GE,Academic Strategies - Out GE,Academic Strategies - Out GE
special_education_program_service_descriptors,bps,uri://mybps.org/SpecialEducationProgramServiceDescriptor,Academic Support - ELA (during ESY) - Out GE,Academic Support - ELA (during ESY) - Out GE,Academic Support - ELA (during ESY) - Out GE
special_education_program_service_descriptors,bps,uri://mybps.org/SpecialEducationProgramServiceDescriptor,Academic Support - ELA - Out GE,Academic Support - ELA - Out GE,Academic Support - ELA - Out GE
special_education_program_service_descriptors,bps,uri://mybps.org/SpecialEducationProgramServiceDescriptor,Academic Support - In GE,Academic Support - In GE,Academic Support - In GE
special_education_program_service_descriptors,bps,uri://mybps.org/SpecialEducationProgramServiceDescriptor,Academic Support - Out GE,Academic Support - Out GE,Academic Support - Out GE
special_education_program_service_descriptors,bps,uri://mybps.org/SpecialEducationProgramServiceDescriptor,Academic Support-ELA - Out GE,Academic Support-ELA - Out GE,Academic Support-ELA - Out GE
special_education_program_service_descriptors,bps,uri://mybps.org/SpecialEducationProgramServiceDescriptor,Academic Support-Math - Out GE,Academic Support-Math - Out GE,Academic Support-Math - Out GE
special_education_program_service_descriptors,bps,uri://mybps.org/SpecialEducationProgramServiceDescriptor,Academic Task Management Skills - Out GE,Academic Task Management Skills - Out GE,Academic Task Management Skills - Out GE
special_education_program_service_descriptors,bps,uri://mybps.org/SpecialEducationProgramServiceDescriptor,Academic and Behavioral Services - Out GE,Academic and Behavioral Services - Out GE,Academic and Behavioral Services - Out GE
special_education_program_service_descriptors,bps,uri://mybps.org/SpecialEducationProgramServiceDescriptor,Academic and Self Regulation - Out GE,Academic and Self Regulation - Out GE,Academic and Self Regulation - Out GE
special_education_program_service_descriptors,bps,uri://mybps.org/SpecialEducationProgramServiceDescriptor,"Academic and Transitional Instruction with Social,","Academic and Transitional Instruction with Social, Emotional and Behavioral","Academic and Transitional Instruction with Social, Emotional and Behavioral Supports - Out GE"
special_education_program_service_descriptors,bps,uri://mybps.org/SpecialEducationProgramServiceDescriptor,"Academic instruction & social/

emotional/behavior","Academic instruction & social/

emotional/behavior support - Out GE","Academic instruction & social/

emotional/behavior support - Out GE"
special_education_program_service_descriptors,bps,uri://mybps.org/SpecialEducationProgramServiceDescriptor,Academic instruction & social/  emotional/behavior,Academic instruction & social/  emotional/behavior support - Out GE,Academic instruction & social/  emotional/behavior support - Out GE
special_education_program_service_descriptors,bps,uri://mybps.org/SpecialEducationProgramServiceDescriptor,Academic instruction & social/emotional/behavior,Academic instruction & social/emotional/behavior support - Out GE,Academic instruction & social/emotional/behavior support - Out GE
special_education_program_service_descriptors,bps,uri://mybps.org/SpecialEducationProgramServiceDescriptor,"Academic instruction &amp; social/

emotional/beha","Academic instruction &amp; social/

emotional/behavior support - Out GE","Academic instruction &amp; social/

emotional/behavior support - Out GE"
special_education_program_service_descriptors,bps,uri://mybps.org/SpecialEducationProgramServiceDescriptor,Academic instruction &amp; social/emotional/beha,Academic instruction &amp; social/emotional/behavior support - Out GE,Academic instruction &amp; social/emotional/behavior support - Out GE
special_education_program_service_descriptors,bps,uri://mybps.org/SpecialEducationProgramServiceDescriptor,Academic/Behavior - In GE,Academic/Behavior - In GE,Academic/Behavior - In GE
special_education_program_service_descriptors,bps,uri://mybps.org/SpecialEducationProgramServiceDescriptor,Academic/Behavior - Out GE,Academic/Behavior - Out GE,Academic/Behavior - Out GE
special_education_program_service_descriptors,bps,uri://mybps.org/SpecialEducationProgramServiceDescriptor,Academic/Behavior Skills - Out GE,Academic/Behavior Skills - Out GE,Academic/Behavior Skills - Out GE
special_education_program_service_descriptors,bps,uri://mybps.org/SpecialEducationProgramServiceDescriptor,Academic/Behavior Support - Out GE,Academic/Behavior Support - Out GE,Academic/Behavior Support - Out GE
special_education_program_service_descriptors,bps,uri://mybps.org/SpecialEducationProgramServiceDescriptor,Academic/Behavior Supports - Out GE,Academic/Behavior Supports - Out GE,Academic/Behavior Supports - Out GE
special_education_program_service_descriptors,bps,uri://mybps.org/SpecialEducationProgramServiceDescriptor,Academic/Behavioral - Out GE,Academic/Behavioral - Out GE,Academic/Behavioral - Out GE
special_education_program_service_descriptors,bps,uri://mybps.org/SpecialEducationProgramServiceDescriptor,Academic/Behavioral/Social Emotional - Out GE,Academic/Behavioral/Social Emotional - Out GE,Academic/Behavioral/Social Emotional - Out GE
special_education_program_service_descriptors,bps,uri://mybps.org/SpecialEducationProgramServiceDescriptor,Academic/Computer Technology - Out GE,Academic/Computer Technology - Out GE,Academic/Computer Technology - Out GE
special_education_program_service_descriptors,bps,uri://mybps.org/SpecialEducationProgramServiceDescriptor,Academic/Executive Functioning - Out GE,Academic/Executive Functioning - Out GE,Academic/Executive Functioning - Out GE
special_education_program_service_descriptors,bps,uri://mybps.org/SpecialEducationProgramServiceDescriptor,Academic/Self-Regulation - Out GE,Academic/Self-Regulation - Out GE,Academic/Self-Regulation - Out GE
special_education_program_service_descriptors,bps,uri://mybps.org/SpecialEducationProgramServiceDescriptor,Academic/Social Emotional - Out GE,Academic/Social Emotional - Out GE,Academic/Social Emotional - Out GE
special_education_program_service_descriptors,bps,uri://mybps.org/SpecialEducationProgramServiceDescriptor,Academic/Social Emotional/Transitional - Out GE,Academic/Social Emotional/Transitional - Out GE,Academic/Social Emotional/Transitional - Out GE
special_education_program_service_descriptors,bps,uri://mybps.org/SpecialEducationProgramServiceDescriptor,Academic/Social/Behavior - Out GE,Academic/Social/Behavior - Out GE,Academic/Social/Behavior - Out GE
special_education_program_service_descriptors,bps,uri://mybps.org/SpecialEducationProgramServiceDescriptor,Academic/Social/Emotional - Out GE,Academic/Social/Emotional - Out GE,Academic/Social/Emotional - Out GE
special_education_program_service_descriptors,bps,uri://mybps.org/SpecialEducationProgramServiceDescriptor,Academics & Student Skills - Out GE,Academics & Student Skills - Out GE,Academics & Student Skills - Out GE
special_education_program_service_descriptors,bps,uri://mybps.org/SpecialEducationProgramServiceDescriptor,Academics &amp; Student Skills - Out GE,Academics &amp; Student Skills - Out GE,Academics &amp; Student Skills - Out GE
special_education_program_service_descriptors,bps,uri://mybps.org/SpecialEducationProgramServiceDescriptor,Academics - In GE,Academics - In GE,Academics - In GE
special_education_program_service_descriptors,bps,uri://mybps.org/SpecialEducationProgramServiceDescriptor,Academics - Out GE,Academics - Out GE,Academics - Out GE
special_education_program_service_descriptors,bps,uri://mybps.org/SpecialEducationProgramServiceDescriptor,Academics and Behavior - Out GE,Academics and Behavior - Out GE,Academics and Behavior - Out GE
special_education_program_service_descriptors,bps,uri://mybps.org/SpecialEducationProgramServiceDescriptor,Academics and Classroom Skills - Out GE,Academics and Classroom Skills - Out GE,Academics and Classroom Skills - Out GE
special_education_program_service_descriptors,bps,uri://mybps.org/SpecialEducationProgramServiceDescriptor,Academics and Student Skills - Out GE,Academics and Student Skills - Out GE,Academics and Student Skills - Out GE
special_education_program_service_descriptors,bps,uri://mybps.org/SpecialEducationProgramServiceDescriptor,"Academics in Therapeutic

Setting - Out GE","Academics in Therapeutic

Setting - Out GE","Academics in Therapeutic

Setting - Out GE"
special_education_program_service_descriptors,bps,uri://mybps.org/SpecialEducationProgramServiceDescriptor,Academics in Therapeutic  Setting - Out GE,Academics in Therapeutic  Setting - Out GE,Academics in Therapeutic  Setting - Out GE
special_education_program_service_descriptors,bps,uri://mybps.org/SpecialEducationProgramServiceDescriptor,Academics in Therapeutic Setting - Out GE,Academics in Therapeutic Setting - Out GE,Academics in Therapeutic Setting - Out GE
special_education_program_service_descriptors,bps,uri://mybps.org/SpecialEducationProgramServiceDescriptor,Academics in a Therapeutic    Setting - Out GE,Academics in a Therapeutic    Setting - Out GE,Academics in a Therapeutic    Setting - Out GE
special_education_program_service_descriptors,bps,uri://mybps.org/SpecialEducationProgramServiceDescriptor,Academics in a Therapeutic Setting - Out GE,Academics in a Therapeutic Setting - Out GE,Academics in a Therapeutic Setting - Out GE
special_education_program_service_descriptors,bps,uri://mybps.org/SpecialEducationProgramServiceDescriptor,"Academics, Behavior, Social - Out GE","Academics, Behavior, Social - Out GE","Academics, Behavior, Social - Out GE"
special_education_program_service_descriptors,bps,uri://mybps.org/SpecialEducationProgramServiceDescriptor,"Academics, Behavior/Support - Out GE","Academics, Behavior/Support - Out GE","Academics, Behavior/Support - Out GE"
special_education_program_service_descriptors,bps,uri://mybps.org/SpecialEducationProgramServiceDescriptor,Academics/ Behavior - Out GE,Academics/ Behavior - Out GE,Academics/ Behavior - Out GE
special_education_program_service_descriptors,bps,uri://mybps.org/SpecialEducationProgramServiceDescriptor,Academics/Behavior - Out GE,Academics/Behavior - Out GE,Academics/Behavior - Out GE
special_education_program_service_descriptors,bps,uri://mybps.org/SpecialEducationProgramServiceDescriptor,Academics/Behavior Support - Out GE,Academics/Behavior Support - Out GE,Academics/Behavior Support - Out GE
special_education_program_service_descriptors,bps,uri://mybps.org/SpecialEducationProgramServiceDescriptor,"Academics/Comp.

Technology - Out GE","Academics/Comp.

Technology - Out GE","Academics/Comp.

Technology - Out GE"
special_education_program_service_descriptors,bps,uri://mybps.org/SpecialEducationProgramServiceDescriptor,Academics/Comp.  Technology - Out GE,Academics/Comp.  Technology - Out GE,Academics/Comp.  Technology - Out GE
special_education_program_service_descriptors,bps,uri://mybps.org/SpecialEducationProgramServiceDescriptor,Academics/Comp. Technology - Out GE,Academics/Comp. Technology - Out GE,Academics/Comp. Technology - Out GE
special_education_program_service_descriptors,bps,uri://mybps.org/SpecialEducationProgramServiceDescriptor,Academics/Comp.Technology - Out GE,Academics/Comp.Technology - Out GE,Academics/Comp.Technology - Out GE
special_education_program_service_descriptors,bps,uri://mybps.org/SpecialEducationProgramServiceDescriptor,Academics/Computer Technology - Out GE,Academics/Computer Technology - Out GE,Academics/Computer Technology - Out GE
special_education_program_service_descriptors,bps,uri://mybps.org/SpecialEducationProgramServiceDescriptor,Academics/Pre-Vocational - Out GE,Academics/Pre-Vocational - Out GE,Academics/Pre-Vocational - Out GE
special_education_program_service_descriptors,bps,uri://mybps.org/SpecialEducationProgramServiceDescriptor,Academics/Social Skills - Out GE,Academics/Social Skills - Out GE,Academics/Social Skills - Out GE
special_education_program_service_descriptors,bps,uri://mybps.org/SpecialEducationProgramServiceDescriptor,Academics/Transition - Out GE,Academics/Transition - Out GE,Academics/Transition - Out GE
special_education_program_service_descriptors,bps,uri://mybps.org/SpecialEducationProgramServiceDescriptor,Academics/Vocataional - Out GE,Academics/Vocataional - Out GE,Academics/Vocataional - Out GE
special_education_program_service_descriptors,bps,uri://mybps.org/SpecialEducationProgramServiceDescriptor,Academics/Vocational - Out GE,Academics/Vocational - Out GE,Academics/Vocational - Out GE
special_education_program_service_descriptors,bps,uri://mybps.org/SpecialEducationProgramServiceDescriptor,Academics/self regulation - Out GE,Academics/self regulation - Out GE,Academics/self regulation - Out GE
special_education_program_service_descriptors,bps,uri://mybps.org/SpecialEducationProgramServiceDescriptor,Access to Shared Paraeducator - Out GE,Access to Shared Paraeducator - Out GE,Access to Shared Paraeducator - Out GE
special_education_program_service_descriptors,bps,uri://mybps.org/SpecialEducationProgramServiceDescriptor,Activities of Daily Living - Out GE,Activities of Daily Living - Out GE,Activities of Daily Living - Out GE
special_education_program_service_descriptors,bps,uri://mybps.org/SpecialEducationProgramServiceDescriptor,Adapted Physical Education - In GE,Adapted Physical Education - In GE,Adapted Physical Education - In GE
special_education_program_service_descriptors,bps,uri://mybps.org/SpecialEducationProgramServiceDescriptor,Adapted Physical Education - Out GE,Adapted Physical Education - Out GE,Adapted Physical Education - Out GE
special_education_program_service_descriptors,bps,uri://mybps.org/SpecialEducationProgramServiceDescriptor,Adaptive Behavior - Out GE,Adaptive Behavior - Out GE,Adaptive Behavior - Out GE
special_education_program_service_descriptors,bps,uri://mybps.org/SpecialEducationProgramServiceDescriptor,Adaptive Physical Education - In GE,Adaptive Physical Education - In GE,Adaptive Physical Education - In GE
special_education_program_service_descriptors,bps,uri://mybps.org/SpecialEducationProgramServiceDescriptor,Adaptive Physical Education - Out GE,Adaptive Physical Education - Out GE,Adaptive Physical Education - Out GE
special_education_program_service_descriptors,bps,uri://mybps.org/SpecialEducationProgramServiceDescriptor,Adaptive Physical Education and Occupation Therapy,Adaptive Physical Education and Occupation Therapy Social behavior - Out GE,Adaptive Physical Education and Occupation Therapy Social behavior - Out GE
special_education_program_service_descriptors,bps,uri://mybps.org/SpecialEducationProgramServiceDescriptor,Alternative Leisure - Out GE,Alternative Leisure - Out GE,Alternative Leisure - Out GE
special_education_program_service_descriptors,bps,uri://mybps.org/SpecialEducationProgramServiceDescriptor,American Sign Language - Out GE,American Sign Language - Out GE,American Sign Language - Out GE
special_education_program_service_descriptors,bps,uri://mybps.org/SpecialEducationProgramServiceDescriptor,Applied Behavior - In GE,Applied Behavior - In GE,Applied Behavior - In GE
special_education_program_service_descriptors,bps,uri://mybps.org/SpecialEducationProgramServiceDescriptor,Applied Behavior - Out GE,Applied Behavior - Out GE,Applied Behavior - Out GE
special_education_program_service_descriptors,bps,uri://mybps.org/SpecialEducationProgramServiceDescriptor,Applied Behavior Analysis - In GE,Applied Behavior Analysis - In GE,Applied Behavior Analysis - In GE
special_education_program_service_descriptors,bps,uri://mybps.org/SpecialEducationProgramServiceDescriptor,Applied Behavior Analysis - Out GE,Applied Behavior Analysis - Out GE,Applied Behavior Analysis - Out GE
special_education_program_service_descriptors,bps,uri://mybps.org/SpecialEducationProgramServiceDescriptor,Art - Fine Motor Motor/ Sensory Integration - Out ,Art - Fine Motor Motor/ Sensory Integration - Out GE,Art - Fine Motor Motor/ Sensory Integration - Out GE
special_education_program_service_descriptors,bps,uri://mybps.org/SpecialEducationProgramServiceDescriptor,Art - Fine Motor/ Sensory Integration - Out GE,Art - Fine Motor/ Sensory Integration - Out GE,Art - Fine Motor/ Sensory Integration - Out GE
special_education_program_service_descriptors,bps,uri://mybps.org/SpecialEducationProgramServiceDescriptor,Art - Fine/Motor/Sensory Integration - Out GE,Art - Fine/Motor/Sensory Integration - Out GE,Art - Fine/Motor/Sensory Integration - Out GE
special_education_program_service_descriptors,bps,uri://mybps.org/SpecialEducationProgramServiceDescriptor,"Art- Fine Motor/Sensory



Integration - Out GE","Art- Fine Motor/Sensory



Integration - Out GE","Art- Fine Motor/Sensory



Integration - Out GE"
special_education_program_service_descriptors,bps,uri://mybps.org/SpecialEducationProgramServiceDescriptor,"Art- Fine Motor/Sensory

 Integration - Out GE","Art- Fine Motor/Sensory

 Integration - Out GE","Art- Fine Motor/Sensory

 Integration - Out GE"
special_education_program_service_descriptors,bps,uri://mybps.org/SpecialEducationProgramServiceDescriptor,Art- Fine Motor/Sensory    Integration - Out GE,Art- Fine Motor/Sensory    Integration - Out GE,Art- Fine Motor/Sensory    Integration - Out GE
special_education_program_service_descriptors,bps,uri://mybps.org/SpecialEducationProgramServiceDescriptor,Art- Fine Motor/Sensory   Integration - Out GE,Art- Fine Motor/Sensory   Integration - Out GE,Art- Fine Motor/Sensory   Integration - Out GE
special_education_program_service_descriptors,bps,uri://mybps.org/SpecialEducationProgramServiceDescriptor,Art- Fine Motor/Sensory  Integration - Out GE,Art- Fine Motor/Sensory  Integration - Out GE,Art- Fine Motor/Sensory  Integration - Out GE
special_education_program_service_descriptors,bps,uri://mybps.org/SpecialEducationProgramServiceDescriptor,Art- Fine Motor/Sensory Integration - Out GE,Art- Fine Motor/Sensory Integration - Out GE,Art- Fine Motor/Sensory Integration - Out GE
special_education_program_service_descriptors,bps,uri://mybps.org/SpecialEducationProgramServiceDescriptor,Art-Fine Motor/Sensory Integration - Out GE,Art-Fine Motor/Sensory Integration - Out GE,Art-Fine Motor/Sensory Integration - Out GE
special_education_program_service_descriptors,bps,uri://mybps.org/SpecialEducationProgramServiceDescriptor,Art/Fine Motor/ Sensory Integration - Out GE,Art/Fine Motor/ Sensory Integration - Out GE,Art/Fine Motor/ Sensory Integration - Out GE
special_education_program_service_descriptors,bps,uri://mybps.org/SpecialEducationProgramServiceDescriptor,Articulation & Pragmatic Language Skills - Out GE,Articulation & Pragmatic Language Skills - Out GE,Articulation & Pragmatic Language Skills - Out GE
special_education_program_service_descriptors,bps,uri://mybps.org/SpecialEducationProgramServiceDescriptor,Articulation &amp; Pragmatic Language Skills - Out,Articulation &amp; Pragmatic Language Skills - Out GE,Articulation &amp; Pragmatic Language Skills - Out GE
special_education_program_service_descriptors,bps,uri://mybps.org/SpecialEducationProgramServiceDescriptor,Assistive Technology - In GE,Assistive Technology - In GE,Assistive Technology - In GE
special_education_program_service_descriptors,bps,uri://mybps.org/SpecialEducationProgramServiceDescriptor,Assistive Technology - Out GE,Assistive Technology - Out GE,Assistive Technology - Out GE
special_education_program_service_descriptors,bps,uri://mybps.org/SpecialEducationProgramServiceDescriptor,Assistive Technology(AAC) - Out GE,Assistive Technology(AAC) - Out GE,Assistive Technology(AAC) - Out GE
special_education_program_service_descriptors,bps,uri://mybps.org/SpecialEducationProgramServiceDescriptor,Attending Skills - In GE,Attending Skills - In GE,Attending Skills - In GE
special_education_program_service_descriptors,bps,uri://mybps.org/SpecialEducationProgramServiceDescriptor,Audiology - In GE,Audiology - In GE,Audiology - In GE
special_education_program_service_descriptors,bps,uri://mybps.org/SpecialEducationProgramServiceDescriptor,Audiology - Out GE,Audiology - Out GE,Audiology - Out GE
special_education_program_service_descriptors,bps,uri://mybps.org/SpecialEducationProgramServiceDescriptor,BCBA Consultation - Out GE,BCBA Consultation - Out GE,BCBA Consultation - Out GE
special_education_program_service_descriptors,bps,uri://mybps.org/SpecialEducationProgramServiceDescriptor,Basic Academics - Out GE,Basic Academics - Out GE,Basic Academics - Out GE
special_education_program_service_descriptors,bps,uri://mybps.org/SpecialEducationProgramServiceDescriptor,Behavior - Out GE,Behavior - Out GE,Behavior - Out GE
special_education_program_service_descriptors,bps,uri://mybps.org/SpecialEducationProgramServiceDescriptor,Behavior / Self Regulation - Out GE,Behavior / Self Regulation - Out GE,Behavior / Self Regulation - Out GE
special_education_program_service_descriptors,bps,uri://mybps.org/SpecialEducationProgramServiceDescriptor,Behavior Management - Out GE,Behavior Management - Out GE,Behavior Management - Out GE
special_education_program_service_descriptors,bps,uri://mybps.org/SpecialEducationProgramServiceDescriptor,Behavior Support Personel - Out GE,Behavior Support Personel - Out GE,Behavior Support Personel - Out GE
special_education_program_service_descriptors,bps,uri://mybps.org/SpecialEducationProgramServiceDescriptor,Behavior and Interaction - Out GE,Behavior and Interaction - Out GE,Behavior and Interaction - Out GE
special_education_program_service_descriptors,bps,uri://mybps.org/SpecialEducationProgramServiceDescriptor,Behavior/Academics - Out GE,Behavior/Academics - Out GE,Behavior/Academics - Out GE
special_education_program_service_descriptors,bps,uri://mybps.org/SpecialEducationProgramServiceDescriptor,Behavior/Self Regulation - Out GE,Behavior/Self Regulation - Out GE,Behavior/Self Regulation - Out GE
special_education_program_service_descriptors,bps,uri://mybps.org/SpecialEducationProgramServiceDescriptor,Behavior/Self Regulations - Out GE,Behavior/Self Regulations - Out GE,Behavior/Self Regulations - Out GE
special_education_program_service_descriptors,bps,uri://mybps.org/SpecialEducationProgramServiceDescriptor,"Behavior/Self-

Regulation - Out GE","Behavior/Self-

Regulation - Out GE","Behavior/Self-

Regulation - Out GE"
special_education_program_service_descriptors,bps,uri://mybps.org/SpecialEducationProgramServiceDescriptor,Behavior/Self-  Regulation - Out GE,Behavior/Self-  Regulation - Out GE,Behavior/Self-  Regulation - Out GE
special_education_program_service_descriptors,bps,uri://mybps.org/SpecialEducationProgramServiceDescriptor,Behavior/Self-Regulation - Out GE,Behavior/Self-Regulation - Out GE,Behavior/Self-Regulation - Out GE
special_education_program_service_descriptors,bps,uri://mybps.org/SpecialEducationProgramServiceDescriptor,Behavior/Social - Out GE,Behavior/Social - Out GE,Behavior/Social - Out GE
special_education_program_service_descriptors,bps,uri://mybps.org/SpecialEducationProgramServiceDescriptor,Behavior/Social/Emotional - Out GE,Behavior/Social/Emotional - Out GE,Behavior/Social/Emotional - Out GE
special_education_program_service_descriptors,bps,uri://mybps.org/SpecialEducationProgramServiceDescriptor,Behavioral - Out GE,Behavioral - Out GE,Behavioral - Out GE
special_education_program_service_descriptors,bps,uri://mybps.org/SpecialEducationProgramServiceDescriptor,Behavioral Health - Out GE,Behavioral Health - Out GE,Behavioral Health - Out GE
special_education_program_service_descriptors,bps,uri://mybps.org/SpecialEducationProgramServiceDescriptor,Behavioral Services - Out GE,Behavioral Services - Out GE,Behavioral Services - Out GE
special_education_program_service_descriptors,bps,uri://mybps.org/SpecialEducationProgramServiceDescriptor,Behavioral Support - In GE,Behavioral Support - In GE,Behavioral Support - In GE
special_education_program_service_descriptors,bps,uri://mybps.org/SpecialEducationProgramServiceDescriptor,Behavioral Support - Out GE,Behavioral Support - Out GE,Behavioral Support - Out GE
special_education_program_service_descriptors,bps,uri://mybps.org/SpecialEducationProgramServiceDescriptor,Behavioral/Social - Out GE,Behavioral/Social - Out GE,Behavioral/Social - Out GE
special_education_program_service_descriptors,bps,uri://mybps.org/SpecialEducationProgramServiceDescriptor,Behavioral/Social/Emotional - Out GE,Behavioral/Social/Emotional - Out GE,Behavioral/Social/Emotional - Out GE
special_education_program_service_descriptors,bps,uri://mybps.org/SpecialEducationProgramServiceDescriptor,Biology - Out GE,Biology - Out GE,Biology - Out GE
special_education_program_service_descriptors,bps,uri://mybps.org/SpecialEducationProgramServiceDescriptor,Career Development - Out GE,Career Development - Out GE,Career Development - Out GE
special_education_program_service_descriptors,bps,uri://mybps.org/SpecialEducationProgramServiceDescriptor,Career Ed - Out GE,Career Ed - Out GE,Career Ed - Out GE
special_education_program_service_descriptors,bps,uri://mybps.org/SpecialEducationProgramServiceDescriptor,Career Education - Out GE,Career Education - Out GE,Career Education - Out GE
special_education_program_service_descriptors,bps,uri://mybps.org/SpecialEducationProgramServiceDescriptor,Classroom Behavior - Out GE,Classroom Behavior - Out GE,Classroom Behavior - Out GE
special_education_program_service_descriptors,bps,uri://mybps.org/SpecialEducationProgramServiceDescriptor,Co-Taught English - In GE,Co-Taught English - In GE,Co-Taught English - In GE
special_education_program_service_descriptors,bps,uri://mybps.org/SpecialEducationProgramServiceDescriptor,Co-Taught Mathematics - In GE,Co-Taught Mathematics - In GE,Co-Taught Mathematics - In GE
special_education_program_service_descriptors,bps,uri://mybps.org/SpecialEducationProgramServiceDescriptor,Co-Taught Science - In GE,Co-Taught Science - In GE,Co-Taught Science - In GE
special_education_program_service_descriptors,bps,uri://mybps.org/SpecialEducationProgramServiceDescriptor,Co-Taught Social Studies - In GE,Co-Taught Social Studies - In GE,Co-Taught Social Studies - In GE
special_education_program_service_descriptors,bps,uri://mybps.org/SpecialEducationProgramServiceDescriptor,Communciation/ASL - Out GE,Communciation/ASL - Out GE,Communciation/ASL - Out GE
special_education_program_service_descriptors,bps,uri://mybps.org/SpecialEducationProgramServiceDescriptor,Communication - Out GE,Communication - Out GE,Communication - Out GE
special_education_program_service_descriptors,bps,uri://mybps.org/SpecialEducationProgramServiceDescriptor,Communication Skills - In GE,Communication Skills - In GE,Communication Skills - In GE
special_education_program_service_descriptors,bps,uri://mybps.org/SpecialEducationProgramServiceDescriptor,Communication Skills - Out GE,Communication Skills - Out GE,Communication Skills - Out GE
special_education_program_service_descriptors,bps,uri://mybps.org/SpecialEducationProgramServiceDescriptor,Communication/ASL - Out GE,Communication/ASL - Out GE,Communication/ASL - Out GE
special_education_program_service_descriptors,bps,uri://mybps.org/SpecialEducationProgramServiceDescriptor,Communication/Social - Out GE,Communication/Social - Out GE,Communication/Social - Out GE
special_education_program_service_descriptors,bps,uri://mybps.org/SpecialEducationProgramServiceDescriptor,Communications/ELA - Out GE,Communications/ELA - Out GE,Communications/ELA - Out GE
special_education_program_service_descriptors,bps,uri://mybps.org/SpecialEducationProgramServiceDescriptor,Community - Out GE,Community - Out GE,Community - Out GE
special_education_program_service_descriptors,bps,uri://mybps.org/SpecialEducationProgramServiceDescriptor,Community Experience - Out GE,Community Experience - Out GE,Community Experience - Out GE
special_education_program_service_descriptors,bps,uri://mybps.org/SpecialEducationProgramServiceDescriptor,Community Leisure - Out GE,Community Leisure - Out GE,Community Leisure - Out GE
special_education_program_service_descriptors,bps,uri://mybps.org/SpecialEducationProgramServiceDescriptor,Community and Leisure - Out GE,Community and Leisure - Out GE,Community and Leisure - Out GE
special_education_program_service_descriptors,bps,uri://mybps.org/SpecialEducationProgramServiceDescriptor,Community and Leisure Skills - Out GE,Community and Leisure Skills - Out GE,Community and Leisure Skills - Out GE
special_education_program_service_descriptors,bps,uri://mybps.org/SpecialEducationProgramServiceDescriptor,"Community and Leisure, Social Behavior, and Commun","Community and Leisure, Social Behavior, and Communication - Out GE","Community and Leisure, Social Behavior, and Communication - Out GE"
special_education_program_service_descriptors,bps,uri://mybps.org/SpecialEducationProgramServiceDescriptor,"Community, Leisure and Rec Social Behavior and Com","Community, Leisure and Rec Social Behavior and Communication - Out GE","Community, Leisure and Rec Social Behavior and Communication - Out GE"
special_education_program_service_descriptors,bps,uri://mybps.org/SpecialEducationProgramServiceDescriptor,"Community, Leisure and Recreation - Out GE","Community, Leisure and Recreation - Out GE","Community, Leisure and Recreation - Out GE"
special_education_program_service_descriptors,bps,uri://mybps.org/SpecialEducationProgramServiceDescriptor,"Community, Leisure and Recreation Communication, S","Community, Leisure and Recreation Communication, Social Behavior - Out GE","Community, Leisure and Recreation Communication, Social Behavior - Out GE"
special_education_program_service_descriptors,bps,uri://mybps.org/SpecialEducationProgramServiceDescriptor,"Community, Leisure, Recreation - Out GE","Community, Leisure, Recreation - Out GE","Community, Leisure, Recreation - Out GE"
special_education_program_service_descriptors,bps,uri://mybps.org/SpecialEducationProgramServiceDescriptor,"Community,Communication, and Social Behavior - Out","Community,Communication, and Social Behavior - Out GE","Community,Communication, and Social Behavior - Out GE"
special_education_program_service_descriptors,bps,uri://mybps.org/SpecialEducationProgramServiceDescriptor,"Community/leisure, Social Behavior and Communicati","Community/leisure, Social Behavior and Communication - Out GE","Community/leisure, Social Behavior and Communication - Out GE"
special_education_program_service_descriptors,bps,uri://mybps.org/SpecialEducationProgramServiceDescriptor,Comprehension and Written Language - Out GE,Comprehension and Written Language - Out GE,Comprehension and Written Language - Out GE
special_education_program_service_descriptors,bps,uri://mybps.org/SpecialEducationProgramServiceDescriptor,Comprehensive Health - Out GE,Comprehensive Health - Out GE,Comprehensive Health - Out GE
special_education_program_service_descriptors,bps,uri://mybps.org/SpecialEducationProgramServiceDescriptor,Computer/Technology - Out GE,Computer/Technology - Out GE,Computer/Technology - Out GE
special_education_program_service_descriptors,bps,uri://mybps.org/SpecialEducationProgramServiceDescriptor,Consultation - In GE,Consultation - In GE,Consultation - In GE
special_education_program_service_descriptors,bps,uri://mybps.org/SpecialEducationProgramServiceDescriptor,Consultation - Out GE,Consultation - Out GE,Consultation - Out GE
special_education_program_service_descriptors,bps,uri://mybps.org/SpecialEducationProgramServiceDescriptor,Consumer Skills - Out GE,Consumer Skills - Out GE,Consumer Skills - Out GE
special_education_program_service_descriptors,bps,uri://mybps.org/SpecialEducationProgramServiceDescriptor,Counseling (individual) - Out GE,Counseling (individual) - Out GE,Counseling (individual) - Out GE
special_education_program_service_descriptors,bps,uri://mybps.org/SpecialEducationProgramServiceDescriptor,Counseling (small group) - Out GE,Counseling (small group) - Out GE,Counseling (small group) - Out GE
special_education_program_service_descriptors,bps,uri://mybps.org/SpecialEducationProgramServiceDescriptor,Counseling - Out GE,Counseling - Out GE,Counseling - Out GE
special_education_program_service_descriptors,bps,uri://mybps.org/SpecialEducationProgramServiceDescriptor,Counseling Services - In GE,Counseling Services - In GE,Counseling Services - In GE
special_education_program_service_descriptors,bps,uri://mybps.org/SpecialEducationProgramServiceDescriptor,Counseling Services - Out GE,Counseling Services - Out GE,Counseling Services - Out GE
special_education_program_service_descriptors,bps,uri://mybps.org/SpecialEducationProgramServiceDescriptor,Counseling- Group - Out GE,Counseling- Group - Out GE,Counseling- Group - Out GE
special_education_program_service_descriptors,bps,uri://mybps.org/SpecialEducationProgramServiceDescriptor,Counseling/Social Skills - Out GE,Counseling/Social Skills - Out GE,Counseling/Social Skills - Out GE
special_education_program_service_descriptors,bps,uri://mybps.org/SpecialEducationProgramServiceDescriptor,Counseling/Therapeutic Support - In GE,Counseling/Therapeutic Support - In GE,Counseling/Therapeutic Support - In GE
special_education_program_service_descriptors,bps,uri://mybps.org/SpecialEducationProgramServiceDescriptor,Counseling/Therapeutic Support - Out GE,Counseling/Therapeutic Support - Out GE,Counseling/Therapeutic Support - Out GE
special_education_program_service_descriptors,bps,uri://mybps.org/SpecialEducationProgramServiceDescriptor,Counselling/Therapeutic Support - Out GE,Counselling/Therapeutic Support - Out GE,Counselling/Therapeutic Support - Out GE
special_education_program_service_descriptors,bps,uri://mybps.org/SpecialEducationProgramServiceDescriptor,Creaive Arts:PE-Gross Motor/Sensory Integration - ,Creaive Arts:PE-Gross Motor/Sensory Integration - Out GE,Creaive Arts:PE-Gross Motor/Sensory Integration - Out GE
special_education_program_service_descriptors,bps,uri://mybps.org/SpecialEducationProgramServiceDescriptor,Creative Arts - Art (Fine Motor/Sensory Integratio,Creative Arts - Art (Fine Motor/Sensory Integration) - Out GE,Creative Arts - Art (Fine Motor/Sensory Integration) - Out GE
special_education_program_service_descriptors,bps,uri://mybps.org/SpecialEducationProgramServiceDescriptor,Creative Arts - PE (Gross Motor/Sensory Integratio,Creative Arts - PE (Gross Motor/Sensory Integration) - Out GE,Creative Arts - PE (Gross Motor/Sensory Integration) - Out GE
special_education_program_service_descriptors,bps,uri://mybps.org/SpecialEducationProgramServiceDescriptor,Creative Arts-Music (Oral Motor/Sensory Integratio,Creative Arts-Music (Oral Motor/Sensory Integration) - Out GE,Creative Arts-Music (Oral Motor/Sensory Integration) - Out GE
special_education_program_service_descriptors,bps,uri://mybps.org/SpecialEducationProgramServiceDescriptor,Creative Arts: Art- Fine Motor/Sensory Integration,Creative Arts: Art- Fine Motor/Sensory Integration - Out GE,Creative Arts: Art- Fine Motor/Sensory Integration - Out GE
special_education_program_service_descriptors,bps,uri://mybps.org/SpecialEducationProgramServiceDescriptor,Creative Arts: MusicFine/Oral Motor/Sensory Integr,Creative Arts: MusicFine/Oral Motor/Sensory Integration - Out GE,Creative Arts: MusicFine/Oral Motor/Sensory Integration - Out GE
special_education_program_service_descriptors,bps,uri://mybps.org/SpecialEducationProgramServiceDescriptor,Creative Arts: PEGross Motor/Sensory Integration -,Creative Arts: PEGross Motor/Sensory Integration - Out GE,Creative Arts: PEGross Motor/Sensory Integration - Out GE
special_education_program_service_descriptors,bps,uri://mybps.org/SpecialEducationProgramServiceDescriptor,DLS/Self-Care Skills - Out GE,DLS/Self-Care Skills - Out GE,DLS/Self-Care Skills - Out GE
special_education_program_service_descriptors,bps,uri://mybps.org/SpecialEducationProgramServiceDescriptor,Daily Living - Out GE,Daily Living - Out GE,Daily Living - Out GE
special_education_program_service_descriptors,bps,uri://mybps.org/SpecialEducationProgramServiceDescriptor,Daily Living Skills - In GE,Daily Living Skills - In GE,Daily Living Skills - In GE
special_education_program_service_descriptors,bps,uri://mybps.org/SpecialEducationProgramServiceDescriptor,Daily Living Skills - Out GE,Daily Living Skills - Out GE,Daily Living Skills - Out GE
special_education_program_service_descriptors,bps,uri://mybps.org/SpecialEducationProgramServiceDescriptor,Daily Living Skills SPED Teachers - Out GE,Daily Living Skills SPED Teachers - Out GE,Daily Living Skills SPED Teachers - Out GE
special_education_program_service_descriptors,bps,uri://mybps.org/SpecialEducationProgramServiceDescriptor,Daily Living Skills/Self Care - Out GE,Daily Living Skills/Self Care - Out GE,Daily Living Skills/Self Care - Out GE
special_education_program_service_descriptors,bps,uri://mybps.org/SpecialEducationProgramServiceDescriptor,Daily Living Skills/Self-Care Skills - Out GE,Daily Living Skills/Self-Care Skills - Out GE,Daily Living Skills/Self-Care Skills - Out GE
special_education_program_service_descriptors,bps,uri://mybps.org/SpecialEducationProgramServiceDescriptor,Deaf Education - Out GE,Deaf Education - Out GE,Deaf Education - Out GE
special_education_program_service_descriptors,bps,uri://mybps.org/SpecialEducationProgramServiceDescriptor,Decoding and Encoding - Out GE,Decoding and Encoding - Out GE,Decoding and Encoding - Out GE
special_education_program_service_descriptors,bps,uri://mybps.org/SpecialEducationProgramServiceDescriptor,Developmental Instruction Support - Out GE,Developmental Instruction Support - Out GE,Developmental Instruction Support - Out GE
special_education_program_service_descriptors,bps,uri://mybps.org/SpecialEducationProgramServiceDescriptor,Domestic Skills - Out GE,Domestic Skills - Out GE,Domestic Skills - Out GE
special_education_program_service_descriptors,bps,uri://mybps.org/SpecialEducationProgramServiceDescriptor,Domestic/Pre-Voc - Out GE,Domestic/Pre-Voc - Out GE,Domestic/Pre-Voc - Out GE
special_education_program_service_descriptors,bps,uri://mybps.org/SpecialEducationProgramServiceDescriptor,Domestic/Vocational Skills - Out GE,Domestic/Vocational Skills - Out GE,Domestic/Vocational Skills - Out GE
special_education_program_service_descriptors,bps,uri://mybps.org/SpecialEducationProgramServiceDescriptor,ED Support-Emotional - Out GE,ED Support-Emotional - Out GE,ED Support-Emotional - Out GE
special_education_program_service_descriptors,bps,uri://mybps.org/SpecialEducationProgramServiceDescriptor,ELA - In GE,ELA - In GE,ELA - In GE
special_education_program_service_descriptors,bps,uri://mybps.org/SpecialEducationProgramServiceDescriptor,ELA - Out GE,ELA - Out GE,ELA - Out GE
special_education_program_service_descriptors,bps,uri://mybps.org/SpecialEducationProgramServiceDescriptor,ELA - Reading/Writing - Out GE,ELA - Reading/Writing - Out GE,ELA - Reading/Writing - Out GE
special_education_program_service_descriptors,bps,uri://mybps.org/SpecialEducationProgramServiceDescriptor,ELA / Reading - In GE,ELA / Reading - In GE,ELA / Reading - In GE
special_education_program_service_descriptors,bps,uri://mybps.org/SpecialEducationProgramServiceDescriptor,ELA / Reading - Out GE,ELA / Reading - Out GE,ELA / Reading - Out GE
special_education_program_service_descriptors,bps,uri://mybps.org/SpecialEducationProgramServiceDescriptor,ELA Support - In GE,ELA Support - In GE,ELA Support - In GE
special_education_program_service_descriptors,bps,uri://mybps.org/SpecialEducationProgramServiceDescriptor,ELA with OT support - Out GE,ELA with OT support - Out GE,ELA with OT support - Out GE
special_education_program_service_descriptors,bps,uri://mybps.org/SpecialEducationProgramServiceDescriptor,"ELA, Social Behavior , Comunity/Leisure - Out GE","ELA, Social Behavior , Comunity/Leisure - Out GE","ELA, Social Behavior , Comunity/Leisure - Out GE"
special_education_program_service_descriptors,bps,uri://mybps.org/SpecialEducationProgramServiceDescriptor,"ELA, Social Behavior - Out GE","ELA, Social Behavior - Out GE","ELA, Social Behavior - Out GE"
special_education_program_service_descriptors,bps,uri://mybps.org/SpecialEducationProgramServiceDescriptor,ELA/Reading - Out GE,ELA/Reading - Out GE,ELA/Reading - Out GE
special_education_program_service_descriptors,bps,uri://mybps.org/SpecialEducationProgramServiceDescriptor,ELA/Written Language - In GE,ELA/Written Language - In GE,ELA/Written Language - In GE
special_education_program_service_descriptors,bps,uri://mybps.org/SpecialEducationProgramServiceDescriptor,ELA/Written Language - Out GE,ELA/Written Language - Out GE,ELA/Written Language - Out GE
special_education_program_service_descriptors,bps,uri://mybps.org/SpecialEducationProgramServiceDescriptor,ESP Support - Out GE,ESP Support - Out GE,ESP Support - Out GE
special_education_program_service_descriptors,bps,uri://mybps.org/SpecialEducationProgramServiceDescriptor,ESY - ELA - Out GE,ESY - ELA - Out GE,ESY - ELA - Out GE
special_education_program_service_descriptors,bps,uri://mybps.org/SpecialEducationProgramServiceDescriptor,ESY - Math - Out GE,ESY - Math - Out GE,ESY - Math - Out GE
special_education_program_service_descriptors,bps,uri://mybps.org/SpecialEducationProgramServiceDescriptor,ESY - Out GE,ESY - Out GE,ESY - Out GE
special_education_program_service_descriptors,bps,uri://mybps.org/SpecialEducationProgramServiceDescriptor,ESY 6 weeks Summer 2024 Only - Out GE,ESY 6 weeks Summer 2024 Only - Out GE,ESY 6 weeks Summer 2024 Only - Out GE
special_education_program_service_descriptors,bps,uri://mybps.org/SpecialEducationProgramServiceDescriptor,ESY Academic/ behavior - Out GE,ESY Academic/ behavior - Out GE,ESY Academic/ behavior - Out GE
special_education_program_service_descriptors,bps,uri://mybps.org/SpecialEducationProgramServiceDescriptor,ESY OSS Comprehensive Summer School - Out GE,ESY OSS Comprehensive Summer School - Out GE,ESY OSS Comprehensive Summer School - Out GE
special_education_program_service_descriptors,bps,uri://mybps.org/SpecialEducationProgramServiceDescriptor,ESY Occupational Therapy (Group) - Out GE,ESY Occupational Therapy (Group) - Out GE,ESY Occupational Therapy (Group) - Out GE
special_education_program_service_descriptors,bps,uri://mybps.org/SpecialEducationProgramServiceDescriptor,ESY Programming - Out GE,ESY Programming - Out GE,ESY Programming - Out GE
special_education_program_service_descriptors,bps,uri://mybps.org/SpecialEducationProgramServiceDescriptor,ESY Social/Emotional/Behavior - Out GE,ESY Social/Emotional/Behavior - Out GE,ESY Social/Emotional/Behavior - Out GE
special_education_program_service_descriptors,bps,uri://mybps.org/SpecialEducationProgramServiceDescriptor,ESY Summer Program - Out GE,ESY Summer Program - Out GE,ESY Summer Program - Out GE
special_education_program_service_descriptors,bps,uri://mybps.org/SpecialEducationProgramServiceDescriptor,ESY academic - Out GE,ESY academic - Out GE,ESY academic - Out GE
special_education_program_service_descriptors,bps,uri://mybps.org/SpecialEducationProgramServiceDescriptor,ESY communication - Out GE,ESY communication - Out GE,ESY communication - Out GE
special_education_program_service_descriptors,bps,uri://mybps.org/SpecialEducationProgramServiceDescriptor,ESY(Summer Services) - Out GE,ESY(Summer Services) - Out GE,ESY(Summer Services) - Out GE
special_education_program_service_descriptors,bps,uri://mybps.org/SpecialEducationProgramServiceDescriptor,Early Numeracy - Out GE,Early Numeracy - Out GE,Early Numeracy - Out GE
special_education_program_service_descriptors,bps,uri://mybps.org/SpecialEducationProgramServiceDescriptor,Education - Out GE,Education - Out GE,Education - Out GE
special_education_program_service_descriptors,bps,uri://mybps.org/SpecialEducationProgramServiceDescriptor,Educational - Out GE,Educational - Out GE,Educational - Out GE
special_education_program_service_descriptors,bps,uri://mybps.org/SpecialEducationProgramServiceDescriptor,Educational Services - Out GE,Educational Services - Out GE,Educational Services - Out GE
special_education_program_service_descriptors,bps,uri://mybps.org/SpecialEducationProgramServiceDescriptor,Electives - Out GE,Electives - Out GE,Electives - Out GE
special_education_program_service_descriptors,bps,uri://mybps.org/SpecialEducationProgramServiceDescriptor,Emotional - Out GE,Emotional - Out GE,Emotional - Out GE
special_education_program_service_descriptors,bps,uri://mybps.org/SpecialEducationProgramServiceDescriptor,Emotional Regulation - Out GE,Emotional Regulation - Out GE,Emotional Regulation - Out GE
special_education_program_service_descriptors,bps,uri://mybps.org/SpecialEducationProgramServiceDescriptor,Emotional Regulation/Transition - Out GE,Emotional Regulation/Transition - Out GE,Emotional Regulation/Transition - Out GE
special_education_program_service_descriptors,bps,uri://mybps.org/SpecialEducationProgramServiceDescriptor,Emotional Support - Out GE,Emotional Support - Out GE,Emotional Support - Out GE
special_education_program_service_descriptors,bps,uri://mybps.org/SpecialEducationProgramServiceDescriptor,Employment - Out GE,Employment - Out GE,Employment - Out GE
special_education_program_service_descriptors,bps,uri://mybps.org/SpecialEducationProgramServiceDescriptor,"English LA, Social Behavior and Communication - Ou","English LA, Social Behavior and Communication - Out GE","English LA, Social Behavior and Communication - Out GE"
special_education_program_service_descriptors,bps,uri://mybps.org/SpecialEducationProgramServiceDescriptor,English Language Arts - In GE,English Language Arts - In GE,English Language Arts - In GE
special_education_program_service_descriptors,bps,uri://mybps.org/SpecialEducationProgramServiceDescriptor,English Language Arts - Out GE,English Language Arts - Out GE,English Language Arts - Out GE
special_education_program_service_descriptors,bps,uri://mybps.org/SpecialEducationProgramServiceDescriptor,English Language Arts - Written Language - Out GE,English Language Arts - Written Language - Out GE,English Language Arts - Written Language - Out GE
special_education_program_service_descriptors,bps,uri://mybps.org/SpecialEducationProgramServiceDescriptor,"English Language Arts,

Communication, Social

Beh","English Language Arts,

Communication, Social

Behavior - Out GE","English Language Arts,

Communication, Social

Behavior - Out GE"
special_education_program_service_descriptors,bps,uri://mybps.org/SpecialEducationProgramServiceDescriptor,"English Language Arts,  Communication, Social  Beh","English Language Arts,  Communication, Social  Behavior - Out GE","English Language Arts,  Communication, Social  Behavior - Out GE"
special_education_program_service_descriptors,bps,uri://mybps.org/SpecialEducationProgramServiceDescriptor,"English Language Arts, Social Behavior and Communi","English Language Arts, Social Behavior and Communication - Out GE","English Language Arts, Social Behavior and Communication - Out GE"
special_education_program_service_descriptors,bps,uri://mybps.org/SpecialEducationProgramServiceDescriptor,"English Language Arts, Social Behavior, and Commun","English Language Arts, Social Behavior, and Communication - Out GE","English Language Arts, Social Behavior, and Communication - Out GE"
special_education_program_service_descriptors,bps,uri://mybps.org/SpecialEducationProgramServiceDescriptor,"English Language Arts,Communication, Social Beh","English Language Arts, Communication, Social Behavior - Out GE","English Language Arts,Communication, Social Behavior - Out GE"
special_education_program_service_descriptors,bps,uri://mybps.org/SpecialEducationProgramServiceDescriptor,English Language Arts-Decoding and Encoding - In G,English Language Arts-Decoding and Encoding - In GE,English Language Arts-Decoding and Encoding - In GE
special_education_program_service_descriptors,bps,uri://mybps.org/SpecialEducationProgramServiceDescriptor,English Language-Communication - Out GE,English Language-Communication - Out GE,English Language-Communication - Out GE
special_education_program_service_descriptors,bps,uri://mybps.org/SpecialEducationProgramServiceDescriptor,"English, Language Arts, Social Behavior and Commun","English, Language Arts, Social Behavior and Communication - Out GE","English, Language Arts, Social Behavior and Communication - Out GE"
special_education_program_service_descriptors,bps,uri://mybps.org/SpecialEducationProgramServiceDescriptor,Essential Literacy Skills - Out GE,Essential Literacy Skills - Out GE,Essential Literacy Skills - Out GE
special_education_program_service_descriptors,bps,uri://mybps.org/SpecialEducationProgramServiceDescriptor,Executive Function - Out GE,Executive Function - Out GE,Executive Function - Out GE
special_education_program_service_descriptors,bps,uri://mybps.org/SpecialEducationProgramServiceDescriptor,Executive Functioning & Independent Functioning - ,Executive Functioning & Independent Functioning - Out GE,Executive Functioning & Independent Functioning - Out GE
special_education_program_service_descriptors,bps,uri://mybps.org/SpecialEducationProgramServiceDescriptor,Executive Functioning - In GE,Executive Functioning - In GE,Executive Functioning - In GE
special_education_program_service_descriptors,bps,uri://mybps.org/SpecialEducationProgramServiceDescriptor,Executive Functioning - Out GE,Executive Functioning - Out GE,Executive Functioning - Out GE
special_education_program_service_descriptors,bps,uri://mybps.org/SpecialEducationProgramServiceDescriptor,Executive Functioning Skills - In GE,Executive Functioning Skills - In GE,Executive Functioning Skills - In GE
special_education_program_service_descriptors,bps,uri://mybps.org/SpecialEducationProgramServiceDescriptor,Executive Functioning Skills - Out GE,Executive Functioning Skills - Out GE,Executive Functioning Skills - Out GE
special_education_program_service_descriptors,bps,uri://mybps.org/SpecialEducationProgramServiceDescriptor,Executive Functions - In GE,Executive Functions - In GE,Executive Functions - In GE
special_education_program_service_descriptors,bps,uri://mybps.org/SpecialEducationProgramServiceDescriptor,Expressive Therapy - Out GE,Expressive Therapy - Out GE,Expressive Therapy - Out GE
special_education_program_service_descriptors,bps,uri://mybps.org/SpecialEducationProgramServiceDescriptor,Extended School  Year (ESY) Programming - Out GE,Extended School  Year (ESY) Programming - Out GE,Extended School  Year (ESY) Programming - Out GE
special_education_program_service_descriptors,bps,uri://mybps.org/SpecialEducationProgramServiceDescriptor,Extended School Year (ESY) Programming - Out GE,Extended School Year (ESY) Programming - Out GE,Extended School Year (ESY) Programming - Out GE
special_education_program_service_descriptors,bps,uri://mybps.org/SpecialEducationProgramServiceDescriptor,Extended School Year - Out GE,Extended School Year - Out GE,Extended School Year - Out GE
special_education_program_service_descriptors,bps,uri://mybps.org/SpecialEducationProgramServiceDescriptor,Family Therapy - Out GE,Family Therapy - Out GE,Family Therapy - Out GE
special_education_program_service_descriptors,bps,uri://mybps.org/SpecialEducationProgramServiceDescriptor,Fine Motor - Out GE,Fine Motor - Out GE,Fine Motor - Out GE
special_education_program_service_descriptors,bps,uri://mybps.org/SpecialEducationProgramServiceDescriptor,Fine Motor / Play Skills - Out GE,Fine Motor / Play Skills - Out GE,Fine Motor / Play Skills - Out GE
special_education_program_service_descriptors,bps,uri://mybps.org/SpecialEducationProgramServiceDescriptor,Fine Motor Skills - Out GE,Fine Motor Skills - Out GE,Fine Motor Skills - Out GE
special_education_program_service_descriptors,bps,uri://mybps.org/SpecialEducationProgramServiceDescriptor,Foundational Literacy Skills - Out GE,Foundational Literacy Skills - Out GE,Foundational Literacy Skills - Out GE
special_education_program_service_descriptors,bps,uri://mybps.org/SpecialEducationProgramServiceDescriptor,"Foundational Mathematics

Skills - Out GE","Foundational Mathematics

Skills - Out GE","Foundational Mathematics

Skills - Out GE"
special_education_program_service_descriptors,bps,uri://mybps.org/SpecialEducationProgramServiceDescriptor,Foundational Mathematics  Skills - Out GE,Foundational Mathematics  Skills - Out GE,Foundational Mathematics  Skills - Out GE
special_education_program_service_descriptors,bps,uri://mybps.org/SpecialEducationProgramServiceDescriptor,Functionak ELA - Out GE,Functionak ELA - Out GE,Functionak ELA - Out GE
special_education_program_service_descriptors,bps,uri://mybps.org/SpecialEducationProgramServiceDescriptor,Functional Academic - Out GE,Functional Academic - Out GE,Functional Academic - Out GE
special_education_program_service_descriptors,bps,uri://mybps.org/SpecialEducationProgramServiceDescriptor,Functional Academic Skills - Out GE,Functional Academic Skills - Out GE,Functional Academic Skills - Out GE
special_education_program_service_descriptors,bps,uri://mybps.org/SpecialEducationProgramServiceDescriptor,Functional Academics - In GE,Functional Academics - In GE,Functional Academics - In GE
special_education_program_service_descriptors,bps,uri://mybps.org/SpecialEducationProgramServiceDescriptor,Functional Academics - Out GE,Functional Academics - Out GE,Functional Academics - Out GE
special_education_program_service_descriptors,bps,uri://mybps.org/SpecialEducationProgramServiceDescriptor,"Functional Academics, ADL's, Life Skills - Out GE","Functional Academics, ADLs', Life Skills - Out GE","Functional Academics, ADL s, Life Skills - Out GE"
special_education_program_service_descriptors,bps,uri://mybps.org/SpecialEducationProgramServiceDescriptor,Functional Academics/Money Mangement - Out GE,Functional Academics/Money Mangement - Out GE,Functional Academics/Money Mangement - Out GE
special_education_program_service_descriptors,bps,uri://mybps.org/SpecialEducationProgramServiceDescriptor,Functional Academics/TransitionTHRIVE - Out GE,Functional Academics/TransitionTHRIVE - Out GE,Functional Academics/TransitionTHRIVE - Out GE
special_education_program_service_descriptors,bps,uri://mybps.org/SpecialEducationProgramServiceDescriptor,Functional Adaptation - Out GE,Functional Adaptation - Out GE,Functional Adaptation - Out GE
special_education_program_service_descriptors,bps,uri://mybps.org/SpecialEducationProgramServiceDescriptor,Functional Communication - Out GE,Functional Communication - Out GE,Functional Communication - Out GE
special_education_program_service_descriptors,bps,uri://mybps.org/SpecialEducationProgramServiceDescriptor,Functional ELA - Out GE,Functional ELA - Out GE,Functional ELA - Out GE
special_education_program_service_descriptors,bps,uri://mybps.org/SpecialEducationProgramServiceDescriptor,Functional Life Skills - Out GE,Functional Life Skills - Out GE,Functional Life Skills - Out GE
special_education_program_service_descriptors,bps,uri://mybps.org/SpecialEducationProgramServiceDescriptor,Functional Math - Out GE,Functional Math - Out GE,Functional Math - Out GE
special_education_program_service_descriptors,bps,uri://mybps.org/SpecialEducationProgramServiceDescriptor,Functional Reading - Out GE,Functional Reading - Out GE,Functional Reading - Out GE
special_education_program_service_descriptors,bps,uri://mybps.org/SpecialEducationProgramServiceDescriptor,General Program - Out GE,General Program - Out GE,General Program - Out GE
special_education_program_service_descriptors,bps,uri://mybps.org/SpecialEducationProgramServiceDescriptor,Group - Out GE,Group - Out GE,Group - Out GE
special_education_program_service_descriptors,bps,uri://mybps.org/SpecialEducationProgramServiceDescriptor,Group Psychotherapy - Out GE,Group Psychotherapy - Out GE,Group Psychotherapy - Out GE
special_education_program_service_descriptors,bps,uri://mybps.org/SpecialEducationProgramServiceDescriptor,Guidance - Out GE,Guidance - Out GE,Guidance - Out GE
special_education_program_service_descriptors,bps,uri://mybps.org/SpecialEducationProgramServiceDescriptor,Guidance Meeting - Out GE,Guidance Meeting - Out GE,Guidance Meeting - Out GE
special_education_program_service_descriptors,bps,uri://mybps.org/SpecialEducationProgramServiceDescriptor,Health - Out GE,Health - Out GE,Health - Out GE
special_education_program_service_descriptors,bps,uri://mybps.org/SpecialEducationProgramServiceDescriptor,Health / P.E. (general) - Out GE,Health / P.E. (general) - Out GE,Health / P.E. (general) - Out GE
special_education_program_service_descriptors,bps,uri://mybps.org/SpecialEducationProgramServiceDescriptor,Health Issues - Out GE,Health Issues - Out GE,Health Issues - Out GE
special_education_program_service_descriptors,bps,uri://mybps.org/SpecialEducationProgramServiceDescriptor,Health Management - Out GE,Health Management - Out GE,Health Management - Out GE
special_education_program_service_descriptors,bps,uri://mybps.org/SpecialEducationProgramServiceDescriptor,Health Student Issues - Out GE,Health Student Issues - Out GE,Health Student Issues - Out GE
special_education_program_service_descriptors,bps,uri://mybps.org/SpecialEducationProgramServiceDescriptor,Health and Safety - Out GE,Health and Safety - Out GE,Health and Safety - Out GE
special_education_program_service_descriptors,bps,uri://mybps.org/SpecialEducationProgramServiceDescriptor,Health and Student Issue - Out GE,Health and Student Issue - Out GE,Health and Student Issue - Out GE
special_education_program_service_descriptors,bps,uri://mybps.org/SpecialEducationProgramServiceDescriptor,Health and Student Issues - Out GE,Health and Student Issues - Out GE,Health and Student Issues - Out GE
special_education_program_service_descriptors,bps,uri://mybps.org/SpecialEducationProgramServiceDescriptor,Health/Student Issues - Out GE,Health/Student Issues - Out GE,Health/Student Issues - Out GE
special_education_program_service_descriptors,bps,uri://mybps.org/SpecialEducationProgramServiceDescriptor,Hearing - Out GE,Hearing - Out GE,Hearing - Out GE
special_education_program_service_descriptors,bps,uri://mybps.org/SpecialEducationProgramServiceDescriptor,Hearing Services - In GE,Hearing Services - In GE,Hearing Services - In GE
special_education_program_service_descriptors,bps,uri://mybps.org/SpecialEducationProgramServiceDescriptor,Hearing Services - Out GE,Hearing Services - Out GE,Hearing Services - Out GE
special_education_program_service_descriptors,bps,uri://mybps.org/SpecialEducationProgramServiceDescriptor,Heath/Student Issues - Out GE,Heath/Student Issues - Out GE,Heath/Student Issues - Out GE
special_education_program_service_descriptors,bps,uri://mybps.org/SpecialEducationProgramServiceDescriptor,History - In GE,History - In GE,History - In GE
special_education_program_service_descriptors,bps,uri://mybps.org/SpecialEducationProgramServiceDescriptor,History - Out GE,History - Out GE,History - Out GE
special_education_program_service_descriptors,bps,uri://mybps.org/SpecialEducationProgramServiceDescriptor,Home & Personal Management - Out GE,Home & Personal Management - Out GE,Home & Personal Management - Out GE
special_education_program_service_descriptors,bps,uri://mybps.org/SpecialEducationProgramServiceDescriptor,Home and Personal Management - Out GE,Home and Personal Management - Out GE,Home and Personal Management - Out GE
special_education_program_service_descriptors,bps,uri://mybps.org/SpecialEducationProgramServiceDescriptor,Inclusion - In GE,Inclusion - In GE,Inclusion - In GE
special_education_program_service_descriptors,bps,uri://mybps.org/SpecialEducationProgramServiceDescriptor,Inclusion / ELA - In GE,Inclusion / ELA - In GE,Inclusion / ELA - In GE
special_education_program_service_descriptors,bps,uri://mybps.org/SpecialEducationProgramServiceDescriptor,Inclusion / Math - In GE,Inclusion / Math - In GE,Inclusion / Math - In GE
special_education_program_service_descriptors,bps,uri://mybps.org/SpecialEducationProgramServiceDescriptor,Inclusion ELA - In GE,Inclusion ELA - In GE,Inclusion ELA - In GE
special_education_program_service_descriptors,bps,uri://mybps.org/SpecialEducationProgramServiceDescriptor,Inclusion Support - In GE,Inclusion Support - In GE,Inclusion Support - In GE
special_education_program_service_descriptors,bps,uri://mybps.org/SpecialEducationProgramServiceDescriptor,Inclusion Support: Executive Functioning - In GE,Inclusion Support: Executive Functioning - In GE,Inclusion Support: Executive Functioning - In GE
special_education_program_service_descriptors,bps,uri://mybps.org/SpecialEducationProgramServiceDescriptor,Independent Living - Out GE,Independent Living - Out GE,Independent Living - Out GE
special_education_program_service_descriptors,bps,uri://mybps.org/SpecialEducationProgramServiceDescriptor,Individual Check-in - Out GE,Individual Check-in - Out GE,Individual Check-in - Out GE
special_education_program_service_descriptors,bps,uri://mybps.org/SpecialEducationProgramServiceDescriptor,Individual Check-ins - Out GE,Individual Check-ins - Out GE,Individual Check-ins - Out GE
special_education_program_service_descriptors,bps,uri://mybps.org/SpecialEducationProgramServiceDescriptor,"Individual Support

1:1 - Out GE","Individual Support

1:1 - Out GE","Individual Support

1:1 - Out GE"
special_education_program_service_descriptors,bps,uri://mybps.org/SpecialEducationProgramServiceDescriptor,Individual Support  1:1 - Out GE,Individual Support  1:1 - Out GE,Individual Support  1:1 - Out GE
special_education_program_service_descriptors,bps,uri://mybps.org/SpecialEducationProgramServiceDescriptor,Individual Support 1:1 - Out GE,Individual Support 1:1 - Out GE,Individual Support 1:1 - Out GE
special_education_program_service_descriptors,bps,uri://mybps.org/SpecialEducationProgramServiceDescriptor,Individual Therapy - Out GE,Individual Therapy - Out GE,Individual Therapy - Out GE
special_education_program_service_descriptors,bps,uri://mybps.org/SpecialEducationProgramServiceDescriptor,Instruction Support Program - Out GE,Instruction Support Program - Out GE,Instruction Support Program - Out GE
special_education_program_service_descriptors,bps,uri://mybps.org/SpecialEducationProgramServiceDescriptor,"Instruction, behavior, communication - Out GE","Instruction, behavior, communication - Out GE","Instruction, behavior, communication - Out GE"
special_education_program_service_descriptors,bps,uri://mybps.org/SpecialEducationProgramServiceDescriptor,Instructional Support - In GE,Instructional Support - In GE,Instructional Support - In GE
special_education_program_service_descriptors,bps,uri://mybps.org/SpecialEducationProgramServiceDescriptor,Instructional Support - Out GE,Instructional Support - Out GE,Instructional Support - Out GE
special_education_program_service_descriptors,bps,uri://mybps.org/SpecialEducationProgramServiceDescriptor,Integrated Counseling and  Academics - Out GE,Integrated Counseling and  Academics - Out GE,Integrated Counseling and  Academics - Out GE
special_education_program_service_descriptors,bps,uri://mybps.org/SpecialEducationProgramServiceDescriptor,Integrated Counseling and Academics  Extended Scho,Integrated Counseling and Academics  Extended School Year - Out GE,Integrated Counseling and Academics  Extended School Year - Out GE
special_education_program_service_descriptors,bps,uri://mybps.org/SpecialEducationProgramServiceDescriptor,Integrated Counseling and Academics - Extended Sch,Integrated Counseling and Academics - Extended School Year - Out GE,Integrated Counseling and Academics - Extended School Year - Out GE
special_education_program_service_descriptors,bps,uri://mybps.org/SpecialEducationProgramServiceDescriptor,Integrated Counseling and Academics - Out GE,Integrated Counseling and Academics - Out GE,Integrated Counseling and Academics - Out GE
special_education_program_service_descriptors,bps,uri://mybps.org/SpecialEducationProgramServiceDescriptor,Integrated Counseling and Academics Extended Scho,Integrated Counseling and Academics Extended School Year - Out GE,Integrated Counseling and Academics Extended School Year - Out GE
special_education_program_service_descriptors,bps,uri://mybps.org/SpecialEducationProgramServiceDescriptor,Language & Communication - ESY - Out GE,Language & Communication - ESY - Out GE,Language & Communication - ESY - Out GE
special_education_program_service_descriptors,bps,uri://mybps.org/SpecialEducationProgramServiceDescriptor,Language &amp; Communication - ESY - Out GE,Language &amp; Communication - ESY - Out GE,Language &amp; Communication - ESY - Out GE
special_education_program_service_descriptors,bps,uri://mybps.org/SpecialEducationProgramServiceDescriptor,Language - Out GE,Language - Out GE,Language - Out GE
special_education_program_service_descriptors,bps,uri://mybps.org/SpecialEducationProgramServiceDescriptor,Language Arts - In GE,Language Arts - In GE,Language Arts - In GE
special_education_program_service_descriptors,bps,uri://mybps.org/SpecialEducationProgramServiceDescriptor,Language Arts - Out GE,Language Arts - Out GE,Language Arts - Out GE
special_education_program_service_descriptors,bps,uri://mybps.org/SpecialEducationProgramServiceDescriptor,Language Arts/Literacy - In GE,Language Arts/Literacy - In GE,Language Arts/Literacy - In GE
special_education_program_service_descriptors,bps,uri://mybps.org/SpecialEducationProgramServiceDescriptor,Language Arts/Literacy - Out GE,Language Arts/Literacy - Out GE,Language Arts/Literacy - Out GE
special_education_program_service_descriptors,bps,uri://mybps.org/SpecialEducationProgramServiceDescriptor,LanguageArts/Literacy - Out GE,LanguageArts/Literacy - Out GE,LanguageArts/Literacy - Out GE
special_education_program_service_descriptors,bps,uri://mybps.org/SpecialEducationProgramServiceDescriptor,Leisure Skills - Out GE,Leisure Skills - Out GE,Leisure Skills - Out GE
special_education_program_service_descriptors,bps,uri://mybps.org/SpecialEducationProgramServiceDescriptor,Leisure and Recreation - Out GE,Leisure and Recreation - Out GE,Leisure and Recreation - Out GE
special_education_program_service_descriptors,bps,uri://mybps.org/SpecialEducationProgramServiceDescriptor,Life Skills - Out GE,Life Skills - Out GE,Life Skills - Out GE
special_education_program_service_descriptors,bps,uri://mybps.org/SpecialEducationProgramServiceDescriptor,Life Skills Academic - Out GE,Life Skills Academic - Out GE,Life Skills Academic - Out GE
special_education_program_service_descriptors,bps,uri://mybps.org/SpecialEducationProgramServiceDescriptor,Life and Community - Out GE,Life and Community - Out GE,Life and Community - Out GE
special_education_program_service_descriptors,bps,uri://mybps.org/SpecialEducationProgramServiceDescriptor,Lit/LA - Out GE,Lit/LA - Out GE,Lit/LA - Out GE
special_education_program_service_descriptors,bps,uri://mybps.org/SpecialEducationProgramServiceDescriptor,Lit/Lang Arts - Out GE,Lit/Lang Arts - Out GE,Lit/Lang Arts - Out GE
special_education_program_service_descriptors,bps,uri://mybps.org/SpecialEducationProgramServiceDescriptor,Lit/Lang Arts Special - Out GE,Lit/Lang Arts Special - Out GE,Lit/Lang Arts Special - Out GE
special_education_program_service_descriptors,bps,uri://mybps.org/SpecialEducationProgramServiceDescriptor,Lit/Language Arts - Out GE,Lit/Language Arts - Out GE,Lit/Language Arts - Out GE
special_education_program_service_descriptors,bps,uri://mybps.org/SpecialEducationProgramServiceDescriptor,Literacy - Out GE,Literacy - Out GE,Literacy - Out GE
special_education_program_service_descriptors,bps,uri://mybps.org/SpecialEducationProgramServiceDescriptor,Literacy Skills - Out GE,Literacy Skills - Out GE,Literacy Skills - Out GE
special_education_program_service_descriptors,bps,uri://mybps.org/SpecialEducationProgramServiceDescriptor,Literature/Lang Arts - Out GE,Literature/Lang Arts - Out GE,Literature/Lang Arts - Out GE
special_education_program_service_descriptors,bps,uri://mybps.org/SpecialEducationProgramServiceDescriptor,Literature/Language Arts - Out GE,Literature/Language Arts - Out GE,Literature/Language Arts - Out GE
special_education_program_service_descriptors,bps,uri://mybps.org/SpecialEducationProgramServiceDescriptor,Living Skills - Daily - In GE,Living Skills - Daily - In GE,Living Skills - Daily - In GE
special_education_program_service_descriptors,bps,uri://mybps.org/SpecialEducationProgramServiceDescriptor,Living Skills - Daily - Out GE,Living Skills - Daily - Out GE,Living Skills - Daily - Out GE
special_education_program_service_descriptors,bps,uri://mybps.org/SpecialEducationProgramServiceDescriptor,Math (Indiv. or Small Group) - Out GE,Math (Indiv. or Small Group) - Out GE,Math (Indiv. or Small Group) - Out GE
special_education_program_service_descriptors,bps,uri://mybps.org/SpecialEducationProgramServiceDescriptor,Math - In GE,Math - In GE,Math - In GE
special_education_program_service_descriptors,bps,uri://mybps.org/SpecialEducationProgramServiceDescriptor,Math - Out GE,Math - Out GE,Math - Out GE
special_education_program_service_descriptors,bps,uri://mybps.org/SpecialEducationProgramServiceDescriptor,Math Skills - In GE,Math Skills - In GE,Math Skills - In GE
special_education_program_service_descriptors,bps,uri://mybps.org/SpecialEducationProgramServiceDescriptor,Math Skills - Out GE,Math Skills - Out GE,Math Skills - Out GE
special_education_program_service_descriptors,bps,uri://mybps.org/SpecialEducationProgramServiceDescriptor,Math Support - Out GE,Math Support - Out GE,Math Support - Out GE
special_education_program_service_descriptors,bps,uri://mybps.org/SpecialEducationProgramServiceDescriptor,Math Tutorial - Out GE,Math Tutorial - Out GE,Math Tutorial - Out GE
special_education_program_service_descriptors,bps,uri://mybps.org/SpecialEducationProgramServiceDescriptor,"Math, ELA , Social Behavior - Out GE","Math, ELA , Social Behavior - Out GE","Math, ELA , Social Behavior - Out GE"
special_education_program_service_descriptors,bps,uri://mybps.org/SpecialEducationProgramServiceDescriptor,"Math, Social Behavior and Communication - Out GE","Math, Social Behavior and Communication - Out GE","Math, Social Behavior and Communication - Out GE"
special_education_program_service_descriptors,bps,uri://mybps.org/SpecialEducationProgramServiceDescriptor,"Math,Social Behavior and Communication - Out GE","Math,Social Behavior and Communication - Out GE","Math,Social Behavior and Communication - Out GE"
special_education_program_service_descriptors,bps,uri://mybps.org/SpecialEducationProgramServiceDescriptor,"Math,Social Behavior, and Communication - Out GE","Math,Social Behavior, and Communication - Out GE","Math,Social Behavior, and Communication - Out GE"
special_education_program_service_descriptors,bps,uri://mybps.org/SpecialEducationProgramServiceDescriptor,Mathematic - Out GE,Mathematic - Out GE,Mathematic - Out GE
special_education_program_service_descriptors,bps,uri://mybps.org/SpecialEducationProgramServiceDescriptor,Mathematics (general) - In GE,Mathematics (general) - In GE,Mathematics (general) - In GE
special_education_program_service_descriptors,bps,uri://mybps.org/SpecialEducationProgramServiceDescriptor,Mathematics (general) - Out GE,Mathematics (general) - Out GE,Mathematics (general) - Out GE
special_education_program_service_descriptors,bps,uri://mybps.org/SpecialEducationProgramServiceDescriptor,Mathematics - In GE,Mathematics - In GE,Mathematics - In GE
special_education_program_service_descriptors,bps,uri://mybps.org/SpecialEducationProgramServiceDescriptor,Mathematics - Out GE,Mathematics - Out GE,Mathematics - Out GE
special_education_program_service_descriptors,bps,uri://mybps.org/SpecialEducationProgramServiceDescriptor,Mathematics Skill - Out GE,Mathematics Skill - Out GE,Mathematics Skill - Out GE
special_education_program_service_descriptors,bps,uri://mybps.org/SpecialEducationProgramServiceDescriptor,"Mathematics,

Communication, Social

Behavior - Ou","Mathematics,

Communication, Social

Behavior - Out GE","Mathematics,

Communication, Social

Behavior - Out GE"
special_education_program_service_descriptors,bps,uri://mybps.org/SpecialEducationProgramServiceDescriptor,"Mathematics,  Communication, Social  Behavior - Ou","Mathematics,  Communication, Social  Behavior - Out GE","Mathematics,  Communication, Social  Behavior - Out GE"
special_education_program_service_descriptors,bps,uri://mybps.org/SpecialEducationProgramServiceDescriptor,"Mathematics, Social Behavior and Communication - O","Mathematics, Social Behavior and Communication - Out GE","Mathematics, Social Behavior and Communication - Out GE"
special_education_program_service_descriptors,bps,uri://mybps.org/SpecialEducationProgramServiceDescriptor,"Mathematics,Communication, Social Behavior - Ou","Mathematics, Communication, Social Behavior - Out GE","Mathematics, Communication, Social Behavior - Out GE"
special_education_program_service_descriptors,bps,uri://mybps.org/SpecialEducationProgramServiceDescriptor,Medication Management - Out GE,Medication Management - Out GE,Medication Management - Out GE
special_education_program_service_descriptors,bps,uri://mybps.org/SpecialEducationProgramServiceDescriptor,Milieu Social Emotional/ Behavioral Support - Out ,Milieu Social Emotional/ Behavioral Support - Out GE,Milieu Social Emotional/ Behavioral Support - Out GE
special_education_program_service_descriptors,bps,uri://mybps.org/SpecialEducationProgramServiceDescriptor,"Milieu Social Skills Break, Lunch - Out GE","Milieu Social Skills Break, Lunch - Out GE","Milieu Social Skills Break, Lunch - Out GE"
special_education_program_service_descriptors,bps,uri://mybps.org/SpecialEducationProgramServiceDescriptor,Milieu Therapy - Out GE,Milieu Therapy - Out GE,Milieu Therapy - Out GE
special_education_program_service_descriptors,bps,uri://mybps.org/SpecialEducationProgramServiceDescriptor,"Milieu-Academic Regroup, Class Transitions - Out G","Milieu-Academic Regroup, Class Transitions - Out GE","Milieu-Academic Regroup, Class Transitions - Out GE"
special_education_program_service_descriptors,bps,uri://mybps.org/SpecialEducationProgramServiceDescriptor,Motor Skills - In GE,Motor Skills - In GE,Motor Skills - In GE
special_education_program_service_descriptors,bps,uri://mybps.org/SpecialEducationProgramServiceDescriptor,Motor Skills - Out GE,Motor Skills - Out GE,Motor Skills - Out GE
special_education_program_service_descriptors,bps,uri://mybps.org/SpecialEducationProgramServiceDescriptor,"Motor Skills,

Communication, Social

Behavior - O","Motor Skills,

Communication, Social

Behavior - Out GE","Motor Skills,

Communication, Social

Behavior - Out GE"
special_education_program_service_descriptors,bps,uri://mybps.org/SpecialEducationProgramServiceDescriptor,"Motor Skills,  Communication, Social  Behavior - O","Motor Skills,  Communication, Social  Behavior - Out GE","Motor Skills,  Communication, Social  Behavior - Out GE"
special_education_program_service_descriptors,bps,uri://mybps.org/SpecialEducationProgramServiceDescriptor,"Motor Skills, Communication, Social Behavior - O","Motor Skills, Communication, Social Behavior - Out GE","Motor Skills, Communication, Social Behavior - Out GE"
special_education_program_service_descriptors,bps,uri://mybps.org/SpecialEducationProgramServiceDescriptor,Music - Fine/Oral Motor/Sensory Integration - Out ,Music - Fine/Oral Motor/Sensory Integration - Out GE,Music - Fine/Oral Motor/Sensory Integration - Out GE
special_education_program_service_descriptors,bps,uri://mybps.org/SpecialEducationProgramServiceDescriptor,Music - Oral Motor/ Sensory Integration - Out GE,Music - Oral Motor/ Sensory Integration - Out GE,Music - Oral Motor/ Sensory Integration - Out GE
special_education_program_service_descriptors,bps,uri://mybps.org/SpecialEducationProgramServiceDescriptor,Music Therapy - Out GE,Music Therapy - Out GE,Music Therapy - Out GE
special_education_program_service_descriptors,bps,uri://mybps.org/SpecialEducationProgramServiceDescriptor,"Music- Fine/Oral

Motor/Sensory

Integration - Out","Music- Fine/Oral

Motor/Sensory

Integration - Out GE","Music- Fine/Oral

Motor/Sensory

Integration - Out GE"
special_education_program_service_descriptors,bps,uri://mybps.org/SpecialEducationProgramServiceDescriptor,Music- Fine/Oral  Motor/Sensory  Integration - Out,Music- Fine/Oral  Motor/Sensory  Integration - Out GE,Music- Fine/Oral  Motor/Sensory  Integration - Out GE
special_education_program_service_descriptors,bps,uri://mybps.org/SpecialEducationProgramServiceDescriptor,Music- Fine/Oral Motor/Sensory Integration - Out,Music- Fine/Oral Motor/Sensory Integration - Out GE,Music- Fine/Oral Motor/Sensory Integration - Out GE
special_education_program_service_descriptors,bps,uri://mybps.org/SpecialEducationProgramServiceDescriptor,Music- Oral Motor/Sensory  Integration - Out GE,Music- Oral Motor/Sensory  Integration - Out GE,Music- Oral Motor/Sensory  Integration - Out GE
special_education_program_service_descriptors,bps,uri://mybps.org/SpecialEducationProgramServiceDescriptor,Music- Oral Motor/Sensory Integration - Out GE,Music- Oral Motor/Sensory Integration - Out GE,Music- Oral Motor/Sensory Integration - Out GE
special_education_program_service_descriptors,bps,uri://mybps.org/SpecialEducationProgramServiceDescriptor,Music-Fine Oral Motor/Sensory Integration - Out GE,Music-Fine Oral Motor/Sensory Integration - Out GE,Music-Fine Oral Motor/Sensory Integration - Out GE
special_education_program_service_descriptors,bps,uri://mybps.org/SpecialEducationProgramServiceDescriptor,"Music-Fine/Oral

Motor/Sensory

Integration - Out ","Music-Fine/Oral

Motor/Sensory

Integration - Out GE","Music-Fine/Oral

Motor/Sensory

Integration - Out GE"
special_education_program_service_descriptors,bps,uri://mybps.org/SpecialEducationProgramServiceDescriptor,Music/Fine Oral Motor/Sensory Integration - Out GE,Music/Fine Oral Motor/Sensory Integration - Out GE,Music/Fine Oral Motor/Sensory Integration - Out GE
special_education_program_service_descriptors,bps,uri://mybps.org/SpecialEducationProgramServiceDescriptor,Non Academic Support - In GE,Non Academic Support - In GE,Non Academic Support - In GE
special_education_program_service_descriptors,bps,uri://mybps.org/SpecialEducationProgramServiceDescriptor,NonAcademic Support - In GE,NonAcademic Support - In GE,NonAcademic Support - In GE
special_education_program_service_descriptors,bps,uri://mybps.org/SpecialEducationProgramServiceDescriptor,Nursing Import - Out GE,Nursing Import - Out GE,Nursing Import - Out GE
special_education_program_service_descriptors,bps,uri://mybps.org/SpecialEducationProgramServiceDescriptor,Nursing Services - In GE,Nursing Services - In GE,Nursing Services - In GE
special_education_program_service_descriptors,bps,uri://mybps.org/SpecialEducationProgramServiceDescriptor,Nursing Services - Out GE,Nursing Services - Out GE,Nursing Services - Out GE
special_education_program_service_descriptors,bps,uri://mybps.org/SpecialEducationProgramServiceDescriptor,OT - Out GE,OT - Out GE,OT - Out GE
special_education_program_service_descriptors,bps,uri://mybps.org/SpecialEducationProgramServiceDescriptor,Occupation Therapy - Out GE,Occupation Therapy - Out GE,Occupation Therapy - Out GE
special_education_program_service_descriptors,bps,uri://mybps.org/SpecialEducationProgramServiceDescriptor,Occupational Therapy (Group) - Out GE,Occupational Therapy (Group) - Out GE,Occupational Therapy (Group) - Out GE
special_education_program_service_descriptors,bps,uri://mybps.org/SpecialEducationProgramServiceDescriptor,Occupational Therapy (Individual or Dyad) - Out GE,Occupational Therapy (Individual or Dyad) - Out GE,Occupational Therapy (Individual or Dyad) - Out GE
special_education_program_service_descriptors,bps,uri://mybps.org/SpecialEducationProgramServiceDescriptor,Occupational Therapy - In GE,Occupational Therapy - In GE,Occupational Therapy - In GE
special_education_program_service_descriptors,bps,uri://mybps.org/SpecialEducationProgramServiceDescriptor,Occupational Therapy - Out GE,Occupational Therapy - Out GE,Occupational Therapy - Out GE
special_education_program_service_descriptors,bps,uri://mybps.org/SpecialEducationProgramServiceDescriptor,Occupational Therapy Group - Out GE,Occupational Therapy Group - Out GE,Occupational Therapy Group - Out GE
special_education_program_service_descriptors,bps,uri://mybps.org/SpecialEducationProgramServiceDescriptor,Occupational Therapy Individual - Out GE,Occupational Therapy Individual - Out GE,Occupational Therapy Individual - Out GE
special_education_program_service_descriptors,bps,uri://mybps.org/SpecialEducationProgramServiceDescriptor,Occupational Therapy/Sensory Motor Group - Out GE,Occupational Therapy/Sensory Motor Group - Out GE,Occupational Therapy/Sensory Motor Group - Out GE
special_education_program_service_descriptors,bps,uri://mybps.org/SpecialEducationProgramServiceDescriptor,Oral Expression - Out GE,Oral Expression - Out GE,Oral Expression - Out GE
special_education_program_service_descriptors,bps,uri://mybps.org/SpecialEducationProgramServiceDescriptor,Oral Expression/Literature - Out GE,Oral Expression/Literature - Out GE,Oral Expression/Literature - Out GE
special_education_program_service_descriptors,bps,uri://mybps.org/SpecialEducationProgramServiceDescriptor,Organizational Strategies - In GE,Organizational Strategies - In GE,Organizational Strategies - In GE
special_education_program_service_descriptors,bps,uri://mybps.org/SpecialEducationProgramServiceDescriptor,Organizational Strategies - Out GE,Organizational Strategies - Out GE,Organizational Strategies - Out GE
special_education_program_service_descriptors,bps,uri://mybps.org/SpecialEducationProgramServiceDescriptor,Orientation and Mobility - Out GE,Orientation and Mobility - Out GE,Orientation and Mobility - Out GE
special_education_program_service_descriptors,bps,uri://mybps.org/SpecialEducationProgramServiceDescriptor,Other:  Phys Ed/Motor Skills Social Behavior and C,Other:  Phys Ed/Motor Skills Social Behavior and Communication - Out GE,Other:  Phys Ed/Motor Skills Social Behavior and Communication - Out GE
special_education_program_service_descriptors,bps,uri://mybps.org/SpecialEducationProgramServiceDescriptor,"Other: Self Help, Social Behavior and Communicatio","Other: Self Help, Social Behavior and Communication - Out GE","Other: Self Help, Social Behavior and Communication - Out GE"
special_education_program_service_descriptors,bps,uri://mybps.org/SpecialEducationProgramServiceDescriptor,"Other: Self-Help, Social Behavior and Communicatio","Other: Self-Help, Social Behavior and Communication - Out GE","Other: Self-Help, Social Behavior and Communication - Out GE"
special_education_program_service_descriptors,bps,uri://mybps.org/SpecialEducationProgramServiceDescriptor,PE - Gross Motor/ Sensory Integration - Out GE,PE - Gross Motor/ Sensory Integration - Out GE,PE - Gross Motor/ Sensory Integration - Out GE
special_education_program_service_descriptors,bps,uri://mybps.org/SpecialEducationProgramServiceDescriptor,PE - Gross Motor/Sensory Integration - Out GE,PE - Gross Motor/Sensory Integration - Out GE,PE - Gross Motor/Sensory Integration - Out GE
special_education_program_service_descriptors,bps,uri://mybps.org/SpecialEducationProgramServiceDescriptor,"PE- Gross

Motor/Sensory

Integration - Out GE","PE- Gross

Motor/Sensory

Integration - Out GE","PE- Gross

Motor/Sensory

Integration - Out GE"
special_education_program_service_descriptors,bps,uri://mybps.org/SpecialEducationProgramServiceDescriptor,PE- Gross  Motor/Sensory  Integration - Out GE,PE- Gross  Motor/Sensory  Integration - Out GE,PE- Gross  Motor/Sensory  Integration - Out GE
special_education_program_service_descriptors,bps,uri://mybps.org/SpecialEducationProgramServiceDescriptor,PE- Gross Motor/Sensory  Integration - Out GE,PE- Gross Motor/Sensory  Integration - Out GE,PE- Gross Motor/Sensory  Integration - Out GE
special_education_program_service_descriptors,bps,uri://mybps.org/SpecialEducationProgramServiceDescriptor,PE- Gross Motor/Sensory Integration - Out GE,PE- Gross Motor/Sensory Integration - Out GE,PE- Gross Motor/Sensory Integration - Out GE
special_education_program_service_descriptors,bps,uri://mybps.org/SpecialEducationProgramServiceDescriptor,PE-Gross Motor/Sensory Integration - Out GE,PE-Gross Motor/Sensory Integration - Out GE,PE-Gross Motor/Sensory Integration - Out GE
special_education_program_service_descriptors,bps,uri://mybps.org/SpecialEducationProgramServiceDescriptor,PE/Gross Motor/Sensory Integration - Out GE,PE/Gross Motor/Sensory Integration - Out GE,PE/Gross Motor/Sensory Integration - Out GE
special_education_program_service_descriptors,bps,uri://mybps.org/SpecialEducationProgramServiceDescriptor,PSP Counseling - Out GE,PSP Counseling - Out GE,PSP Counseling - Out GE
special_education_program_service_descriptors,bps,uri://mybps.org/SpecialEducationProgramServiceDescriptor,PT - Out GE,PT - Out GE,PT - Out GE
special_education_program_service_descriptors,bps,uri://mybps.org/SpecialEducationProgramServiceDescriptor,Perceptual Skills - Out GE,Perceptual Skills - Out GE,Perceptual Skills - Out GE
special_education_program_service_descriptors,bps,uri://mybps.org/SpecialEducationProgramServiceDescriptor,Phys Ed - Out GE,Phys Ed - Out GE,Phys Ed - Out GE
special_education_program_service_descriptors,bps,uri://mybps.org/SpecialEducationProgramServiceDescriptor,"Phys Ed, Communication, and Social Behavior - Out ","Phys Ed, Communication, and Social Behavior - Out GE","Phys Ed, Communication, and Social Behavior - Out GE"
special_education_program_service_descriptors,bps,uri://mybps.org/SpecialEducationProgramServiceDescriptor,Phys Ed/Motor Skills - Out GE,Phys Ed/Motor Skills - Out GE,Phys Ed/Motor Skills - Out GE
special_education_program_service_descriptors,bps,uri://mybps.org/SpecialEducationProgramServiceDescriptor,"Phys Ed/Motor Skills, Social Behavior and Communic","Phys Ed/Motor Skills, Social Behavior and Communication - Out GE","Phys Ed/Motor Skills, Social Behavior and Communication - Out GE"
special_education_program_service_descriptors,bps,uri://mybps.org/SpecialEducationProgramServiceDescriptor,"Physical Ed/Motor Skills, Social Behavior and Comm","Physical Ed/Motor Skills, Social Behavior and Communication - Out GE","Physical Ed/Motor Skills, Social Behavior and Communication - Out GE"
special_education_program_service_descriptors,bps,uri://mybps.org/SpecialEducationProgramServiceDescriptor,Physical Therapy - In GE,Physical Therapy - In GE,Physical Therapy - In GE
special_education_program_service_descriptors,bps,uri://mybps.org/SpecialEducationProgramServiceDescriptor,Physical Therapy - Out GE,Physical Therapy - Out GE,Physical Therapy - Out GE
special_education_program_service_descriptors,bps,uri://mybps.org/SpecialEducationProgramServiceDescriptor,Physical Therapy/Sensory Motor Group - Out GE,Physical Therapy/Sensory Motor Group - Out GE,Physical Therapy/Sensory Motor Group - Out GE
special_education_program_service_descriptors,bps,uri://mybps.org/SpecialEducationProgramServiceDescriptor,Physical and Occupational  Therapy (co-treat) - Ou,Physical and Occupational  Therapy (co-treat) - Out GE,Physical and Occupational  Therapy (co-treat) - Out GE
special_education_program_service_descriptors,bps,uri://mybps.org/SpecialEducationProgramServiceDescriptor,Post Secondary Planning - Out GE,Post Secondary Planning - Out GE,Post Secondary Planning - Out GE
special_education_program_service_descriptors,bps,uri://mybps.org/SpecialEducationProgramServiceDescriptor,Post-Secondary Prevocational Skills - Out GE,Post-Secondary Prevocational Skills - Out GE,Post-Secondary Prevocational Skills - Out GE
special_education_program_service_descriptors,bps,uri://mybps.org/SpecialEducationProgramServiceDescriptor,Post-Secondary/Pre-Vocational Skills - Out GE,Post-Secondary/Pre-Vocational Skills - Out GE,Post-Secondary/Pre-Vocational Skills - Out GE
special_education_program_service_descriptors,bps,uri://mybps.org/SpecialEducationProgramServiceDescriptor,Pragmatic - Out GE,Pragmatic - Out GE,Pragmatic - Out GE
special_education_program_service_descriptors,bps,uri://mybps.org/SpecialEducationProgramServiceDescriptor,Pragmatic Skills - Out GE,Pragmatic Skills - Out GE,Pragmatic Skills - Out GE
special_education_program_service_descriptors,bps,uri://mybps.org/SpecialEducationProgramServiceDescriptor,"Pragmatic, Receptive and

Receptive Language Skill","Pragmatic, Receptive and

Receptive Language Skills - Out GE","Pragmatic, Receptive and

Receptive Language Skills - Out GE"
special_education_program_service_descriptors,bps,uri://mybps.org/SpecialEducationProgramServiceDescriptor,"Pragmatic, Receptive and  Receptive Language Skill","Pragmatic, Receptive and  Receptive Language Skills - Out GE","Pragmatic, Receptive and  Receptive Language Skills - Out GE"
special_education_program_service_descriptors,bps,uri://mybps.org/SpecialEducationProgramServiceDescriptor,Pragmatics - Out GE,Pragmatics - Out GE,Pragmatics - Out GE
special_education_program_service_descriptors,bps,uri://mybps.org/SpecialEducationProgramServiceDescriptor,Pre-Employment - Out GE,Pre-Employment - Out GE,Pre-Employment - Out GE
special_education_program_service_descriptors,bps,uri://mybps.org/SpecialEducationProgramServiceDescriptor,"Pre-Independent Living

Skills - Out GE","Pre-Independent Living

Skills - Out GE","Pre-Independent Living

Skills - Out GE"
special_education_program_service_descriptors,bps,uri://mybps.org/SpecialEducationProgramServiceDescriptor,Pre-Independent Living  Skills - Out GE,Pre-Independent Living  Skills - Out GE,Pre-Independent Living  Skills - Out GE
special_education_program_service_descriptors,bps,uri://mybps.org/SpecialEducationProgramServiceDescriptor,Pre-Independent Living Skills - Out GE,Pre-Independent Living Skills - Out GE,Pre-Independent Living Skills - Out GE
special_education_program_service_descriptors,bps,uri://mybps.org/SpecialEducationProgramServiceDescriptor,Pre-Literacy - Out GE,Pre-Literacy - Out GE,Pre-Literacy - Out GE
special_education_program_service_descriptors,bps,uri://mybps.org/SpecialEducationProgramServiceDescriptor,Pre-Vocational Skills - Out GE,Pre-Vocational Skills - Out GE,Pre-Vocational Skills - Out GE
special_education_program_service_descriptors,bps,uri://mybps.org/SpecialEducationProgramServiceDescriptor,Pre-Vocational/Domestic Skills - Out GE,Pre-Vocational/Domestic Skills - Out GE,Pre-Vocational/Domestic Skills - Out GE
special_education_program_service_descriptors,bps,uri://mybps.org/SpecialEducationProgramServiceDescriptor,Pre-Writing Skills - Out GE,Pre-Writing Skills - Out GE,Pre-Writing Skills - Out GE
special_education_program_service_descriptors,bps,uri://mybps.org/SpecialEducationProgramServiceDescriptor,Pre-vocational - Out GE,Pre-vocational - Out GE,Pre-vocational - Out GE
special_education_program_service_descriptors,bps,uri://mybps.org/SpecialEducationProgramServiceDescriptor,Preacademics - Out GE,Preacademics - Out GE,Preacademics - Out GE
special_education_program_service_descriptors,bps,uri://mybps.org/SpecialEducationProgramServiceDescriptor,Preschool Special Education - In GE,Preschool Special Education - In GE,Preschool Special Education - In GE
special_education_program_service_descriptors,bps,uri://mybps.org/SpecialEducationProgramServiceDescriptor,Preschool Special Education - Out GE,Preschool Special Education - Out GE,Preschool Special Education - Out GE
special_education_program_service_descriptors,bps,uri://mybps.org/SpecialEducationProgramServiceDescriptor,Problem Solving - Out GE,Problem Solving - Out GE,Problem Solving - Out GE
special_education_program_service_descriptors,bps,uri://mybps.org/SpecialEducationProgramServiceDescriptor,Psychiatric Consultation - Out GE,Psychiatric Consultation - Out GE,Psychiatric Consultation - Out GE
special_education_program_service_descriptors,bps,uri://mybps.org/SpecialEducationProgramServiceDescriptor,Psycho-ed skills groups - Out GE,Psycho-ed skills groups - Out GE,Psycho-ed skills groups - Out GE
special_education_program_service_descriptors,bps,uri://mybps.org/SpecialEducationProgramServiceDescriptor,Psychological Services - In GE,Psychological Services - In GE,Psychological Services - In GE
special_education_program_service_descriptors,bps,uri://mybps.org/SpecialEducationProgramServiceDescriptor,Psychological Services - Out GE,Psychological Services - Out GE,Psychological Services - Out GE
special_education_program_service_descriptors,bps,uri://mybps.org/SpecialEducationProgramServiceDescriptor,Psychotherapy - Out GE,Psychotherapy - Out GE,Psychotherapy - Out GE
special_education_program_service_descriptors,bps,uri://mybps.org/SpecialEducationProgramServiceDescriptor,READING skills - Out GE,READING skills - Out GE,READING skills - Out GE
special_education_program_service_descriptors,bps,uri://mybps.org/SpecialEducationProgramServiceDescriptor,Readiness Skills - In GE,Readiness Skills - In GE,Readiness Skills - In GE
special_education_program_service_descriptors,bps,uri://mybps.org/SpecialEducationProgramServiceDescriptor,Readiness Skills - Out GE,Readiness Skills - Out GE,Readiness Skills - Out GE
special_education_program_service_descriptors,bps,uri://mybps.org/SpecialEducationProgramServiceDescriptor,Reading & Writing Skills - Out GE,Reading & Writing Skills - Out GE,Reading & Writing Skills - Out GE
special_education_program_service_descriptors,bps,uri://mybps.org/SpecialEducationProgramServiceDescriptor,Reading - In GE,Reading - In GE,Reading - In GE
special_education_program_service_descriptors,bps,uri://mybps.org/SpecialEducationProgramServiceDescriptor,Reading - Out GE,Reading - Out GE,Reading - Out GE
special_education_program_service_descriptors,bps,uri://mybps.org/SpecialEducationProgramServiceDescriptor,Reading Comprehension - In GE,Reading Comprehension - In GE,Reading Comprehension - In GE
special_education_program_service_descriptors,bps,uri://mybps.org/SpecialEducationProgramServiceDescriptor,Reading Comprehension - Out GE,Reading Comprehension - Out GE,Reading Comprehension - Out GE
special_education_program_service_descriptors,bps,uri://mybps.org/SpecialEducationProgramServiceDescriptor,Reading Decoding - Out GE,Reading Decoding - Out GE,Reading Decoding - Out GE
special_education_program_service_descriptors,bps,uri://mybps.org/SpecialEducationProgramServiceDescriptor,Reading Fluency and Comprehension - In GE,Reading Fluency and Comprehension - In GE,Reading Fluency and Comprehension - In GE
special_education_program_service_descriptors,bps,uri://mybps.org/SpecialEducationProgramServiceDescriptor,Reading Fluency and Comprehension - Out GE,Reading Fluency and Comprehension - Out GE,Reading Fluency and Comprehension - Out GE
special_education_program_service_descriptors,bps,uri://mybps.org/SpecialEducationProgramServiceDescriptor,Reading Instruction - In GE,Reading Instruction - In GE,Reading Instruction - In GE
special_education_program_service_descriptors,bps,uri://mybps.org/SpecialEducationProgramServiceDescriptor,Reading Instruction - Out GE,Reading Instruction - Out GE,Reading Instruction - Out GE
special_education_program_service_descriptors,bps,uri://mybps.org/SpecialEducationProgramServiceDescriptor,Reading Remediation - Out GE,Reading Remediation - Out GE,Reading Remediation - Out GE
special_education_program_service_descriptors,bps,uri://mybps.org/SpecialEducationProgramServiceDescriptor,Reading Tutorial - Out GE,Reading Tutorial - Out GE,Reading Tutorial - Out GE
special_education_program_service_descriptors,bps,uri://mybps.org/SpecialEducationProgramServiceDescriptor,Reading Tutoring - Out GE,Reading Tutoring - Out GE,Reading Tutoring - Out GE
special_education_program_service_descriptors,bps,uri://mybps.org/SpecialEducationProgramServiceDescriptor,Reading and Spelling - Out GE,Reading and Spelling - Out GE,Reading and Spelling - Out GE
special_education_program_service_descriptors,bps,uri://mybps.org/SpecialEducationProgramServiceDescriptor,Reading support - Out GE,Reading support - Out GE,Reading support - Out GE
special_education_program_service_descriptors,bps,uri://mybps.org/SpecialEducationProgramServiceDescriptor,Reading-Decoding - Out GE,Reading-Decoding - Out GE,Reading-Decoding - Out GE
special_education_program_service_descriptors,bps,uri://mybps.org/SpecialEducationProgramServiceDescriptor,Reading/ Writing - Out GE,Reading/ Writing - Out GE,Reading/ Writing - Out GE
special_education_program_service_descriptors,bps,uri://mybps.org/SpecialEducationProgramServiceDescriptor,Reading/ comprehension/ writing - Out GE,Reading/ comprehension/ writing - Out GE,Reading/ comprehension/ writing - Out GE
special_education_program_service_descriptors,bps,uri://mybps.org/SpecialEducationProgramServiceDescriptor,Reading/ELA - Out GE,Reading/ELA - Out GE,Reading/ELA - Out GE
special_education_program_service_descriptors,bps,uri://mybps.org/SpecialEducationProgramServiceDescriptor,Reading/Language Arts - Out GE,Reading/Language Arts - Out GE,Reading/Language Arts - Out GE
special_education_program_service_descriptors,bps,uri://mybps.org/SpecialEducationProgramServiceDescriptor,Reading/Spelling - Out GE,Reading/Spelling - Out GE,Reading/Spelling - Out GE
special_education_program_service_descriptors,bps,uri://mybps.org/SpecialEducationProgramServiceDescriptor,Reading/Writing - In GE,Reading/Writing - In GE,Reading/Writing - In GE
special_education_program_service_descriptors,bps,uri://mybps.org/SpecialEducationProgramServiceDescriptor,Reading/Writing Skills - In GE,Reading/Writing Skills - In GE,Reading/Writing Skills - In GE
special_education_program_service_descriptors,bps,uri://mybps.org/SpecialEducationProgramServiceDescriptor,Reading/Writing Skills - Out GE,Reading/Writing Skills - Out GE,Reading/Writing Skills - Out GE
special_education_program_service_descriptors,bps,uri://mybps.org/SpecialEducationProgramServiceDescriptor,Recreation Community Skills - Out GE,Recreation Community Skills - Out GE,Recreation Community Skills - Out GE
special_education_program_service_descriptors,bps,uri://mybps.org/SpecialEducationProgramServiceDescriptor,Recreation Services - Out GE,Recreation Services - Out GE,Recreation Services - Out GE
special_education_program_service_descriptors,bps,uri://mybps.org/SpecialEducationProgramServiceDescriptor,Recreation Therapy - Out GE,Recreation Therapy - Out GE,Recreation Therapy - Out GE
special_education_program_service_descriptors,bps,uri://mybps.org/SpecialEducationProgramServiceDescriptor,Recreation/Community Skills - Out GE,Recreation/Community Skills - Out GE,Recreation/Community Skills - Out GE
special_education_program_service_descriptors,bps,uri://mybps.org/SpecialEducationProgramServiceDescriptor,Remedial Reading - ESY - Out GE,Remedial Reading - ESY - Out GE,Remedial Reading - ESY - Out GE
special_education_program_service_descriptors,bps,uri://mybps.org/SpecialEducationProgramServiceDescriptor,Remedial Reading - Out GE,Remedial Reading - Out GE,Remedial Reading - Out GE
special_education_program_service_descriptors,bps,uri://mybps.org/SpecialEducationProgramServiceDescriptor,Residential - Out GE,Residential - Out GE,Residential - Out GE
special_education_program_service_descriptors,bps,uri://mybps.org/SpecialEducationProgramServiceDescriptor,Residential Overnight - Out GE,Residential Overnight - Out GE,Residential Overnight - Out GE
special_education_program_service_descriptors,bps,uri://mybps.org/SpecialEducationProgramServiceDescriptor,Residential Services - Out GE,Residential Services - Out GE,Residential Services - Out GE
special_education_program_service_descriptors,bps,uri://mybps.org/SpecialEducationProgramServiceDescriptor,Residential/Daily Living Skills - Out GE,Residential/Daily Living Skills - Out GE,Residential/Daily Living Skills - Out GE
special_education_program_service_descriptors,bps,uri://mybps.org/SpecialEducationProgramServiceDescriptor,Residential/Life Skills - Out GE,Residential/Life Skills - Out GE,Residential/Life Skills - Out GE
special_education_program_service_descriptors,bps,uri://mybps.org/SpecialEducationProgramServiceDescriptor,Residential/Weekdays - Out GE,Residential/Weekdays - Out GE,Residential/Weekdays - Out GE
special_education_program_service_descriptors,bps,uri://mybps.org/SpecialEducationProgramServiceDescriptor,Residential/Weekends - Out GE,Residential/Weekends - Out GE,Residential/Weekends - Out GE
special_education_program_service_descriptors,bps,uri://mybps.org/SpecialEducationProgramServiceDescriptor,Resource / English - Out GE,Resource / English - Out GE,Resource / English - Out GE
special_education_program_service_descriptors,bps,uri://mybps.org/SpecialEducationProgramServiceDescriptor,Resource / Math - Out GE,Resource / Math - Out GE,Resource / Math - Out GE
special_education_program_service_descriptors,bps,uri://mybps.org/SpecialEducationProgramServiceDescriptor,Resource / Science - Out GE,Resource / Science - Out GE,Resource / Science - Out GE
special_education_program_service_descriptors,bps,uri://mybps.org/SpecialEducationProgramServiceDescriptor,Resource / Social Studies - Out GE,Resource / Social Studies - Out GE,Resource / Social Studies - Out GE
special_education_program_service_descriptors,bps,uri://mybps.org/SpecialEducationProgramServiceDescriptor,Resource Learning Services - In GE,Resource Learning Services - In GE,Resource Learning Services - In GE
special_education_program_service_descriptors,bps,uri://mybps.org/SpecialEducationProgramServiceDescriptor,Resource Learning Services - Out GE,Resource Learning Services - Out GE,Resource Learning Services - Out GE
special_education_program_service_descriptors,bps,uri://mybps.org/SpecialEducationProgramServiceDescriptor,Resource Learning Services: Executive Functioning ,Resource Learning Services: Executive Functioning - Out GE,Resource Learning Services: Executive Functioning - Out GE
special_education_program_service_descriptors,bps,uri://mybps.org/SpecialEducationProgramServiceDescriptor,Resource Learning Services: Reading & Executive Fu,Resource Learning Services: Reading & Executive Functioning - Out GE,Resource Learning Services: Reading & Executive Functioning - Out GE
special_education_program_service_descriptors,bps,uri://mybps.org/SpecialEducationProgramServiceDescriptor,Resource Learning Services: Reading &amp; Executiv,Resource Learning Services: Reading &amp; Executive Functioning - Out GE,Resource Learning Services: Reading &amp; Executive Functioning - Out GE
special_education_program_service_descriptors,bps,uri://mybps.org/SpecialEducationProgramServiceDescriptor,SEL/Academic Support - Out GE,SEL/Academic Support - Out GE,SEL/Academic Support - Out GE
special_education_program_service_descriptors,bps,uri://mybps.org/SpecialEducationProgramServiceDescriptor,SLP/OT - Out GE,SLP/OT - Out GE,SLP/OT - Out GE
special_education_program_service_descriptors,bps,uri://mybps.org/SpecialEducationProgramServiceDescriptor,SLP/OT Group - Out GE,SLP/OT Group - Out GE,SLP/OT Group - Out GE
special_education_program_service_descriptors,bps,uri://mybps.org/SpecialEducationProgramServiceDescriptor,SPED - Out GE,SPED - Out GE,SPED - Out GE
special_education_program_service_descriptors,bps,uri://mybps.org/SpecialEducationProgramServiceDescriptor,STEM skills - Out GE,STEM skills - Out GE,STEM skills - Out GE
special_education_program_service_descriptors,bps,uri://mybps.org/SpecialEducationProgramServiceDescriptor,School / classroom behavior - Out GE,School / classroom behavior - Out GE,School / classroom behavior - Out GE
special_education_program_service_descriptors,bps,uri://mybps.org/SpecialEducationProgramServiceDescriptor,School Adjustment Counseling - In GE,School Adjustment Counseling - In GE,School Adjustment Counseling - In GE
special_education_program_service_descriptors,bps,uri://mybps.org/SpecialEducationProgramServiceDescriptor,School Adjustment Counseling - Out GE,School Adjustment Counseling - Out GE,School Adjustment Counseling - Out GE
special_education_program_service_descriptors,bps,uri://mybps.org/SpecialEducationProgramServiceDescriptor,Science (general) - Out GE,Science (general) - Out GE,Science (general) - Out GE
special_education_program_service_descriptors,bps,uri://mybps.org/SpecialEducationProgramServiceDescriptor,Science - In GE,Science - In GE,Science - In GE
special_education_program_service_descriptors,bps,uri://mybps.org/SpecialEducationProgramServiceDescriptor,Science - Out GE,Science - Out GE,Science - Out GE
special_education_program_service_descriptors,bps,uri://mybps.org/SpecialEducationProgramServiceDescriptor,Self Advocacy - Out GE,Self Advocacy - Out GE,Self Advocacy - Out GE
special_education_program_service_descriptors,bps,uri://mybps.org/SpecialEducationProgramServiceDescriptor,Self Advocacy Skills - In GE,Self Advocacy Skills - In GE,Self Advocacy Skills - In GE
special_education_program_service_descriptors,bps,uri://mybps.org/SpecialEducationProgramServiceDescriptor,Self Help - Out GE,Self Help - Out GE,Self Help - Out GE
special_education_program_service_descriptors,bps,uri://mybps.org/SpecialEducationProgramServiceDescriptor,"Self Help Communication, Social Behavior - Out GE","Self Help Communication, Social Behavior - Out GE","Self Help Communication, Social Behavior - Out GE"
special_education_program_service_descriptors,bps,uri://mybps.org/SpecialEducationProgramServiceDescriptor,"Self Help, ELA, Social Behaior - Out GE","Self Help, ELA, Social Behaior - Out GE","Self Help, ELA, Social Behaior - Out GE"
special_education_program_service_descriptors,bps,uri://mybps.org/SpecialEducationProgramServiceDescriptor,"Self Help, Social Behavior and Communication - Out","Self Help, Social Behavior and Communication - Out GE","Self Help, Social Behavior and Communication - Out GE"
special_education_program_service_descriptors,bps,uri://mybps.org/SpecialEducationProgramServiceDescriptor,"Self Help,Communication, and Social Behavior - Out","Self Help,Communication, and Social Behavior - Out GE","Self Help,Communication, and Social Behavior - Out GE"
special_education_program_service_descriptors,bps,uri://mybps.org/SpecialEducationProgramServiceDescriptor,"Self Help,Social Behavior, and Communication - Out","Self Help,Social Behavior, and Communication - Out GE","Self Help,Social Behavior, and Communication - Out GE"
special_education_program_service_descriptors,bps,uri://mybps.org/SpecialEducationProgramServiceDescriptor,Self Help-ELA-Social Behavior - Out GE,Self Help-ELA-Social Behavior - Out GE,Self Help-ELA-Social Behavior - Out GE
special_education_program_service_descriptors,bps,uri://mybps.org/SpecialEducationProgramServiceDescriptor,Self Help-community and leisure - Out GE,Self Help-community and leisure - Out GE,Self Help-community and leisure - Out GE
special_education_program_service_descriptors,bps,uri://mybps.org/SpecialEducationProgramServiceDescriptor,Self Management Skills - Out GE,Self Management Skills - Out GE,Self Management Skills - Out GE
special_education_program_service_descriptors,bps,uri://mybps.org/SpecialEducationProgramServiceDescriptor,Self Regulation Skills - In GE,Self Regulation Skills - In GE,Self Regulation Skills - In GE
special_education_program_service_descriptors,bps,uri://mybps.org/SpecialEducationProgramServiceDescriptor,Self Regulation Skills - Out GE,Self Regulation Skills - Out GE,Self Regulation Skills - Out GE
special_education_program_service_descriptors,bps,uri://mybps.org/SpecialEducationProgramServiceDescriptor,Self Regulation/ School Behavior - Out GE,Self Regulation/ School Behavior - Out GE,Self Regulation/ School Behavior - Out GE
special_education_program_service_descriptors,bps,uri://mybps.org/SpecialEducationProgramServiceDescriptor,Self Regulation/Self Advcocacy - In GE,Self Regulation/Self Advcocacy - In GE,Self Regulation/Self Advcocacy - In GE
special_education_program_service_descriptors,bps,uri://mybps.org/SpecialEducationProgramServiceDescriptor,Self Regulation/Self Management - Out GE,Self Regulation/Self Management - Out GE,Self Regulation/Self Management - Out GE
special_education_program_service_descriptors,bps,uri://mybps.org/SpecialEducationProgramServiceDescriptor,Self-Advocacy - In GE,Self-Advocacy - In GE,Self-Advocacy - In GE
special_education_program_service_descriptors,bps,uri://mybps.org/SpecialEducationProgramServiceDescriptor,Self-Advocacy - Out GE,Self-Advocacy - Out GE,Self-Advocacy - Out GE
special_education_program_service_descriptors,bps,uri://mybps.org/SpecialEducationProgramServiceDescriptor,Self-Awareness and Management Skills - Out GE,Self-Awareness and Management Skills - Out GE,Self-Awareness and Management Skills - Out GE
special_education_program_service_descriptors,bps,uri://mybps.org/SpecialEducationProgramServiceDescriptor,Self-Awareness and SelfManagement - Out GE,Self-Awareness and SelfManagement - Out GE,Self-Awareness and SelfManagement - Out GE
special_education_program_service_descriptors,bps,uri://mybps.org/SpecialEducationProgramServiceDescriptor,Self-Regualtion/Self-Mangement - Out GE,Self-Regualtion/Self-Mangement - Out GE,Self-Regualtion/Self-Mangement - Out GE
special_education_program_service_descriptors,bps,uri://mybps.org/SpecialEducationProgramServiceDescriptor,Self-Regulation - Out GE,Self-Regulation - Out GE,Self-Regulation - Out GE
special_education_program_service_descriptors,bps,uri://mybps.org/SpecialEducationProgramServiceDescriptor,Self-Regulation Skills - Out GE,Self-Regulation Skills - Out GE,Self-Regulation Skills - Out GE
special_education_program_service_descriptors,bps,uri://mybps.org/SpecialEducationProgramServiceDescriptor,Self-Regulation/Executive Functioning - Out GE,Self-Regulation/Executive Functioning - Out GE,Self-Regulation/Executive Functioning - Out GE
special_education_program_service_descriptors,bps,uri://mybps.org/SpecialEducationProgramServiceDescriptor,Self-Regulation/Self Management - Out GE,Self-Regulation/Self Management - Out GE,Self-Regulation/Self Management - Out GE
special_education_program_service_descriptors,bps,uri://mybps.org/SpecialEducationProgramServiceDescriptor,Self-Regulation/Self-Management - Out GE,Self-Regulation/Self-Management - Out GE,Self-Regulation/Self-Management - Out GE
special_education_program_service_descriptors,bps,uri://mybps.org/SpecialEducationProgramServiceDescriptor,Self-help - Out GE,Self-help - Out GE,Self-help - Out GE
special_education_program_service_descriptors,bps,uri://mybps.org/SpecialEducationProgramServiceDescriptor,Sensory - In GE,Sensory - In GE,Sensory - In GE
special_education_program_service_descriptors,bps,uri://mybps.org/SpecialEducationProgramServiceDescriptor,Sensory - Out GE,Sensory - Out GE,Sensory - Out GE
special_education_program_service_descriptors,bps,uri://mybps.org/SpecialEducationProgramServiceDescriptor,Sensory Group - Out GE,Sensory Group - Out GE,Sensory Group - Out GE
special_education_program_service_descriptors,bps,uri://mybps.org/SpecialEducationProgramServiceDescriptor,Sensory Integration Modulation Access - Out GE,Sensory Integration Modulation Access - Out GE,Sensory Integration Modulation Access - Out GE
special_education_program_service_descriptors,bps,uri://mybps.org/SpecialEducationProgramServiceDescriptor,Sensory Integration Modulation Access(SIMA) - Out ,Sensory Integration Modulation Access(SIMA) - Out GE,Sensory Integration Modulation Access(SIMA) - Out GE
special_education_program_service_descriptors,bps,uri://mybps.org/SpecialEducationProgramServiceDescriptor,Sensory Motor - Out GE,Sensory Motor - Out GE,Sensory Motor - Out GE
special_education_program_service_descriptors,bps,uri://mybps.org/SpecialEducationProgramServiceDescriptor,Sensory Motor Group - Out GE,Sensory Motor Group - Out GE,Sensory Motor Group - Out GE
special_education_program_service_descriptors,bps,uri://mybps.org/SpecialEducationProgramServiceDescriptor,Skills - Out GE,Skills - Out GE,Skills - Out GE
special_education_program_service_descriptors,bps,uri://mybps.org/SpecialEducationProgramServiceDescriptor,Small Group Academics - In GE,Small Group Academics - In GE,Small Group Academics - In GE
special_education_program_service_descriptors,bps,uri://mybps.org/SpecialEducationProgramServiceDescriptor,Small Group Academics - Out GE,Small Group Academics - Out GE,Small Group Academics - Out GE
special_education_program_service_descriptors,bps,uri://mybps.org/SpecialEducationProgramServiceDescriptor,Social (Social Awareness) - Out GE,Social (Social Awareness) - Out GE,Social (Social Awareness) - Out GE
special_education_program_service_descriptors,bps,uri://mybps.org/SpecialEducationProgramServiceDescriptor,Social / Emotional - Out GE,Social / Emotional - Out GE,Social / Emotional - Out GE
special_education_program_service_descriptors,bps,uri://mybps.org/SpecialEducationProgramServiceDescriptor,Social / Emotional / Behavioral - Out GE,Social / Emotional / Behavioral - Out GE,Social / Emotional / Behavioral - Out GE
special_education_program_service_descriptors,bps,uri://mybps.org/SpecialEducationProgramServiceDescriptor,Social Behavior and Communication - Out GE,Social Behavior and Communication - Out GE,Social Behavior and Communication - Out GE
special_education_program_service_descriptors,bps,uri://mybps.org/SpecialEducationProgramServiceDescriptor,"Social Behavior, ELA - Out GE","Social Behavior, ELA - Out GE","Social Behavior, ELA - Out GE"
special_education_program_service_descriptors,bps,uri://mybps.org/SpecialEducationProgramServiceDescriptor,Social Behavioral - Out GE,Social Behavioral - Out GE,Social Behavioral - Out GE
special_education_program_service_descriptors,bps,uri://mybps.org/SpecialEducationProgramServiceDescriptor,Social Communication Skills - Out GE,Social Communication Skills - Out GE,Social Communication Skills - Out GE
special_education_program_service_descriptors,bps,uri://mybps.org/SpecialEducationProgramServiceDescriptor,"Social Communication/

Emotional Regulation - Out ","Social Communication/

Emotional Regulation - Out GE","Social Communication/

Emotional Regulation - Out GE"
special_education_program_service_descriptors,bps,uri://mybps.org/SpecialEducationProgramServiceDescriptor,Social Communication/  Emotional Regulation - Out ,Social Communication/  Emotional Regulation - Out GE,Social Communication/  Emotional Regulation - Out GE
special_education_program_service_descriptors,bps,uri://mybps.org/SpecialEducationProgramServiceDescriptor,Social Communication/ Emotional Regulation - Out G,Social Communication/ Emotional Regulation - Out GE,Social Communication/ Emotional Regulation - Out GE
special_education_program_service_descriptors,bps,uri://mybps.org/SpecialEducationProgramServiceDescriptor,Social Communication/Emotional Regulation - Out ,Social Communication/Emotional Regulation - Out GE,Social Communication/Emotional Regulation - Out GE
special_education_program_service_descriptors,bps,uri://mybps.org/SpecialEducationProgramServiceDescriptor,Social Communication/Emotional Regulation - Out GE,Social Communication/Emotional Regulation - Out GE,Social Communication/Emotional Regulation - Out GE
special_education_program_service_descriptors,bps,uri://mybps.org/SpecialEducationProgramServiceDescriptor,"Social Emotional

Functioning Skills - Out GE","Social Emotional

Functioning Skills - Out GE","Social Emotional

Functioning Skills - Out GE"
special_education_program_service_descriptors,bps,uri://mybps.org/SpecialEducationProgramServiceDescriptor,Social Emotional  Functioning Skills - Out GE,Social Emotional  Functioning Skills - Out GE,Social Emotional  Functioning Skills - Out GE
special_education_program_service_descriptors,bps,uri://mybps.org/SpecialEducationProgramServiceDescriptor,Social Emotional - Out GE,Social Emotional - Out GE,Social Emotional - Out GE
special_education_program_service_descriptors,bps,uri://mybps.org/SpecialEducationProgramServiceDescriptor,Social Emotional Functioning Skills - Out GE,Social Emotional Functioning Skills - Out GE,Social Emotional Functioning Skills - Out GE
special_education_program_service_descriptors,bps,uri://mybps.org/SpecialEducationProgramServiceDescriptor,Social Emotional Learning - Out GE,Social Emotional Learning - Out GE,Social Emotional Learning - Out GE
special_education_program_service_descriptors,bps,uri://mybps.org/SpecialEducationProgramServiceDescriptor,Social Emotional Pragmatic - Out GE,Social Emotional Pragmatic - Out GE,Social Emotional Pragmatic - Out GE
special_education_program_service_descriptors,bps,uri://mybps.org/SpecialEducationProgramServiceDescriptor,Social Emotional Pragmatic Group (s) - Out GE,Social Emotional Pragmatic Group (s) - Out GE,Social Emotional Pragmatic Group (s) - Out GE
special_education_program_service_descriptors,bps,uri://mybps.org/SpecialEducationProgramServiceDescriptor,Social Emotional Skills - Out GE,Social Emotional Skills - Out GE,Social Emotional Skills - Out GE
special_education_program_service_descriptors,bps,uri://mybps.org/SpecialEducationProgramServiceDescriptor,Social Emotional/Behavior - Out GE,Social Emotional/Behavior - Out GE,Social Emotional/Behavior - Out GE
special_education_program_service_descriptors,bps,uri://mybps.org/SpecialEducationProgramServiceDescriptor,Social Emotional/Behavioral - Out GE,Social Emotional/Behavioral - Out GE,Social Emotional/Behavioral - Out GE
special_education_program_service_descriptors,bps,uri://mybps.org/SpecialEducationProgramServiceDescriptor,Social Emotional/Self-regulation - Out GE,Social Emotional/Self-regulation - Out GE,Social Emotional/Self-regulation - Out GE
special_education_program_service_descriptors,bps,uri://mybps.org/SpecialEducationProgramServiceDescriptor,Social Emotional/Transition Planning - Out GE,Social Emotional/Transition Planning - Out GE,Social Emotional/Transition Planning - Out GE
special_education_program_service_descriptors,bps,uri://mybps.org/SpecialEducationProgramServiceDescriptor,Social Inclusion - In GE,Social Inclusion - In GE,Social Inclusion - In GE
special_education_program_service_descriptors,bps,uri://mybps.org/SpecialEducationProgramServiceDescriptor,Social Pragmatics - Out GE,Social Pragmatics - Out GE,Social Pragmatics - Out GE
special_education_program_service_descriptors,bps,uri://mybps.org/SpecialEducationProgramServiceDescriptor,Social Skills - Out GE,Social Skills - Out GE,Social Skills - Out GE
special_education_program_service_descriptors,bps,uri://mybps.org/SpecialEducationProgramServiceDescriptor,Social Skills Coaching - Out GE,Social Skills Coaching - Out GE,Social Skills Coaching - Out GE
special_education_program_service_descriptors,bps,uri://mybps.org/SpecialEducationProgramServiceDescriptor,Social Skills Group - Out GE,Social Skills Group - Out GE,Social Skills Group - Out GE
special_education_program_service_descriptors,bps,uri://mybps.org/SpecialEducationProgramServiceDescriptor,Social Skills Pragmatics (Group) - Out GE,Social Skills Pragmatics (Group) - Out GE,Social Skills Pragmatics (Group) - Out GE
special_education_program_service_descriptors,bps,uri://mybps.org/SpecialEducationProgramServiceDescriptor,Social Skills/Group - Out GE,Social Skills/Group - Out GE,Social Skills/Group - Out GE
special_education_program_service_descriptors,bps,uri://mybps.org/SpecialEducationProgramServiceDescriptor,Social Skills/Pragmatics (Group) - Out GE,Social Skills/Pragmatics (Group) - Out GE,Social Skills/Pragmatics (Group) - Out GE
special_education_program_service_descriptors,bps,uri://mybps.org/SpecialEducationProgramServiceDescriptor,Social Skills/Pragmatics - Out GE,Social Skills/Pragmatics - Out GE,Social Skills/Pragmatics - Out GE
special_education_program_service_descriptors,bps,uri://mybps.org/SpecialEducationProgramServiceDescriptor,Social Studies (general) - Out GE,Social Studies (general) - Out GE,Social Studies (general) - Out GE
special_education_program_service_descriptors,bps,uri://mybps.org/SpecialEducationProgramServiceDescriptor,Social Studies - In GE,Social Studies - In GE,Social Studies - In GE
special_education_program_service_descriptors,bps,uri://mybps.org/SpecialEducationProgramServiceDescriptor,Social Studies - Out GE,Social Studies - Out GE,Social Studies - Out GE
special_education_program_service_descriptors,bps,uri://mybps.org/SpecialEducationProgramServiceDescriptor,Social Work Services - Out GE,Social Work Services - Out GE,Social Work Services - Out GE
special_education_program_service_descriptors,bps,uri://mybps.org/SpecialEducationProgramServiceDescriptor,Social communication - Out GE,Social communication - Out GE,Social communication - Out GE
special_education_program_service_descriptors,bps,uri://mybps.org/SpecialEducationProgramServiceDescriptor,Social/ Communication/ Emotional/ Behavioral - Out,Social/ Communication/ Emotional/ Behavioral - Out GE,Social/ Communication/ Emotional/ Behavioral - Out GE
special_education_program_service_descriptors,bps,uri://mybps.org/SpecialEducationProgramServiceDescriptor,Social/ Emotional/ Academic - Out GE,Social/ Emotional/ Academic - Out GE,Social/ Emotional/ Academic - Out GE
special_education_program_service_descriptors,bps,uri://mybps.org/SpecialEducationProgramServiceDescriptor,Social/ Emotional/ Behavior - Out GE,Social/ Emotional/ Behavior - Out GE,Social/ Emotional/ Behavior - Out GE
special_education_program_service_descriptors,bps,uri://mybps.org/SpecialEducationProgramServiceDescriptor,Social/Behavior - Out GE,Social/Behavior - Out GE,Social/Behavior - Out GE
special_education_program_service_descriptors,bps,uri://mybps.org/SpecialEducationProgramServiceDescriptor,Social/Behavioral - Out GE,Social/Behavioral - Out GE,Social/Behavioral - Out GE
special_education_program_service_descriptors,bps,uri://mybps.org/SpecialEducationProgramServiceDescriptor,Social/Behavioral Skills - Out GE,Social/Behavioral Skills - Out GE,Social/Behavioral Skills - Out GE
special_education_program_service_descriptors,bps,uri://mybps.org/SpecialEducationProgramServiceDescriptor,Social/Communication - Out GE,Social/Communication - Out GE,Social/Communication - Out GE
special_education_program_service_descriptors,bps,uri://mybps.org/SpecialEducationProgramServiceDescriptor,Social/Emontional - Out GE,Social/Emontional - Out GE,Social/Emontional - Out GE
special_education_program_service_descriptors,bps,uri://mybps.org/SpecialEducationProgramServiceDescriptor,Social/Emotional - Out GE,Social/Emotional - Out GE,Social/Emotional - Out GE
special_education_program_service_descriptors,bps,uri://mybps.org/SpecialEducationProgramServiceDescriptor,Social/Emotional Behavioral - Out GE,Social/Emotional Behavioral - Out GE,Social/Emotional Behavioral - Out GE
special_education_program_service_descriptors,bps,uri://mybps.org/SpecialEducationProgramServiceDescriptor,Social/Emotional Functioning Skills - Out GE,Social/Emotional Functioning Skills - Out GE,Social/Emotional Functioning Skills - Out GE
special_education_program_service_descriptors,bps,uri://mybps.org/SpecialEducationProgramServiceDescriptor,Social/Emotional Pragmatic - Out GE,Social/Emotional Pragmatic - Out GE,Social/Emotional Pragmatic - Out GE
special_education_program_service_descriptors,bps,uri://mybps.org/SpecialEducationProgramServiceDescriptor,Social/Emotional Skills - Out GE,Social/Emotional Skills - Out GE,Social/Emotional Skills - Out GE
special_education_program_service_descriptors,bps,uri://mybps.org/SpecialEducationProgramServiceDescriptor,Social/Emotional Support - Out GE,Social/Emotional Support - Out GE,Social/Emotional Support - Out GE
special_education_program_service_descriptors,bps,uri://mybps.org/SpecialEducationProgramServiceDescriptor,Social/Emotional/Academic - Out GE,Social/Emotional/Academic - Out GE,Social/Emotional/Academic - Out GE
special_education_program_service_descriptors,bps,uri://mybps.org/SpecialEducationProgramServiceDescriptor,Social/Emotional/Behavior - Out GE,Social/Emotional/Behavior - Out GE,Social/Emotional/Behavior - Out GE
special_education_program_service_descriptors,bps,uri://mybps.org/SpecialEducationProgramServiceDescriptor,Social/Emotional/Behavioral - Out GE,Social/Emotional/Behavioral - Out GE,Social/Emotional/Behavioral - Out GE
special_education_program_service_descriptors,bps,uri://mybps.org/SpecialEducationProgramServiceDescriptor,Social/Emotional/Behavioral Skills - Out GE,Social/Emotional/Behavioral Skills - Out GE,Social/Emotional/Behavioral Skills - Out GE
special_education_program_service_descriptors,bps,uri://mybps.org/SpecialEducationProgramServiceDescriptor,"Social/Emotional/Behavioral/

Academic - Out GE","Social/Emotional/Behavioral/

Academic - Out GE","Social/Emotional/Behavioral/

Academic - Out GE"
special_education_program_service_descriptors,bps,uri://mybps.org/SpecialEducationProgramServiceDescriptor,Social/Emotional/Behavioral/  Academic - Out GE,Social/Emotional/Behavioral/  Academic - Out GE,Social/Emotional/Behavioral/  Academic - Out GE
special_education_program_service_descriptors,bps,uri://mybps.org/SpecialEducationProgramServiceDescriptor,Social/Emotional/Behavioral/ Academic - Out GE,Social/Emotional/Behavioral/ Academic - Out GE,Social/Emotional/Behavioral/ Academic - Out GE
special_education_program_service_descriptors,bps,uri://mybps.org/SpecialEducationProgramServiceDescriptor,Social/Emotional/Behavioral/Academic - Out GE,Social/Emotional/Behavioral/Academic - Out GE,Social/Emotional/Behavioral/Academic - Out GE
special_education_program_service_descriptors,bps,uri://mybps.org/SpecialEducationProgramServiceDescriptor,Social/Emotional/Transition  Planning - Out GE,Social/Emotional/Transition  Planning - Out GE,Social/Emotional/Transition  Planning - Out GE
special_education_program_service_descriptors,bps,uri://mybps.org/SpecialEducationProgramServiceDescriptor,Social/Emotional/Transition - Out GE,Social/Emotional/Transition - Out GE,Social/Emotional/Transition - Out GE
special_education_program_service_descriptors,bps,uri://mybps.org/SpecialEducationProgramServiceDescriptor,Social/Emotional/Transition Planning - Out GE,Social/Emotional/Transition Planning - Out GE,Social/Emotional/Transition Planning - Out GE
special_education_program_service_descriptors,bps,uri://mybps.org/SpecialEducationProgramServiceDescriptor,Social/Play Skills Group - Out GE,Social/Play Skills Group - Out GE,Social/Play Skills Group - Out GE
special_education_program_service_descriptors,bps,uri://mybps.org/SpecialEducationProgramServiceDescriptor,SocialSkills Instruction - In GE,SocialSkills Instruction - In GE,SocialSkills Instruction - In GE
special_education_program_service_descriptors,bps,uri://mybps.org/SpecialEducationProgramServiceDescriptor,SocialSkills Instruction - Out GE,SocialSkills Instruction - Out GE,SocialSkills Instruction - Out GE
special_education_program_service_descriptors,bps,uri://mybps.org/SpecialEducationProgramServiceDescriptor,Special Education - Out GE,Special Education - Out GE,Special Education - Out GE
special_education_program_service_descriptors,bps,uri://mybps.org/SpecialEducationProgramServiceDescriptor,Special Education Instruction - Out GE,Special Education Instruction - Out GE,Special Education Instruction - Out GE
special_education_program_service_descriptors,bps,uri://mybps.org/SpecialEducationProgramServiceDescriptor,Special Education Teacher - Out GE,Special Education Teacher - Out GE,Special Education Teacher - Out GE
special_education_program_service_descriptors,bps,uri://mybps.org/SpecialEducationProgramServiceDescriptor,Special Education and Therapeutic Support - Out GE,Special Education and Therapeutic Support - Out GE,Special Education and Therapeutic Support - Out GE
special_education_program_service_descriptors,bps,uri://mybps.org/SpecialEducationProgramServiceDescriptor,Special Education support - Out GE,Special Education support - Out GE,Special Education support - Out GE
special_education_program_service_descriptors,bps,uri://mybps.org/SpecialEducationProgramServiceDescriptor,Special Instruction - Out GE,Special Instruction - Out GE,Special Instruction - Out GE
special_education_program_service_descriptors,bps,uri://mybps.org/SpecialEducationProgramServiceDescriptor,Special Services - Out GE,Special Services - Out GE,Special Services - Out GE
special_education_program_service_descriptors,bps,uri://mybps.org/SpecialEducationProgramServiceDescriptor,"Specialized

Instruction:

Behavior &amp; Social

","Specialized

Instruction:

Behavior &amp; Social

Skills - Out GE","Specialized

Instruction:

Behavior &amp; Social

Skills - Out GE"
special_education_program_service_descriptors,bps,uri://mybps.org/SpecialEducationProgramServiceDescriptor,"Specialized

Instruction:

Behavior &amp;amp; Soci","Specialized

Instruction:

Behavior &amp;amp; Social

Skills - Out GE","Specialized

Instruction:

Behavior &amp;amp; Social

Skills - Out GE"
special_education_program_service_descriptors,bps,uri://mybps.org/SpecialEducationProgramServiceDescriptor,Specialized  Instruction:  Behavior &amp; Social  ,Specialized  Instruction:  Behavior &amp; Social  Skills - Out GE,Specialized  Instruction:  Behavior &amp; Social  Skills - Out GE
special_education_program_service_descriptors,bps,uri://mybps.org/SpecialEducationProgramServiceDescriptor,Specialized Instruction - Out GE,Specialized Instruction - Out GE,Specialized Instruction - Out GE
special_education_program_service_descriptors,bps,uri://mybps.org/SpecialEducationProgramServiceDescriptor,Specialized Instruction Academics - Out GE,Specialized Instruction Academics - Out GE,Specialized Instruction Academics - Out GE
special_education_program_service_descriptors,bps,uri://mybps.org/SpecialEducationProgramServiceDescriptor,Specialized Instruction Collaborative Staff - Out ,Specialized Instruction Collaborative Staff - Out GE,Specialized Instruction Collaborative Staff - Out GE
special_education_program_service_descriptors,bps,uri://mybps.org/SpecialEducationProgramServiceDescriptor,Specialized Instruction in Functional Academics - ,Specialized Instruction in Functional Academics - Out GE,Specialized Instruction in Functional Academics - Out GE
special_education_program_service_descriptors,bps,uri://mybps.org/SpecialEducationProgramServiceDescriptor,Specialized Instruction. - Out GE,Specialized Instruction. - Out GE,Specialized Instruction. - Out GE
special_education_program_service_descriptors,bps,uri://mybps.org/SpecialEducationProgramServiceDescriptor,Specially Designed  Instruction in Math - Out GE,Specially Designed  Instruction in Math - Out GE,Specially Designed  Instruction in Math - Out GE
special_education_program_service_descriptors,bps,uri://mybps.org/SpecialEducationProgramServiceDescriptor,Specially Designed  Instruction in Reading - Out G,Specially Designed  Instruction in Reading - Out GE,Specially Designed  Instruction in Reading - Out GE
special_education_program_service_descriptors,bps,uri://mybps.org/SpecialEducationProgramServiceDescriptor,Specially Designed  Instruction in SelfRegulation ,Specially Designed  Instruction in SelfRegulation Skills - Out GE,Specially Designed  Instruction in SelfRegulation Skills - Out GE
special_education_program_service_descriptors,bps,uri://mybps.org/SpecialEducationProgramServiceDescriptor,Specially Designed  Instruction in Writing - Out G,Specially Designed  Instruction in Writing - Out GE,Specially Designed  Instruction in Writing - Out GE
special_education_program_service_descriptors,bps,uri://mybps.org/SpecialEducationProgramServiceDescriptor,Specially Designed Instruction - Out GE,Specially Designed Instruction - Out GE,Specially Designed Instruction - Out GE
special_education_program_service_descriptors,bps,uri://mybps.org/SpecialEducationProgramServiceDescriptor,Specially Designed Instruction in Math - Out GE,Specially Designed Instruction in Math - Out GE,Specially Designed Instruction in Math - Out GE
special_education_program_service_descriptors,bps,uri://mybps.org/SpecialEducationProgramServiceDescriptor,Specially Designed Instruction in Reading - Out G,Specially Designed Instruction in Reading - Out GE,Specially Designed Instruction in Reading - Out GE
special_education_program_service_descriptors,bps,uri://mybps.org/SpecialEducationProgramServiceDescriptor,Specially Designed Instruction in SelfRegulation ,Specially Designed Instruction in SelfRegulation Skills - Out GE,Specially Designed Instruction in SelfRegulation Skills - Out GE
special_education_program_service_descriptors,bps,uri://mybps.org/SpecialEducationProgramServiceDescriptor,Specially Designed Instruction in Writing - Out G,Specially Designed Instruction in Writing - Out GE,Specially Designed Instruction in Writing - Out GE
special_education_program_service_descriptors,bps,uri://mybps.org/SpecialEducationProgramServiceDescriptor,Specially Designed Instruction. Academic - Out GE,Specially Designed Instruction. Academic - Out GE,Specially Designed Instruction. Academic - Out GE
special_education_program_service_descriptors,bps,uri://mybps.org/SpecialEducationProgramServiceDescriptor,Specials - In GE,Specials - In GE,Specials - In GE
special_education_program_service_descriptors,bps,uri://mybps.org/SpecialEducationProgramServiceDescriptor,"Specified Direct instruction:

Functional Academic","Specified Direct instruction:

Functional Academics - Out GE","Specified Direct instruction:

Functional Academics - Out GE"
special_education_program_service_descriptors,bps,uri://mybps.org/SpecialEducationProgramServiceDescriptor,Specified Direct instruction:  Functional Academic,Specified Direct instruction:  Functional Academics - Out GE,Specified Direct instruction:  Functional Academics - Out GE
special_education_program_service_descriptors,bps,uri://mybps.org/SpecialEducationProgramServiceDescriptor,Speech & Language - Out GE,Speech & Language - Out GE,Speech & Language - Out GE
special_education_program_service_descriptors,bps,uri://mybps.org/SpecialEducationProgramServiceDescriptor,Speech &amp; Language - Out GE,Speech &amp; Language - Out GE,Speech &amp; Language - Out GE
special_education_program_service_descriptors,bps,uri://mybps.org/SpecialEducationProgramServiceDescriptor,Speech Therapy - Out GE,Speech Therapy - Out GE,Speech Therapy - Out GE
special_education_program_service_descriptors,bps,uri://mybps.org/SpecialEducationProgramServiceDescriptor,Speech and Language - Out GE,Speech and Language - Out GE,Speech and Language - Out GE
special_education_program_service_descriptors,bps,uri://mybps.org/SpecialEducationProgramServiceDescriptor,Speech and Language Individual - Out GE,Speech and Language Individual - Out GE,Speech and Language Individual - Out GE
special_education_program_service_descriptors,bps,uri://mybps.org/SpecialEducationProgramServiceDescriptor,Speech and Language Services - In GE,Speech and Language Services - In GE,Speech and Language Services - In GE
special_education_program_service_descriptors,bps,uri://mybps.org/SpecialEducationProgramServiceDescriptor,Speech and Language Services - Out GE,Speech and Language Services - Out GE,Speech and Language Services - Out GE
special_education_program_service_descriptors,bps,uri://mybps.org/SpecialEducationProgramServiceDescriptor,Speech and Language Therapy (Individual or Dyad) -,Speech and Language Therapy (Individual or Dyad) - Out GE,Speech and Language Therapy (Individual or Dyad) - Out GE
special_education_program_service_descriptors,bps,uri://mybps.org/SpecialEducationProgramServiceDescriptor,Speech and Language Therapy - Out GE,Speech and Language Therapy - Out GE,Speech and Language Therapy - Out GE
special_education_program_service_descriptors,bps,uri://mybps.org/SpecialEducationProgramServiceDescriptor,Speech/Language Therapy - Out GE,Speech/Language Therapy - Out GE,Speech/Language Therapy - Out GE
special_education_program_service_descriptors,bps,uri://mybps.org/SpecialEducationProgramServiceDescriptor,Strategies - Out GE,Strategies - Out GE,Strategies - Out GE
special_education_program_service_descriptors,bps,uri://mybps.org/SpecialEducationProgramServiceDescriptor,Structured Academics - Out GE,Structured Academics - Out GE,Structured Academics - Out GE
special_education_program_service_descriptors,bps,uri://mybps.org/SpecialEducationProgramServiceDescriptor,Student Skills and Academics - Out GE,Student Skills and Academics - Out GE,Student Skills and Academics - Out GE
special_education_program_service_descriptors,bps,uri://mybps.org/SpecialEducationProgramServiceDescriptor,Study Skill - Out GE,Study Skill - Out GE,Study Skill - Out GE
special_education_program_service_descriptors,bps,uri://mybps.org/SpecialEducationProgramServiceDescriptor,Study Skills - In GE,Study Skills - In GE,Study Skills - In GE
special_education_program_service_descriptors,bps,uri://mybps.org/SpecialEducationProgramServiceDescriptor,Study Skills - Out GE,Study Skills - Out GE,Study Skills - Out GE
special_education_program_service_descriptors,bps,uri://mybps.org/SpecialEducationProgramServiceDescriptor,Summer Services - Out GE,Summer Services - Out GE,Summer Services - Out GE
special_education_program_service_descriptors,bps,uri://mybps.org/SpecialEducationProgramServiceDescriptor,Support - Out GE,Support - Out GE,Support - Out GE
special_education_program_service_descriptors,bps,uri://mybps.org/SpecialEducationProgramServiceDescriptor,Team Consult - Out GE,Team Consult - Out GE,Team Consult - Out GE
special_education_program_service_descriptors,bps,uri://mybps.org/SpecialEducationProgramServiceDescriptor,Technology - Out GE,Technology - Out GE,Technology - Out GE
special_education_program_service_descriptors,bps,uri://mybps.org/SpecialEducationProgramServiceDescriptor,Therapeutic Classroom - Out GE,Therapeutic Classroom - Out GE,Therapeutic Classroom - Out GE
special_education_program_service_descriptors,bps,uri://mybps.org/SpecialEducationProgramServiceDescriptor,Therapeutic Counseling - Out GE,Therapeutic Counseling - Out GE,Therapeutic Counseling - Out GE
special_education_program_service_descriptors,bps,uri://mybps.org/SpecialEducationProgramServiceDescriptor,Therapeutic Support - Out GE,Therapeutic Support - Out GE,Therapeutic Support - Out GE
special_education_program_service_descriptors,bps,uri://mybps.org/SpecialEducationProgramServiceDescriptor,Transition - Out GE,Transition - Out GE,Transition - Out GE
special_education_program_service_descriptors,bps,uri://mybps.org/SpecialEducationProgramServiceDescriptor,Transition Planning - Out GE,Transition Planning - Out GE,Transition Planning - Out GE
special_education_program_service_descriptors,bps,uri://mybps.org/SpecialEducationProgramServiceDescriptor,Transition Services - In GE,Transition Services - In GE,Transition Services - In GE
special_education_program_service_descriptors,bps,uri://mybps.org/SpecialEducationProgramServiceDescriptor,Transition Services - Out GE,Transition Services - Out GE,Transition Services - Out GE
special_education_program_service_descriptors,bps,uri://mybps.org/SpecialEducationProgramServiceDescriptor,Transition Skills - In GE,Transition Skills - In GE,Transition Skills - In GE
special_education_program_service_descriptors,bps,uri://mybps.org/SpecialEducationProgramServiceDescriptor,Transition Skills - Out GE,Transition Skills - Out GE,Transition Skills - Out GE
special_education_program_service_descriptors,bps,uri://mybps.org/SpecialEducationProgramServiceDescriptor,Transition and Community Skills - Out GE,Transition and Community Skills - Out GE,Transition and Community Skills - Out GE
special_education_program_service_descriptors,bps,uri://mybps.org/SpecialEducationProgramServiceDescriptor,Transition//Emotional - Out GE,Transition//Emotional - Out GE,Transition//Emotional - Out GE
special_education_program_service_descriptors,bps,uri://mybps.org/SpecialEducationProgramServiceDescriptor,Transition/PreVocational Skills - Out GE,Transition/PreVocational Skills - Out GE,Transition/PreVocational Skills - Out GE
special_education_program_service_descriptors,bps,uri://mybps.org/SpecialEducationProgramServiceDescriptor,Transition/Vocational - Out GE,Transition/Vocational - Out GE,Transition/Vocational - Out GE
special_education_program_service_descriptors,bps,uri://mybps.org/SpecialEducationProgramServiceDescriptor,Transitional - Out GE,Transitional - Out GE,Transitional - Out GE
special_education_program_service_descriptors,bps,uri://mybps.org/SpecialEducationProgramServiceDescriptor,Transitional Education - Out GE,Transitional Education - Out GE,Transitional Education - Out GE
special_education_program_service_descriptors,bps,uri://mybps.org/SpecialEducationProgramServiceDescriptor,Transitional/Executive Functioning Skills - Out GE,Transitional/Executive Functioning Skills - Out GE,Transitional/Executive Functioning Skills - Out GE
special_education_program_service_descriptors,bps,uri://mybps.org/SpecialEducationProgramServiceDescriptor,Transitions/Community-based - Out GE,Transitions/Community-based - Out GE,Transitions/Community-based - Out GE
special_education_program_service_descriptors,bps,uri://mybps.org/SpecialEducationProgramServiceDescriptor,Transportation -,Transportation -,Transportation -
special_education_program_service_descriptors,bps,uri://mybps.org/SpecialEducationProgramServiceDescriptor,Transportation - 1:1 Gender Specific Monitor,Transportation - 1:1 Gender Specific Monitor,Transportation - 1:1 Gender Specific Monitor
special_education_program_service_descriptors,bps,uri://mybps.org/SpecialEducationProgramServiceDescriptor,Transportation - 1:1 Monitor,Transportation - 1:1 Monitor,Transportation - 1:1 Monitor
special_education_program_service_descriptors,bps,uri://mybps.org/SpecialEducationProgramServiceDescriptor,Transportation - 1:1 Nurse,Transportation - 1:1 Nurse,Transportation - 1:1 Nurse
special_education_program_service_descriptors,bps,uri://mybps.org/SpecialEducationProgramServiceDescriptor,Transportation - Child Safety Restraint System,Transportation - Child Safety Restraint System,Transportation - Child Safety Restraint System
special_education_program_service_descriptors,bps,uri://mybps.org/SpecialEducationProgramServiceDescriptor,Transportation - Corner to Corner - Accommodated C,Transportation - Corner to Corner - Accommodated Corner,Transportation - Corner to Corner - Accommodated Corner
special_education_program_service_descriptors,bps,uri://mybps.org/SpecialEducationProgramServiceDescriptor,Transportation - Corner to Corner - Existing,Transportation - Corner to Corner - Existing,Transportation - Corner to Corner - Existing
special_education_program_service_descriptors,bps,uri://mybps.org/SpecialEducationProgramServiceDescriptor,Transportation - Door to Door,Transportation - Door to Door,Transportation - Door to Door
special_education_program_service_descriptors,bps,uri://mybps.org/SpecialEducationProgramServiceDescriptor,Transportation - Door to Door - Wheelchair,Transportation - Door to Door - Wheelchair,Transportation - Door to Door - Wheelchair
special_education_program_service_descriptors,bps,uri://mybps.org/SpecialEducationProgramServiceDescriptor,Transportation - Door to door- safety restraint,Transportation - Door to door- safety restraint,Transportation - Door to door- safety restraint
special_education_program_service_descriptors,bps,uri://mybps.org/SpecialEducationProgramServiceDescriptor,Transportation - Epipen Allergy,Transportation - Epipen Allergy,Transportation - Epipen Allergy
special_education_program_service_descriptors,bps,uri://mybps.org/SpecialEducationProgramServiceDescriptor,Transportation - General Monitor,Transportation - General Monitor,Transportation - General Monitor
special_education_program_service_descriptors,bps,uri://mybps.org/SpecialEducationProgramServiceDescriptor,Transportation - MBTA,Transportation - MBTA,Transportation - MBTA
special_education_program_service_descriptors,bps,uri://mybps.org/SpecialEducationProgramServiceDescriptor,Transportation - Monitor Gender (F),Transportation - Monitor Gender (F),Transportation - Monitor Gender (F)
special_education_program_service_descriptors,bps,uri://mybps.org/SpecialEducationProgramServiceDescriptor,Transportation - Monitor Gender (M),Transportation - Monitor Gender (M),Transportation - Monitor Gender (M)
special_education_program_service_descriptors,bps,uri://mybps.org/SpecialEducationProgramServiceDescriptor,Transportation - Requires a monitor,Transportation - Requires a monitor,Transportation - Requires a monitor
special_education_program_service_descriptors,bps,uri://mybps.org/SpecialEducationProgramServiceDescriptor,Transportation - Seizure,Transportation - Seizure,Transportation - Seizure
special_education_program_service_descriptors,bps,uri://mybps.org/SpecialEducationProgramServiceDescriptor,Transportation - Temperature Control,Transportation - Temperature Control,Transportation - Temperature Control
special_education_program_service_descriptors,bps,uri://mybps.org/SpecialEducationProgramServiceDescriptor,Transportation - Transportation with PreK Accommod,Transportation - Transportation with PreK Accommodations,Transportation - Transportation with PreK Accommodations
special_education_program_service_descriptors,bps,uri://mybps.org/SpecialEducationProgramServiceDescriptor,Transportation - Wheelchair vehicle,Transportation - Wheelchair vehicle,Transportation - Wheelchair vehicle
special_education_program_service_descriptors,bps,uri://mybps.org/SpecialEducationProgramServiceDescriptor,Transportation - Wheelchair vehicle- door to door ,Transportation - Wheelchair vehicle- door to door with monitor,Transportation - Wheelchair vehicle- door to door with monitor
special_education_program_service_descriptors,bps,uri://mybps.org/SpecialEducationProgramServiceDescriptor,Tutorial - Out GE,Tutorial - Out GE,Tutorial - Out GE
special_education_program_service_descriptors,bps,uri://mybps.org/SpecialEducationProgramServiceDescriptor,Unified Arts Classes - In GE,Unified Arts Classes - In GE,Unified Arts Classes - In GE
special_education_program_service_descriptors,bps,uri://mybps.org/SpecialEducationProgramServiceDescriptor,Vacation/No School Residential Day Coverage - Out ,Vacation/No School Residential Day Coverage - Out GE,Vacation/No School Residential Day Coverage - Out GE
special_education_program_service_descriptors,bps,uri://mybps.org/SpecialEducationProgramServiceDescriptor,Vision - In GE,Vision - In GE,Vision - In GE
special_education_program_service_descriptors,bps,uri://mybps.org/SpecialEducationProgramServiceDescriptor,Vision - Out GE,Vision - Out GE,Vision - Out GE
special_education_program_service_descriptors,bps,uri://mybps.org/SpecialEducationProgramServiceDescriptor,Vision Services - In GE,Vision Services - In GE,Vision Services - In GE
special_education_program_service_descriptors,bps,uri://mybps.org/SpecialEducationProgramServiceDescriptor,Vision Services - Out GE,Vision Services - Out GE,Vision Services - Out GE
special_education_program_service_descriptors,bps,uri://mybps.org/SpecialEducationProgramServiceDescriptor,Vision Therapy - Out GE,Vision Therapy - Out GE,Vision Therapy - Out GE
special_education_program_service_descriptors,bps,uri://mybps.org/SpecialEducationProgramServiceDescriptor,Visual Motor Skills - Out GE,Visual Motor Skills - Out GE,Visual Motor Skills - Out GE
special_education_program_service_descriptors,bps,uri://mybps.org/SpecialEducationProgramServiceDescriptor,Voc./Transition - Out GE,Voc./Transition - Out GE,Voc./Transition - Out GE
special_education_program_service_descriptors,bps,uri://mybps.org/SpecialEducationProgramServiceDescriptor,Voc/ Functional Academics - Out GE,Voc/ Functional Academics - Out GE,Voc/ Functional Academics - Out GE
special_education_program_service_descriptors,bps,uri://mybps.org/SpecialEducationProgramServiceDescriptor,Vocation/Transition - Out GE,Vocation/Transition - Out GE,Vocation/Transition - Out GE
special_education_program_service_descriptors,bps,uri://mybps.org/SpecialEducationProgramServiceDescriptor,Vocational - Out GE,Vocational - Out GE,Vocational - Out GE
special_education_program_service_descriptors,bps,uri://mybps.org/SpecialEducationProgramServiceDescriptor,Vocational Functional Academic - Out GE,Vocational Functional Academic - Out GE,Vocational Functional Academic - Out GE
special_education_program_service_descriptors,bps,uri://mybps.org/SpecialEducationProgramServiceDescriptor,Vocational Functional Academics - Out GE,Vocational Functional Academics - Out GE,Vocational Functional Academics - Out GE
special_education_program_service_descriptors,bps,uri://mybps.org/SpecialEducationProgramServiceDescriptor,Vocational Readiness Skills - Out GE,Vocational Readiness Skills - Out GE,Vocational Readiness Skills - Out GE
special_education_program_service_descriptors,bps,uri://mybps.org/SpecialEducationProgramServiceDescriptor,Vocational Services - Out GE,Vocational Services - Out GE,Vocational Services - Out GE
special_education_program_service_descriptors,bps,uri://mybps.org/SpecialEducationProgramServiceDescriptor,Vocational Skill - In GE,Vocational Skill - In GE,Vocational Skill - In GE
special_education_program_service_descriptors,bps,uri://mybps.org/SpecialEducationProgramServiceDescriptor,Vocational Skill - Out GE,Vocational Skill - Out GE,Vocational Skill - Out GE
special_education_program_service_descriptors,bps,uri://mybps.org/SpecialEducationProgramServiceDescriptor,Vocational Skills - Out GE,Vocational Skills - Out GE,Vocational Skills - Out GE
special_education_program_service_descriptors,bps,uri://mybps.org/SpecialEducationProgramServiceDescriptor,Vocational Tasks - Out GE,Vocational Tasks - Out GE,Vocational Tasks - Out GE
special_education_program_service_descriptors,bps,uri://mybps.org/SpecialEducationProgramServiceDescriptor,Vocational Training - Out GE,Vocational Training - Out GE,Vocational Training - Out GE
special_education_program_service_descriptors,bps,uri://mybps.org/SpecialEducationProgramServiceDescriptor,Vocational and Domestic Skills - Out GE,Vocational and Domestic Skills - Out GE,Vocational and Domestic Skills - Out GE
special_education_program_service_descriptors,bps,uri://mybps.org/SpecialEducationProgramServiceDescriptor,"Vocational, Social Behavior and Communication - Ou","Vocational, Social Behavior and Communication - Out GE","Vocational, Social Behavior and Communication - Out GE"
special_education_program_service_descriptors,bps,uri://mybps.org/SpecialEducationProgramServiceDescriptor,"Vocational,Communication, and Social Behavior - Ou","Vocational,Communication, and Social Behavior - Out GE","Vocational,Communication, and Social Behavior - Out GE"
special_education_program_service_descriptors,bps,uri://mybps.org/SpecialEducationProgramServiceDescriptor,Vocational/ADLs - Out GE,Vocational/ADLs - Out GE,Vocational/ADLs - Out GE
special_education_program_service_descriptors,bps,uri://mybps.org/SpecialEducationProgramServiceDescriptor,Vocational/Domestic Skills - Out GE,Vocational/Domestic Skills - Out GE,Vocational/Domestic Skills - Out GE
special_education_program_service_descriptors,bps,uri://mybps.org/SpecialEducationProgramServiceDescriptor,Vocational/Functional Academic - Out GE,Vocational/Functional Academic - Out GE,Vocational/Functional Academic - Out GE
special_education_program_service_descriptors,bps,uri://mybps.org/SpecialEducationProgramServiceDescriptor,Vocational/Functional Academics - Out GE,Vocational/Functional Academics - Out GE,Vocational/Functional Academics - Out GE
special_education_program_service_descriptors,bps,uri://mybps.org/SpecialEducationProgramServiceDescriptor,Vocational/Transition - Out GE,Vocational/Transition - Out GE,Vocational/Transition - Out GE
special_education_program_service_descriptors,bps,uri://mybps.org/SpecialEducationProgramServiceDescriptor,Weekend Residential Day - Out GE,Weekend Residential Day - Out GE,Weekend Residential Day - Out GE
special_education_program_service_descriptors,bps,uri://mybps.org/SpecialEducationProgramServiceDescriptor,Writing - In GE,Writing - In GE,Writing - In GE
special_education_program_service_descriptors,bps,uri://mybps.org/SpecialEducationProgramServiceDescriptor,Writing Skills - In GE,Writing Skills - In GE,Writing Skills - In GE
special_education_program_service_descriptors,bps,uri://mybps.org/SpecialEducationProgramServiceDescriptor,Writing Skills - Out GE,Writing Skills - Out GE,Writing Skills - Out GE
special_education_program_service_descriptors,bps,uri://mybps.org/SpecialEducationProgramServiceDescriptor,Written Expression - In GE,Written Expression - In GE,Written Expression - In GE
special_education_program_service_descriptors,bps,uri://mybps.org/SpecialEducationProgramServiceDescriptor,Written Expression - Out GE,Written Expression - Out GE,Written Expression - Out GE
special_education_program_service_descriptors,bps,uri://mybps.org/SpecialEducationProgramServiceDescriptor,Written Language - In GE,Written Language - In GE,Written Language - In GE
special_education_program_service_descriptors,bps,uri://mybps.org/SpecialEducationProgramServiceDescriptor,Written Language - Out GE,Written Language - Out GE,Written Language - Out GE
special_education_program_service_descriptors,bps,uri://mybps.org/SpecialEducationProgramServiceDescriptor,academic / social/ emotional - Out GE,academic / social/ emotional - Out GE,academic / social/ emotional - Out GE
special_education_program_service_descriptors,bps,uri://mybps.org/SpecialEducationProgramServiceDescriptor,academic /emotional support - Out GE,academic /emotional support - Out GE,academic /emotional support - Out GE
special_education_program_service_descriptors,bps,uri://mybps.org/SpecialEducationProgramServiceDescriptor,academic and behavior management - Out GE,academic and behavior management - Out GE,academic and behavior management - Out GE
special_education_program_service_descriptors,bps,uri://mybps.org/SpecialEducationProgramServiceDescriptor,academic behavioral support - Out GE,academic behavioral support - Out GE,academic behavioral support - Out GE
special_education_program_service_descriptors,bps,uri://mybps.org/SpecialEducationProgramServiceDescriptor,academic instruction - Out GE,academic instruction - Out GE,academic instruction - Out GE
special_education_program_service_descriptors,bps,uri://mybps.org/SpecialEducationProgramServiceDescriptor,academic instruction/social emotional - Out GE,academic instruction/social emotional - Out GE,academic instruction/social emotional - Out GE
special_education_program_service_descriptors,bps,uri://mybps.org/SpecialEducationProgramServiceDescriptor,academic/ behavior/ social - In GE,academic/ behavior/ social - In GE,academic/ behavior/ social - In GE
special_education_program_service_descriptors,bps,uri://mybps.org/SpecialEducationProgramServiceDescriptor,academic/ behavioral support - Out GE,academic/ behavioral support - Out GE,academic/ behavioral support - Out GE
special_education_program_service_descriptors,bps,uri://mybps.org/SpecialEducationProgramServiceDescriptor,academic/ behavioral/ emotional/ social - Out GE,academic/ behavioral/ emotional/ social - Out GE,academic/ behavioral/ emotional/ social - Out GE
special_education_program_service_descriptors,bps,uri://mybps.org/SpecialEducationProgramServiceDescriptor,academic/ behavioral/ social/ emotional - Out GE,academic/ behavioral/ social/ emotional - Out GE,academic/ behavioral/ social/ emotional - Out GE
special_education_program_service_descriptors,bps,uri://mybps.org/SpecialEducationProgramServiceDescriptor,academic/ emotional support - Out GE,academic/ emotional support - Out GE,academic/ emotional support - Out GE
special_education_program_service_descriptors,bps,uri://mybps.org/SpecialEducationProgramServiceDescriptor,academic/social emotional/behavioral - Out GE,academic/social emotional/behavioral - Out GE,academic/social emotional/behavioral - Out GE
special_education_program_service_descriptors,bps,uri://mybps.org/SpecialEducationProgramServiceDescriptor,academics - Math - Out GE,academics - Math - Out GE,academics - Math - Out GE
special_education_program_service_descriptors,bps,uri://mybps.org/SpecialEducationProgramServiceDescriptor,academics / behavioral support - Out GE,academics / behavioral support - Out GE,academics / behavioral support - Out GE
special_education_program_service_descriptors,bps,uri://mybps.org/SpecialEducationProgramServiceDescriptor,academics and social emotional / behavioral - Out ,academics and social emotional / behavioral - Out GE,academics and social emotional / behavioral - Out GE
special_education_program_service_descriptors,bps,uri://mybps.org/SpecialEducationProgramServiceDescriptor,academics behavior social skills - Out GE,academics behavior social skills - Out GE,academics behavior social skills - Out GE
special_education_program_service_descriptors,bps,uri://mybps.org/SpecialEducationProgramServiceDescriptor,academics deaf/hard of hearing - Out GE,academics deaf/hard of hearing - Out GE,academics deaf/hard of hearing - Out GE
special_education_program_service_descriptors,bps,uri://mybps.org/SpecialEducationProgramServiceDescriptor,academics/ comp. technology - Out GE,academics/ comp. technology - Out GE,academics/ comp. technology - Out GE
special_education_program_service_descriptors,bps,uri://mybps.org/SpecialEducationProgramServiceDescriptor,academics/ life skills - Out GE,academics/ life skills - Out GE,academics/ life skills - Out GE
special_education_program_service_descriptors,bps,uri://mybps.org/SpecialEducationProgramServiceDescriptor,academics/ social emotional - Out GE,academics/ social emotional - Out GE,academics/ social emotional - Out GE
special_education_program_service_descriptors,bps,uri://mybps.org/SpecialEducationProgramServiceDescriptor,academics/ vocational - Out GE,academics/ vocational - Out GE,academics/ vocational - Out GE
special_education_program_service_descriptors,bps,uri://mybps.org/SpecialEducationProgramServiceDescriptor,academics/life skills - Out GE,academics/life skills - Out GE,academics/life skills - Out GE
special_education_program_service_descriptors,bps,uri://mybps.org/SpecialEducationProgramServiceDescriptor,adapted phys ed - Out GE,adapted phys ed - Out GE,adapted phys ed - Out GE
special_education_program_service_descriptors,bps,uri://mybps.org/SpecialEducationProgramServiceDescriptor,behavior support - Out GE,behavior support - Out GE,behavior support - Out GE
special_education_program_service_descriptors,bps,uri://mybps.org/SpecialEducationProgramServiceDescriptor,behavior support ela - Out GE,behavior support ela - Out GE,behavior support ela - Out GE
special_education_program_service_descriptors,bps,uri://mybps.org/SpecialEducationProgramServiceDescriptor,behavior support math - Out GE,behavior support math - Out GE,behavior support math - Out GE
special_education_program_service_descriptors,bps,uri://mybps.org/SpecialEducationProgramServiceDescriptor,behavior support science - Out GE,behavior support science - Out GE,behavior support science - Out GE
special_education_program_service_descriptors,bps,uri://mybps.org/SpecialEducationProgramServiceDescriptor,behavior support social studies - Out GE,behavior support social studies - Out GE,behavior support social studies - Out GE
special_education_program_service_descriptors,bps,uri://mybps.org/SpecialEducationProgramServiceDescriptor,"behavior, academics - Out GE","behavior, academics - Out GE","behavior, academics - Out GE"
special_education_program_service_descriptors,bps,uri://mybps.org/SpecialEducationProgramServiceDescriptor,behavior/ self regulation - Out GE,behavior/ self regulation - Out GE,behavior/ self regulation - Out GE
special_education_program_service_descriptors,bps,uri://mybps.org/SpecialEducationProgramServiceDescriptor,behavioral support/ social & emotional support - O,behavioral support/ social & emotional support - Out GE,behavioral support/ social & emotional support - Out GE
special_education_program_service_descriptors,bps,uri://mybps.org/SpecialEducationProgramServiceDescriptor,behavioral support/social and emotional support - ,behavioral support/social and emotional support - Out GE,behavioral support/social and emotional support - Out GE
special_education_program_service_descriptors,bps,uri://mybps.org/SpecialEducationProgramServiceDescriptor,career readiness - Out GE,career readiness - Out GE,career readiness - Out GE
special_education_program_service_descriptors,bps,uri://mybps.org/SpecialEducationProgramServiceDescriptor,classroom/ School behavior - Out GE,classroom/ School behavior - Out GE,classroom/ School behavior - Out GE
special_education_program_service_descriptors,bps,uri://mybps.org/SpecialEducationProgramServiceDescriptor,"clinical (1 ind, 2 group) - Out GE","clinical (1 ind, 2 group) - Out GE","clinical (1 ind, 2 group) - Out GE"
special_education_program_service_descriptors,bps,uri://mybps.org/SpecialEducationProgramServiceDescriptor,clinical - Out GE,clinical - Out GE,clinical - Out GE
special_education_program_service_descriptors,bps,uri://mybps.org/SpecialEducationProgramServiceDescriptor,clinical group - Out GE,clinical group - Out GE,clinical group - Out GE
special_education_program_service_descriptors,bps,uri://mybps.org/SpecialEducationProgramServiceDescriptor,clinical individual - Out GE,clinical individual - Out GE,clinical individual - Out GE
special_education_program_service_descriptors,bps,uri://mybps.org/SpecialEducationProgramServiceDescriptor,clinician - Out GE,clinician - Out GE,clinician - Out GE
special_education_program_service_descriptors,bps,uri://mybps.org/SpecialEducationProgramServiceDescriptor,communication (individual/small group) - Out GE,communication (individual/small group) - Out GE,communication (individual/small group) - Out GE
special_education_program_service_descriptors,bps,uri://mybps.org/SpecialEducationProgramServiceDescriptor,community education - Out GE,community education - Out GE,community education - Out GE
special_education_program_service_descriptors,bps,uri://mybps.org/SpecialEducationProgramServiceDescriptor,content instruction - Out GE,content instruction - Out GE,content instruction - Out GE
special_education_program_service_descriptors,bps,uri://mybps.org/SpecialEducationProgramServiceDescriptor,counseling (sm group) - Out GE,counseling (sm group) - Out GE,counseling (sm group) - Out GE
special_education_program_service_descriptors,bps,uri://mybps.org/SpecialEducationProgramServiceDescriptor,counseling / therapeutic support - Out GE,counseling / therapeutic support - Out GE,counseling / therapeutic support - Out GE
special_education_program_service_descriptors,bps,uri://mybps.org/SpecialEducationProgramServiceDescriptor,counseling individual - Out GE,counseling individual - Out GE,counseling individual - Out GE
special_education_program_service_descriptors,bps,uri://mybps.org/SpecialEducationProgramServiceDescriptor,counseling service - Out GE,counseling service - Out GE,counseling service - Out GE
special_education_program_service_descriptors,bps,uri://mybps.org/SpecialEducationProgramServiceDescriptor,counseling small group - Out GE,counseling small group - Out GE,counseling small group - Out GE
special_education_program_service_descriptors,bps,uri://mybps.org/SpecialEducationProgramServiceDescriptor,counseling/ therapeutic support - Out GE,counseling/ therapeutic support - Out GE,counseling/ therapeutic support - Out GE
special_education_program_service_descriptors,bps,uri://mybps.org/SpecialEducationProgramServiceDescriptor,couseling - Out GE,couseling - Out GE,couseling - Out GE
special_education_program_service_descriptors,bps,uri://mybps.org/SpecialEducationProgramServiceDescriptor,decoding - In GE,decoding - In GE,decoding - In GE
special_education_program_service_descriptors,bps,uri://mybps.org/SpecialEducationProgramServiceDescriptor,decoding - Out GE,decoding - Out GE,decoding - Out GE
special_education_program_service_descriptors,bps,uri://mybps.org/SpecialEducationProgramServiceDescriptor,ela - reading - Out GE,ela - reading - Out GE,ela - reading - Out GE
special_education_program_service_descriptors,bps,uri://mybps.org/SpecialEducationProgramServiceDescriptor,ela - reading skills - Out GE,ela - reading skills - Out GE,ela - reading skills - Out GE
special_education_program_service_descriptors,bps,uri://mybps.org/SpecialEducationProgramServiceDescriptor,ela - writing - Out GE,ela - writing - Out GE,ela - writing - Out GE
special_education_program_service_descriptors,bps,uri://mybps.org/SpecialEducationProgramServiceDescriptor,ela - written language - Out GE,ela - written language - Out GE,ela - written language - Out GE
special_education_program_service_descriptors,bps,uri://mybps.org/SpecialEducationProgramServiceDescriptor,ela reading - Out GE,ela reading - Out GE,ela reading - Out GE
special_education_program_service_descriptors,bps,uri://mybps.org/SpecialEducationProgramServiceDescriptor,ela writing - Out GE,ela writing - Out GE,ela writing - Out GE
special_education_program_service_descriptors,bps,uri://mybps.org/SpecialEducationProgramServiceDescriptor,ela- reading - Out GE,ela- reading - Out GE,ela- reading - Out GE
special_education_program_service_descriptors,bps,uri://mybps.org/SpecialEducationProgramServiceDescriptor,ela:  reading - Out GE,ela:  reading - Out GE,ela:  reading - Out GE
special_education_program_service_descriptors,bps,uri://mybps.org/SpecialEducationProgramServiceDescriptor,ela:  writing - Out GE,ela:  writing - Out GE,ela:  writing - Out GE
special_education_program_service_descriptors,bps,uri://mybps.org/SpecialEducationProgramServiceDescriptor,ela: reading - Out GE,ela: reading - Out GE,ela: reading - Out GE
special_education_program_service_descriptors,bps,uri://mybps.org/SpecialEducationProgramServiceDescriptor,ela: writing - Out GE,ela: writing - Out GE,ela: writing - Out GE
special_education_program_service_descriptors,bps,uri://mybps.org/SpecialEducationProgramServiceDescriptor,elective classes - Out GE,elective classes - Out GE,elective classes - Out GE
special_education_program_service_descriptors,bps,uri://mybps.org/SpecialEducationProgramServiceDescriptor,employment education - Out GE,employment education - Out GE,employment education - Out GE
special_education_program_service_descriptors,bps,uri://mybps.org/SpecialEducationProgramServiceDescriptor,english - Out GE,english - Out GE,english - Out GE
special_education_program_service_descriptors,bps,uri://mybps.org/SpecialEducationProgramServiceDescriptor,english language - Out GE,english language - Out GE,english language - Out GE
special_education_program_service_descriptors,bps,uri://mybps.org/SpecialEducationProgramServiceDescriptor,english language arts - reading & writing - Out GE,english language arts - reading & writing - Out GE,english language arts - reading & writing - Out GE
special_education_program_service_descriptors,bps,uri://mybps.org/SpecialEducationProgramServiceDescriptor,english language arts - reading &amp; writing - Ou,english language arts - reading &amp; writing - Out GE,english language arts - reading &amp; writing - Out GE
special_education_program_service_descriptors,bps,uri://mybps.org/SpecialEducationProgramServiceDescriptor,english language arts - reading - Out GE,english language arts - reading - Out GE,english language arts - reading - Out GE
special_education_program_service_descriptors,bps,uri://mybps.org/SpecialEducationProgramServiceDescriptor,english language arts - writing - Out GE,english language arts - writing - Out GE,english language arts - writing - Out GE
special_education_program_service_descriptors,bps,uri://mybps.org/SpecialEducationProgramServiceDescriptor,english language arts reading - Out GE,english language arts reading - Out GE,english language arts reading - Out GE
special_education_program_service_descriptors,bps,uri://mybps.org/SpecialEducationProgramServiceDescriptor,english language arts writing - Out GE,english language arts writing - Out GE,english language arts writing - Out GE
special_education_program_service_descriptors,bps,uri://mybps.org/SpecialEducationProgramServiceDescriptor,english language arts:  writing - Out GE,english language arts:  writing - Out GE,english language arts:  writing - Out GE
special_education_program_service_descriptors,bps,uri://mybps.org/SpecialEducationProgramServiceDescriptor,english/language arts - Out GE,english/language arts - Out GE,english/language arts - Out GE
special_education_program_service_descriptors,bps,uri://mybps.org/SpecialEducationProgramServiceDescriptor,enrichment classes - Out GE,enrichment classes - Out GE,enrichment classes - Out GE
special_education_program_service_descriptors,bps,uri://mybps.org/SpecialEducationProgramServiceDescriptor,esy / academic instruction/ social / emotional - O,esy / academic instruction/ social / emotional - Out GE,esy / academic instruction/ social / emotional - Out GE
special_education_program_service_descriptors,bps,uri://mybps.org/SpecialEducationProgramServiceDescriptor,executive functioning / life skills - Out GE,executive functioning / life skills - Out GE,executive functioning / life skills - Out GE
special_education_program_service_descriptors,bps,uri://mybps.org/SpecialEducationProgramServiceDescriptor,extended school day - Out GE,extended school day - Out GE,extended school day - Out GE
special_education_program_service_descriptors,bps,uri://mybps.org/SpecialEducationProgramServiceDescriptor,functional academics/ vocational - Out GE,functional academics/ vocational - Out GE,functional academics/ vocational - Out GE
special_education_program_service_descriptors,bps,uri://mybps.org/SpecialEducationProgramServiceDescriptor,functional academics/life skills - Out GE,functional academics/life skills - Out GE,functional academics/life skills - Out GE
special_education_program_service_descriptors,bps,uri://mybps.org/SpecialEducationProgramServiceDescriptor,functional academics/vocational - Out GE,functional academics/vocational - Out GE,functional academics/vocational - Out GE
special_education_program_service_descriptors,bps,uri://mybps.org/SpecialEducationProgramServiceDescriptor,functional life skills /vocational - Out GE,functional life skills /vocational - Out GE,functional life skills /vocational - Out GE
special_education_program_service_descriptors,bps,uri://mybps.org/SpecialEducationProgramServiceDescriptor,functional life skills/ vocational - Out GE,functional life skills/ vocational - Out GE,functional life skills/ vocational - Out GE
special_education_program_service_descriptors,bps,uri://mybps.org/SpecialEducationProgramServiceDescriptor,general academics - Out GE,general academics - Out GE,general academics - Out GE
special_education_program_service_descriptors,bps,uri://mybps.org/SpecialEducationProgramServiceDescriptor,group counseling - Out GE,group counseling - Out GE,group counseling - Out GE
special_education_program_service_descriptors,bps,uri://mybps.org/SpecialEducationProgramServiceDescriptor,group therapy - Out GE,group therapy - Out GE,group therapy - Out GE
special_education_program_service_descriptors,bps,uri://mybps.org/SpecialEducationProgramServiceDescriptor,health/ medical - Out GE,health/ medical - Out GE,health/ medical - Out GE
special_education_program_service_descriptors,bps,uri://mybps.org/SpecialEducationProgramServiceDescriptor,health/medical - Out GE,health/medical - Out GE,health/medical - Out GE
special_education_program_service_descriptors,bps,uri://mybps.org/SpecialEducationProgramServiceDescriptor,humanities skills - Out GE,humanities skills - Out GE,humanities skills - Out GE
special_education_program_service_descriptors,bps,uri://mybps.org/SpecialEducationProgramServiceDescriptor,independent living skills - Out GE,independent living skills - Out GE,independent living skills - Out GE
special_education_program_service_descriptors,bps,uri://mybps.org/SpecialEducationProgramServiceDescriptor,individual counseling - Out GE,individual counseling - Out GE,individual counseling - Out GE
special_education_program_service_descriptors,bps,uri://mybps.org/SpecialEducationProgramServiceDescriptor,instructional strategies - Out GE,instructional strategies - Out GE,instructional strategies - Out GE
special_education_program_service_descriptors,bps,uri://mybps.org/SpecialEducationProgramServiceDescriptor,interpersonal skill development - Out GE,interpersonal skill development - Out GE,interpersonal skill development - Out GE
special_education_program_service_descriptors,bps,uri://mybps.org/SpecialEducationProgramServiceDescriptor,life skills and vocational skills instruction - Ou,life skills and vocational skills instruction - Out GE,life skills and vocational skills instruction - Out GE
special_education_program_service_descriptors,bps,uri://mybps.org/SpecialEducationProgramServiceDescriptor,life skills/ transition - Out GE,life skills/ transition - Out GE,life skills/ transition - Out GE
special_education_program_service_descriptors,bps,uri://mybps.org/SpecialEducationProgramServiceDescriptor,literacy support - Out GE,literacy support - Out GE,literacy support - Out GE
special_education_program_service_descriptors,bps,uri://mybps.org/SpecialEducationProgramServiceDescriptor,literacy/composition/math - Out GE,literacy/composition/math - Out GE,literacy/composition/math - Out GE
special_education_program_service_descriptors,bps,uri://mybps.org/SpecialEducationProgramServiceDescriptor,math instruction - Out GE,math instruction - Out GE,math instruction - Out GE
special_education_program_service_descriptors,bps,uri://mybps.org/SpecialEducationProgramServiceDescriptor,mathemtics - Out GE,mathemtics - Out GE,mathemtics - Out GE
special_education_program_service_descriptors,bps,uri://mybps.org/SpecialEducationProgramServiceDescriptor,mobility - Out GE,mobility - Out GE,mobility - Out GE
special_education_program_service_descriptors,bps,uri://mybps.org/SpecialEducationProgramServiceDescriptor,music - fine/ oral  motor/ sensory integration - O,music - fine/ oral  motor/ sensory integration - Out GE,music - fine/ oral  motor/ sensory integration - Out GE
special_education_program_service_descriptors,bps,uri://mybps.org/SpecialEducationProgramServiceDescriptor,non-academic Support - In GE,non-academic Support - In GE,non-academic Support - In GE
special_education_program_service_descriptors,bps,uri://mybps.org/SpecialEducationProgramServiceDescriptor,occupational therapy services - Out GE,occupational therapy services - Out GE,occupational therapy services - Out GE
special_education_program_service_descriptors,bps,uri://mybps.org/SpecialEducationProgramServiceDescriptor,personal development electives - Out GE,personal development electives - Out GE,personal development electives - Out GE
special_education_program_service_descriptors,bps,uri://mybps.org/SpecialEducationProgramServiceDescriptor,reading resource - Out GE,reading resource - Out GE,reading resource - Out GE
special_education_program_service_descriptors,bps,uri://mybps.org/SpecialEducationProgramServiceDescriptor,reading/ writing skills - Out GE,reading/ writing skills - Out GE,reading/ writing skills - Out GE
special_education_program_service_descriptors,bps,uri://mybps.org/SpecialEducationProgramServiceDescriptor,reading/writing - Out GE,reading/writing - Out GE,reading/writing - Out GE
special_education_program_service_descriptors,bps,uri://mybps.org/SpecialEducationProgramServiceDescriptor,reading/writing instruction - Out GE,reading/writing instruction - Out GE,reading/writing instruction - Out GE
special_education_program_service_descriptors,bps,uri://mybps.org/SpecialEducationProgramServiceDescriptor,"residential (activities of daily living, social, b","residential (activities of daily living, social, behavior) - Out GE","residential (activities of daily living, social, behavior) - Out GE"
special_education_program_service_descriptors,bps,uri://mybps.org/SpecialEducationProgramServiceDescriptor,"residential (activities of daily living, social/be","residential (activities of daily living, social/behavior) - Out GE","residential (activities of daily living, social/behavior) - Out GE"
special_education_program_service_descriptors,bps,uri://mybps.org/SpecialEducationProgramServiceDescriptor,residential life skills - Out GE,residential life skills - Out GE,residential life skills - Out GE
special_education_program_service_descriptors,bps,uri://mybps.org/SpecialEducationProgramServiceDescriptor,residential/ functional life skills M-F - Out GE,residential/ functional life skills M-F - Out GE,residential/ functional life skills M-F - Out GE
special_education_program_service_descriptors,bps,uri://mybps.org/SpecialEducationProgramServiceDescriptor,"residential/ functional life skills weekends, holi","residential/ functional life skills weekends, holidays, PD - Out GE","residential/ functional life skills weekends, holidays, PD - Out GE"
special_education_program_service_descriptors,bps,uri://mybps.org/SpecialEducationProgramServiceDescriptor,school behavior - Out GE,school behavior - Out GE,school behavior - Out GE
special_education_program_service_descriptors,bps,uri://mybps.org/SpecialEducationProgramServiceDescriptor,school/ classroom behavior - Out GE,school/ classroom behavior - Out GE,school/ classroom behavior - Out GE
special_education_program_service_descriptors,bps,uri://mybps.org/SpecialEducationProgramServiceDescriptor,school/ classroom/ behavior - Out GE,school/ classroom/ behavior - Out GE,school/ classroom/ behavior - Out GE
special_education_program_service_descriptors,bps,uri://mybps.org/SpecialEducationProgramServiceDescriptor,self - In GE,self - In GE,self - In GE
special_education_program_service_descriptors,bps,uri://mybps.org/SpecialEducationProgramServiceDescriptor,self determination - Out GE,self determination - Out GE,self determination - Out GE
special_education_program_service_descriptors,bps,uri://mybps.org/SpecialEducationProgramServiceDescriptor,self regulation - Out GE,self regulation - Out GE,self regulation - Out GE
special_education_program_service_descriptors,bps,uri://mybps.org/SpecialEducationProgramServiceDescriptor,self regulation school behavior - Out GE,self regulation school behavior - Out GE,self regulation school behavior - Out GE
special_education_program_service_descriptors,bps,uri://mybps.org/SpecialEducationProgramServiceDescriptor,skills development - Out GE,skills development - Out GE,skills development - Out GE
special_education_program_service_descriptors,bps,uri://mybps.org/SpecialEducationProgramServiceDescriptor,skills training group - Out GE,skills training group - Out GE,skills training group - Out GE
special_education_program_service_descriptors,bps,uri://mybps.org/SpecialEducationProgramServiceDescriptor,social / Behavior - Out GE,social / Behavior - Out GE,social / Behavior - Out GE
special_education_program_service_descriptors,bps,uri://mybps.org/SpecialEducationProgramServiceDescriptor,social / emotional / behavior - Out GE,social / emotional / behavior - Out GE,social / emotional / behavior - Out GE
special_education_program_service_descriptors,bps,uri://mybps.org/SpecialEducationProgramServiceDescriptor,social competency - Out GE,social competency - Out GE,social competency - Out GE
special_education_program_service_descriptors,bps,uri://mybps.org/SpecialEducationProgramServiceDescriptor,social emotional behavioral - Out GE,social emotional behavioral - Out GE,social emotional behavioral - Out GE
special_education_program_service_descriptors,bps,uri://mybps.org/SpecialEducationProgramServiceDescriptor,social emotional behavioral support - Out GE,social emotional behavioral support - Out GE,social emotional behavioral support - Out GE
special_education_program_service_descriptors,bps,uri://mybps.org/SpecialEducationProgramServiceDescriptor,social emotional/ behavioral - Out GE,social emotional/ behavioral - Out GE,social emotional/ behavioral - Out GE
special_education_program_service_descriptors,bps,uri://mybps.org/SpecialEducationProgramServiceDescriptor,social skills & behaviors - Out GE,social skills & behaviors - Out GE,social skills & behaviors - Out GE
special_education_program_service_descriptors,bps,uri://mybps.org/SpecialEducationProgramServiceDescriptor,social skills &amp; behaviors - Out GE,social skills &amp; behaviors - Out GE,social skills &amp; behaviors - Out GE
special_education_program_service_descriptors,bps,uri://mybps.org/SpecialEducationProgramServiceDescriptor,social skills and behaviors - Out GE,social skills and behaviors - Out GE,social skills and behaviors - Out GE
special_education_program_service_descriptors,bps,uri://mybps.org/SpecialEducationProgramServiceDescriptor,social/ Behavioral - Out GE,social/ Behavioral - Out GE,social/ Behavioral - Out GE
special_education_program_service_descriptors,bps,uri://mybps.org/SpecialEducationProgramServiceDescriptor,social/ behavior - In GE,social/ behavior - In GE,social/ behavior - In GE
special_education_program_service_descriptors,bps,uri://mybps.org/SpecialEducationProgramServiceDescriptor,social/ behavior/ academics - Out GE,social/ behavior/ academics - Out GE,social/ behavior/ academics - Out GE
special_education_program_service_descriptors,bps,uri://mybps.org/SpecialEducationProgramServiceDescriptor,social/ emotional - Out GE,social/ emotional - Out GE,social/ emotional - Out GE
special_education_program_service_descriptors,bps,uri://mybps.org/SpecialEducationProgramServiceDescriptor,social/ emotional / academics - Out GE,social/ emotional / academics - Out GE,social/ emotional / academics - Out GE
special_education_program_service_descriptors,bps,uri://mybps.org/SpecialEducationProgramServiceDescriptor,social/ emotional/ behavioral - Out GE,social/ emotional/ behavioral - Out GE,social/ emotional/ behavioral - Out GE
special_education_program_service_descriptors,bps,uri://mybps.org/SpecialEducationProgramServiceDescriptor,social/emotional/ Behavior - Out GE,social/emotional/ Behavior - Out GE,social/emotional/ Behavior - Out GE
special_education_program_service_descriptors,bps,uri://mybps.org/SpecialEducationProgramServiceDescriptor,special education and aba instruction - Out GE,special education and aba instruction - Out GE,special education and aba instruction - Out GE
special_education_program_service_descriptors,bps,uri://mybps.org/SpecialEducationProgramServiceDescriptor,"specially designed instruction - english, history ","specially designed instruction - english, history - In GE","specially designed instruction - english, history - In GE"
special_education_program_service_descriptors,bps,uri://mybps.org/SpecialEducationProgramServiceDescriptor,"specially designed instruction - math, science - I","specially designed instruction - math, science - In GE","specially designed instruction - math, science - In GE"
special_education_program_service_descriptors,bps,uri://mybps.org/SpecialEducationProgramServiceDescriptor,speech - Out GE,speech - Out GE,speech - Out GE
special_education_program_service_descriptors,bps,uri://mybps.org/SpecialEducationProgramServiceDescriptor,speech group - Out GE,speech group - Out GE,speech group - Out GE
special_education_program_service_descriptors,bps,uri://mybps.org/SpecialEducationProgramServiceDescriptor,speech individual - Out GE,speech individual - Out GE,speech individual - Out GE
special_education_program_service_descriptors,bps,uri://mybps.org/SpecialEducationProgramServiceDescriptor,speech language therapy - Out GE,speech language therapy - Out GE,speech language therapy - Out GE
special_education_program_service_descriptors,bps,uri://mybps.org/SpecialEducationProgramServiceDescriptor,speech/ language - Out GE,speech/ language - Out GE,speech/ language - Out GE
special_education_program_service_descriptors,bps,uri://mybps.org/SpecialEducationProgramServiceDescriptor,speech/language - Out GE,speech/language - Out GE,speech/language - Out GE
special_education_program_service_descriptors,bps,uri://mybps.org/SpecialEducationProgramServiceDescriptor,staff/1:1 aide - Out GE,staff/1:1 aide - Out GE,staff/1:1 aide - Out GE
special_education_program_service_descriptors,bps,uri://mybps.org/SpecialEducationProgramServiceDescriptor,therapeutic academics - Out GE,therapeutic academics - Out GE,therapeutic academics - Out GE
special_education_program_service_descriptors,bps,uri://mybps.org/SpecialEducationProgramServiceDescriptor,therapy - Out GE,therapy - Out GE,therapy - Out GE
special_education_program_service_descriptors,bps,uri://mybps.org/SpecialEducationProgramServiceDescriptor,therapy/counseling - Out GE,therapy/counseling - Out GE,therapy/counseling - Out GE
special_education_program_service_descriptors,bps,uri://mybps.org/SpecialEducationProgramServiceDescriptor,transition - In GE,transition - In GE,transition - In GE
special_education_program_service_descriptors,bps,uri://mybps.org/SpecialEducationProgramServiceDescriptor,transition/ vocational - Out GE,transition/ vocational - Out GE,transition/ vocational - Out GE
special_education_program_service_descriptors,bps,uri://mybps.org/SpecialEducationProgramServiceDescriptor,transitions - Out GE,transitions - Out GE,transitions - Out GE
special_education_program_service_descriptors,bps,uri://mybps.org/SpecialEducationProgramServiceDescriptor,transitions/vocational - Out GE,transitions/vocational - Out GE,transitions/vocational - Out GE
special_education_program_service_descriptors,bps,uri://mybps.org/SpecialEducationProgramServiceDescriptor,travel training - Out GE,travel training - Out GE,travel training - Out GE
special_education_program_service_descriptors,bps,uri://mybps.org/SpecialEducationProgramServiceDescriptor,vocational/ life skills - Out GE,vocational/ life skills - Out GE,vocational/ life skills - Out GE
special_education_program_service_descriptors,bps,uri://mybps.org/SpecialEducationProgramServiceDescriptor,vocational/life skills - Out GE,vocational/life skills - Out GE,vocational/life skills - Out GE
special_education_program_service_descriptors,bps,uri://mybps.org/SpecialEducationProgramServiceDescriptor,writing - Out GE,writing - Out GE,writing - Out GE
special_education_setting_descriptors,bps,uri://mybps.org/SpecialEducationSettingDescriptor,Private Separate School,Private Separate School,Private Separate School
special_education_setting_descriptors,bps,uri://mybps.org/SpecialEducationSettingDescriptor,Public Separate School,Public Separate School,Public Separate School
state_abbreviation_descriptors,bps,uri://mybps.org/StateAbbreviationDescriptor,AQ,American Samoa,American Samoa
state_abbreviation_descriptors,bps,uri://mybps.org/StateAbbreviationDescriptor,BK,Baker Island,Baker Island
state_abbreviation_descriptors,bps,uri://mybps.org/StateAbbreviationDescriptor,CW,Cook Islands,Cook Islands
state_abbreviation_descriptors,bps,uri://mybps.org/StateAbbreviationDescriptor,CZ,Canal Zone (Panama),Canal Zone (Panama)
state_abbreviation_descriptors,bps,uri://mybps.org/StateAbbreviationDescriptor,FB,Federated States of Micronesia,Federated States of Micronesia
state_abbreviation_descriptors,bps,uri://mybps.org/StateAbbreviationDescriptor,HW,Howland Island,Howland Island
state_abbreviation_descriptors,bps,uri://mybps.org/StateAbbreviationDescriptor,JI,Jarvis Island,Jarvis Island
state_abbreviation_descriptors,bps,uri://mybps.org/StateAbbreviationDescriptor,JQ,Johnston Atoll,Johnston Atoll
state_abbreviation_descriptors,bps,uri://mybps.org/StateAbbreviationDescriptor,KF,Kingman Reef,Kingman Reef
state_abbreviation_descriptors,bps,uri://mybps.org/StateAbbreviationDescriptor,MQ,Midway Islands,Midway Islands
state_abbreviation_descriptors,bps,uri://mybps.org/StateAbbreviationDescriptor,NS,Navassa Islands,Navassa Islands
state_abbreviation_descriptors,bps,uri://mybps.org/StateAbbreviationDescriptor,PB,"Palau, Belau","Palau, Belau"
state_abbreviation_descriptors,bps,uri://mybps.org/StateAbbreviationDescriptor,PM,Palmyra Atoll,Palmyra Atoll
state_abbreviation_descriptors,bps,uri://mybps.org/StateAbbreviationDescriptor,QO,Northern Mariana Islands,Northern Mariana Islands
state_abbreviation_descriptors,bps,uri://mybps.org/StateAbbreviationDescriptor,RS,Marshall Islands,Marshall Islands
state_abbreviation_descriptors,bps,uri://mybps.org/StateAbbreviationDescriptor,UM,U.S. Minor Outlying Islands,U.S. Minor Outlying Islands
state_abbreviation_descriptors,bps,uri://mybps.org/StateAbbreviationDescriptor,WQ,Wake Island,Wake Island
state_abbreviation_descriptors,bps,uri://mybps.org/StateAbbreviationDescriptor,ZZ,Other,Other
term_descriptors,bps,uri://mybps.org/TermDescriptor,Full Year,Full Year,Full Year
license_status_descriptors,bps,uri://mybps.orgLicenseStatusDescriptor,Inactive/Invalid: RETELL/SEI R,Inactive/Invalid: RETELL/SEI R,Inactive/Invalid: RETELL/SEI R
academic_subject_descriptors,tpdm,uri://tpdm.ed-fi.org/AcademicSubjectDescriptor,Bilingual,Bilingual,Bilingual
academic_subject_descriptors,tpdm,uri://tpdm.ed-fi.org/AcademicSubjectDescriptor,English Language Learners,English Language Learners,English Language Learners
academic_subject_descriptors,tpdm,uri://tpdm.ed-fi.org/AcademicSubjectDescriptor,Multiple Subjects,Multiple Subjects,Multiple Subjects
academic_subject_descriptors,tpdm,uri://tpdm.ed-fi.org/AcademicSubjectDescriptor,Special Education,Special Education,Special Education
accreditation_status_descriptors,tpdm,uri://tpdm.ed-fi.org/AccreditationStatusDescriptor,Accredited,Accredited,Accredited
accreditation_status_descriptors,tpdm,uri://tpdm.ed-fi.org/AccreditationStatusDescriptor,Accredited - Probation,Accredited - Probation,Accredited - Probation
accreditation_status_descriptors,tpdm,uri://tpdm.ed-fi.org/AccreditationStatusDescriptor,Accredited - Warned,Accredited - Warned,Accredited - Warned
accreditation_status_descriptors,tpdm,uri://tpdm.ed-fi.org/AccreditationStatusDescriptor,Not Accredited,Not Accredited,Not Accredited
accreditation_status_descriptors,tpdm,uri://tpdm.ed-fi.org/AccreditationStatusDescriptor,Not Rated,Not Rated,Not Rated
aid_type_descriptors,tpdm,uri://tpdm.ed-fi.org/AidTypeDescriptor,Assistantship,Assistantship,Assistantship
aid_type_descriptors,tpdm,uri://tpdm.ed-fi.org/AidTypeDescriptor,Federal Scholarships,Federal Scholarships,Federal Scholarships
aid_type_descriptors,tpdm,uri://tpdm.ed-fi.org/AidTypeDescriptor,Federal Subsidized Loans,Federal Subsidized Loans,Federal Subsidized Loans
aid_type_descriptors,tpdm,uri://tpdm.ed-fi.org/AidTypeDescriptor,Federal Unsubsidized Loans,Federal Unsubsidized Loans,Federal Unsubsidized Loans
aid_type_descriptors,tpdm,uri://tpdm.ed-fi.org/AidTypeDescriptor,Federal Work Study,Federal Work Study,Federal Work Study
aid_type_descriptors,tpdm,uri://tpdm.ed-fi.org/AidTypeDescriptor,Institutional Grants,Institutional Grants,Institutional Grants
aid_type_descriptors,tpdm,uri://tpdm.ed-fi.org/AidTypeDescriptor,Institutional Loans,Institutional Loans,Institutional Loans
aid_type_descriptors,tpdm,uri://tpdm.ed-fi.org/AidTypeDescriptor,Institutional Scholarships,Institutional Scholarships,Institutional Scholarships
aid_type_descriptors,tpdm,uri://tpdm.ed-fi.org/AidTypeDescriptor,Loan Forgiveness,Loan Forgiveness,Loan Forgiveness
aid_type_descriptors,tpdm,uri://tpdm.ed-fi.org/AidTypeDescriptor,Other Federal Grants,Other Federal Grants,Other Federal Grants
aid_type_descriptors,tpdm,uri://tpdm.ed-fi.org/AidTypeDescriptor,Other Grants,Other Grants,Other Grants
aid_type_descriptors,tpdm,uri://tpdm.ed-fi.org/AidTypeDescriptor,Other On-Campus Work,Other On-Campus Work,Other On-Campus Work
aid_type_descriptors,tpdm,uri://tpdm.ed-fi.org/AidTypeDescriptor,Other Scholarships,Other Scholarships,Other Scholarships
aid_type_descriptors,tpdm,uri://tpdm.ed-fi.org/AidTypeDescriptor,Parent PLUS Loans,Parent PLUS Loans,Parent PLUS Loans
aid_type_descriptors,tpdm,uri://tpdm.ed-fi.org/AidTypeDescriptor,Pell Grants,Pell Grants,Pell Grants
aid_type_descriptors,tpdm,uri://tpdm.ed-fi.org/AidTypeDescriptor,Private Grants,Private Grants,Private Grants
aid_type_descriptors,tpdm,uri://tpdm.ed-fi.org/AidTypeDescriptor,Private Loans,Private Loans,Private Loans
aid_type_descriptors,tpdm,uri://tpdm.ed-fi.org/AidTypeDescriptor,Private Scholarships,Private Scholarships,Private Scholarships
aid_type_descriptors,tpdm,uri://tpdm.ed-fi.org/AidTypeDescriptor,State Loans,State Loans,State Loans
aid_type_descriptors,tpdm,uri://tpdm.ed-fi.org/AidTypeDescriptor,State Work,State Work,State Work
aid_type_descriptors,tpdm,uri://tpdm.ed-fi.org/AidTypeDescriptor,State and Local Grants,State and Local Grants,State and Local Grants
aid_type_descriptors,tpdm,uri://tpdm.ed-fi.org/AidTypeDescriptor,State and Local Scholarships,State and Local Scholarships,State and Local Scholarships
aid_type_descriptors,tpdm,uri://tpdm.ed-fi.org/AidTypeDescriptor,Teach Grants,Teach Grants,Teach Grants
aid_type_descriptors,tpdm,uri://tpdm.ed-fi.org/AidTypeDescriptor,Tuition Reimbursements,Tuition Reimbursements,Tuition Reimbursements
certification_route_descriptors,tpdm,uri://tpdm.ed-fi.org/CertificationRouteDescriptor,Alternative Program,Alternative Program,Alternative Program
certification_route_descriptors,tpdm,uri://tpdm.ed-fi.org/CertificationRouteDescriptor,Center for Professional Development,Center for Professional Development,Center for Professional Development
certification_route_descriptors,tpdm,uri://tpdm.ed-fi.org/CertificationRouteDescriptor,Certification by Exam,Certification by Exam,Certification by Exam
certification_route_descriptors,tpdm,uri://tpdm.ed-fi.org/CertificationRouteDescriptor,Out of State,Out of State,Out of State
certification_route_descriptors,tpdm,uri://tpdm.ed-fi.org/CertificationRouteDescriptor,Paraprofessional Program,Paraprofessional Program,Paraprofessional Program
certification_route_descriptors,tpdm,uri://tpdm.ed-fi.org/CertificationRouteDescriptor,Permit Program,Permit Program,Permit Program
certification_route_descriptors,tpdm,uri://tpdm.ed-fi.org/CertificationRouteDescriptor,Post-Baccalaureate,Post-Baccalaureate,Post-Baccalaureate
certification_route_descriptors,tpdm,uri://tpdm.ed-fi.org/CertificationRouteDescriptor,Standard Program,Standard Program,Standard Program
certification_route_descriptors,tpdm,uri://tpdm.ed-fi.org/CertificationRouteDescriptor,Temporary Teaching Certificate,Temporary Teaching Certificate,Temporary Teaching Certificate
certification_route_descriptors,tpdm,uri://tpdm.ed-fi.org/CertificationRouteDescriptor,Unknown,Unknown,Unknown
certification_route_descriptors,tpdm,uri://tpdm.ed-fi.org/CertificationRouteDescriptor,Vocational Experience,Vocational Experience,Vocational Experience
cohort_year_type_descriptors,tpdm,uri://tpdm.ed-fi.org/CohortYearTypeDescriptor,Completion,Completion,A cohort year based on the candidate's scheduled completion
cohort_year_type_descriptors,tpdm,uri://tpdm.ed-fi.org/CohortYearTypeDescriptor,Entry,Entry,A cohort year based on the entry of candidate into the Eucator Preparation Provider
coteaching_style_observed_descriptors,tpdm,uri://tpdm.ed-fi.org/CoteachingStyleObservedDescriptor,Alternative Teaching,Alternative Teaching,Alternative Teaching
coteaching_style_observed_descriptors,tpdm,uri://tpdm.ed-fi.org/CoteachingStyleObservedDescriptor,"One Teach, One Assist","One Teach, One Assist","One Teach, One Assist"
coteaching_style_observed_descriptors,tpdm,uri://tpdm.ed-fi.org/CoteachingStyleObservedDescriptor,"One Teach, One Observe","One Teach, One Observe","One Teach, One Observe"
coteaching_style_observed_descriptors,tpdm,uri://tpdm.ed-fi.org/CoteachingStyleObservedDescriptor,Other,Other,Other
coteaching_style_observed_descriptors,tpdm,uri://tpdm.ed-fi.org/CoteachingStyleObservedDescriptor,Parallel Teaching,Parallel Teaching,Parallel Teaching
coteaching_style_observed_descriptors,tpdm,uri://tpdm.ed-fi.org/CoteachingStyleObservedDescriptor,Station Teaching,Station Teaching,Station Teaching
coteaching_style_observed_descriptors,tpdm,uri://tpdm.ed-fi.org/CoteachingStyleObservedDescriptor,Team Teaching,Team Teaching,Team Teaching
credential_status_descriptors,tpdm,uri://tpdm.ed-fi.org/CredentialStatusDescriptor,Active,Active,Active
credential_status_descriptors,tpdm,uri://tpdm.ed-fi.org/CredentialStatusDescriptor,Deprecated,Deprecated,Deprecated
credential_status_descriptors,tpdm,uri://tpdm.ed-fi.org/CredentialStatusDescriptor,Expired,Expired,Expired
credential_status_descriptors,tpdm,uri://tpdm.ed-fi.org/CredentialStatusDescriptor,Renewed,Renewed,Renewed
credential_status_descriptors,tpdm,uri://tpdm.ed-fi.org/CredentialStatusDescriptor,Retired,Retired,Retired
credential_status_descriptors,tpdm,uri://tpdm.ed-fi.org/CredentialStatusDescriptor,Revoked,Revoked,Revoked
credential_status_descriptors,tpdm,uri://tpdm.ed-fi.org/CredentialStatusDescriptor,Suspended,Suspended,Suspended
credential_status_descriptors,tpdm,uri://tpdm.ed-fi.org/CredentialStatusDescriptor,Voluntary Surrender,Voluntary Surrender,Voluntary Surrender
epp_program_pathway_descriptors,tpdm,uri://tpdm.ed-fi.org/EPPProgramPathwayDescriptor,Fellowship,Fellowship,Fellowship
epp_program_pathway_descriptors,tpdm,uri://tpdm.ed-fi.org/EPPProgramPathwayDescriptor,Internship,Internship,Internship
epp_program_pathway_descriptors,tpdm,uri://tpdm.ed-fi.org/EPPProgramPathwayDescriptor,Other,Other,Other
epp_program_pathway_descriptors,tpdm,uri://tpdm.ed-fi.org/EPPProgramPathwayDescriptor,Residency,Residency,Residency
epp_program_pathway_descriptors,tpdm,uri://tpdm.ed-fi.org/EPPProgramPathwayDescriptor,Traditional,Traditional,Traditional
education_organization_category_descriptors,tpdm,uri://tpdm.ed-fi.org/EducationOrganizationCategoryDescriptor,Educator Preparation Provider,Educator Preparation Provider,Educator Preparation Provider
education_organization_category_descriptors,tpdm,uri://tpdm.ed-fi.org/EducationOrganizationCategoryDescriptor,University,University,University
educator_role_descriptors,tpdm,uri://tpdm.ed-fi.org/EducatorRoleDescriptor,Administrative,Administrative,Administrative
educator_role_descriptors,tpdm,uri://tpdm.ed-fi.org/EducatorRoleDescriptor,Assistant Principal,Assistant Principal,Assistant Principal
educator_role_descriptors,tpdm,uri://tpdm.ed-fi.org/EducatorRoleDescriptor,Associate School Psychologist,Associate School Psychologist,Associate School Psychologist
educator_role_descriptors,tpdm,uri://tpdm.ed-fi.org/EducatorRoleDescriptor,Counselor,Counselor,Counselor
educator_role_descriptors,tpdm,uri://tpdm.ed-fi.org/EducatorRoleDescriptor,Educational Aide,Educational Aide,Educational Aide
educator_role_descriptors,tpdm,uri://tpdm.ed-fi.org/EducatorRoleDescriptor,Educational Diagnostician,Educational Diagnostician,Educational Diagnostician
educator_role_descriptors,tpdm,uri://tpdm.ed-fi.org/EducatorRoleDescriptor,Educational Secretary,Educational Secretary,Educational Secretary
educator_role_descriptors,tpdm,uri://tpdm.ed-fi.org/EducatorRoleDescriptor,Generalist,Generalist,Generalist
educator_role_descriptors,tpdm,uri://tpdm.ed-fi.org/EducatorRoleDescriptor,Instructional Officer,Instructional Officer,Instructional Officer
educator_role_descriptors,tpdm,uri://tpdm.ed-fi.org/EducatorRoleDescriptor,Librarian,Librarian,Librarian
educator_role_descriptors,tpdm,uri://tpdm.ed-fi.org/EducatorRoleDescriptor,Physician,Physician,Physician
educator_role_descriptors,tpdm,uri://tpdm.ed-fi.org/EducatorRoleDescriptor,Principal,Principal,Principal
educator_role_descriptors,tpdm,uri://tpdm.ed-fi.org/EducatorRoleDescriptor,School Nurse,School Nurse,School Nurse
educator_role_descriptors,tpdm,uri://tpdm.ed-fi.org/EducatorRoleDescriptor,School Psychologist,School Psychologist,School Psychologist
educator_role_descriptors,tpdm,uri://tpdm.ed-fi.org/EducatorRoleDescriptor,Special Education,Special Education,Special Education
educator_role_descriptors,tpdm,uri://tpdm.ed-fi.org/EducatorRoleDescriptor,Superintendent,Superintendent,Superintendent
educator_role_descriptors,tpdm,uri://tpdm.ed-fi.org/EducatorRoleDescriptor,Teacher,Teacher,Teacher
educator_role_descriptors,tpdm,uri://tpdm.ed-fi.org/EducatorRoleDescriptor,Teacher Supervisor,Teacher Supervisor,Teacher Supervisor
educator_role_descriptors,tpdm,uri://tpdm.ed-fi.org/EducatorRoleDescriptor,Visiting Teacher,Visiting Teacher,Visiting Teacher
english_language_exam_descriptors,tpdm,uri://tpdm.ed-fi.org/EnglishLanguageExamDescriptor,Fail,Fail,Fail
english_language_exam_descriptors,tpdm,uri://tpdm.ed-fi.org/EnglishLanguageExamDescriptor,Not Applicable,Not Applicable,Not Applicable
english_language_exam_descriptors,tpdm,uri://tpdm.ed-fi.org/EnglishLanguageExamDescriptor,Other,Other,Other
english_language_exam_descriptors,tpdm,uri://tpdm.ed-fi.org/EnglishLanguageExamDescriptor,Pass,Pass,Pass
evaluation_element_rating_level_descriptors,tpdm,uri://tpdm.ed-fi.org/EvaluationElementRatingLevelDescriptor,Accomplished,Accomplished,Accomplished
evaluation_element_rating_level_descriptors,tpdm,uri://tpdm.ed-fi.org/EvaluationElementRatingLevelDescriptor,Demonstrated,Demonstrated,Demonstrated
evaluation_element_rating_level_descriptors,tpdm,uri://tpdm.ed-fi.org/EvaluationElementRatingLevelDescriptor,Developing,Developing,Developing
evaluation_element_rating_level_descriptors,tpdm,uri://tpdm.ed-fi.org/EvaluationElementRatingLevelDescriptor,Effective,Effective,Effective
evaluation_element_rating_level_descriptors,tpdm,uri://tpdm.ed-fi.org/EvaluationElementRatingLevelDescriptor,Highly Effective,Highly Effective,Highly Effective
evaluation_element_rating_level_descriptors,tpdm,uri://tpdm.ed-fi.org/EvaluationElementRatingLevelDescriptor,Ineffective,Ineffective,Ineffective
evaluation_element_rating_level_descriptors,tpdm,uri://tpdm.ed-fi.org/EvaluationElementRatingLevelDescriptor,Minimally Effective,Minimally Effective,Minimally Effective
evaluation_element_rating_level_descriptors,tpdm,uri://tpdm.ed-fi.org/EvaluationElementRatingLevelDescriptor,Not Demonstrated,Not Demonstrated,Not Demonstrated
evaluation_element_rating_level_descriptors,tpdm,uri://tpdm.ed-fi.org/EvaluationElementRatingLevelDescriptor,Skilled,Skilled,Skilled
evaluation_period_descriptors,tpdm,uri://tpdm.ed-fi.org/EvaluationPeriodDescriptor,BOY,BOY,Beginning of year
evaluation_period_descriptors,tpdm,uri://tpdm.ed-fi.org/EvaluationPeriodDescriptor,EOY,EOY,End of Year
evaluation_period_descriptors,tpdm,uri://tpdm.ed-fi.org/EvaluationPeriodDescriptor,Fall Semester,Fall,Fall
evaluation_period_descriptors,tpdm,uri://tpdm.ed-fi.org/EvaluationPeriodDescriptor,First Quarter,First Quarter,First Quarter
evaluation_period_descriptors,tpdm,uri://tpdm.ed-fi.org/EvaluationPeriodDescriptor,Fourth Quarter,Fourth Quarter,Fourth Quarter
evaluation_period_descriptors,tpdm,uri://tpdm.ed-fi.org/EvaluationPeriodDescriptor,MOY,MOY,Mid-Year
evaluation_period_descriptors,tpdm,uri://tpdm.ed-fi.org/EvaluationPeriodDescriptor,Second Quarter,Second Quarter,Second Quarter
evaluation_period_descriptors,tpdm,uri://tpdm.ed-fi.org/EvaluationPeriodDescriptor,Spring Semester,Spring Semester,Spring Semester
evaluation_period_descriptors,tpdm,uri://tpdm.ed-fi.org/EvaluationPeriodDescriptor,Summer Semester,Summer Semester,Summer Semester
evaluation_period_descriptors,tpdm,uri://tpdm.ed-fi.org/EvaluationPeriodDescriptor,Third Quarter,Third Quarter,Third Quarter
evaluation_period_descriptors,tpdm,uri://tpdm.ed-fi.org/EvaluationPeriodDescriptor,Winter Semester,Winter Semester,Winter Semester
evaluation_rating_level_descriptors,tpdm,uri://tpdm.ed-fi.org/EvaluationRatingLevelDescriptor,Accomplished,Accomplished,Accomplished
evaluation_rating_level_descriptors,tpdm,uri://tpdm.ed-fi.org/EvaluationRatingLevelDescriptor,Demonstrated,Demonstrated,Demonstrated
evaluation_rating_level_descriptors,tpdm,uri://tpdm.ed-fi.org/EvaluationRatingLevelDescriptor,Developing,Developing,Developing
evaluation_rating_level_descriptors,tpdm,uri://tpdm.ed-fi.org/EvaluationRatingLevelDescriptor,Effective,Effective,Effective
evaluation_rating_level_descriptors,tpdm,uri://tpdm.ed-fi.org/EvaluationRatingLevelDescriptor,Highly Effective,Highly Effective,Highly Effective
evaluation_rating_level_descriptors,tpdm,uri://tpdm.ed-fi.org/EvaluationRatingLevelDescriptor,Ineffective,Ineffective,Ineffective
evaluation_rating_level_descriptors,tpdm,uri://tpdm.ed-fi.org/EvaluationRatingLevelDescriptor,Minimally Effective,Minimally Effective,Minimally Effective
evaluation_rating_level_descriptors,tpdm,uri://tpdm.ed-fi.org/EvaluationRatingLevelDescriptor,Not Demonstrated,Not Demonstrated,Not Demonstrated
evaluation_rating_level_descriptors,tpdm,uri://tpdm.ed-fi.org/EvaluationRatingLevelDescriptor,Skilled,Skilled,Skilled
evaluation_rating_status_descriptors,tpdm,uri://tpdm.ed-fi.org/EvaluationRatingStatusDescriptor,Completed,Completed,Completed
evaluation_rating_status_descriptors,tpdm,uri://tpdm.ed-fi.org/EvaluationRatingStatusDescriptor,Draft,Draft,Draft
evaluation_rating_status_descriptors,tpdm,uri://tpdm.ed-fi.org/EvaluationRatingStatusDescriptor,In Progress,In Progress,In Progress
evaluation_rating_status_descriptors,tpdm,uri://tpdm.ed-fi.org/EvaluationRatingStatusDescriptor,Incomplete,Incomplete,Incomplete
evaluation_rating_status_descriptors,tpdm,uri://tpdm.ed-fi.org/EvaluationRatingStatusDescriptor,Not Started,Not Started,Not Started
evaluation_rating_status_descriptors,tpdm,uri://tpdm.ed-fi.org/EvaluationRatingStatusDescriptor,Queued,Queued,Queued
evaluation_type_descriptors,tpdm,uri://tpdm.ed-fi.org/EvaluationTypeDescriptor,Formal Evaluation,Formal Evaluation,Formal Evaluation
evaluation_type_descriptors,tpdm,uri://tpdm.ed-fi.org/EvaluationTypeDescriptor,Formal Evaluation Self-Rating,Formal Evaluation Self-Rating,Formal Evaluation Self-Rating
evaluation_type_descriptors,tpdm,uri://tpdm.ed-fi.org/EvaluationTypeDescriptor,Formal Observation,Formal Observation,Formal Observation
evaluation_type_descriptors,tpdm,uri://tpdm.ed-fi.org/EvaluationTypeDescriptor,Formal Observation Self-Rating,Formal Observation Self-Rating,Formal Observation Self-Rating
evaluation_type_descriptors,tpdm,uri://tpdm.ed-fi.org/EvaluationTypeDescriptor,Informal Observation,Informal Observation,Informal Observation
evaluation_type_descriptors,tpdm,uri://tpdm.ed-fi.org/EvaluationTypeDescriptor,Informal Observation Self-Rating,Informal Observation Self-Rating,Informal Observation Self-Rating
evaluation_type_descriptors,tpdm,uri://tpdm.ed-fi.org/EvaluationTypeDescriptor,Student Growth,Student Growth,Student Growth Measures
evaluation_type_descriptors,tpdm,uri://tpdm.ed-fi.org/EvaluationTypeDescriptor,Student Survey,Student Survey,Student Survey
evaluation_type_descriptors,tpdm,uri://tpdm.ed-fi.org/EvaluationTypeDescriptor,Student Work,Student Work,Student Work
evaluation_type_descriptors,tpdm,uri://tpdm.ed-fi.org/EvaluationTypeDescriptor,Walkthrough,Walkthrough,Walkthrough
gender_descriptors,tpdm,uri://tpdm.ed-fi.org/GenderDescriptor,Female,Female,Female
gender_descriptors,tpdm,uri://tpdm.ed-fi.org/GenderDescriptor,Male,Male,Male
gender_descriptors,tpdm,uri://tpdm.ed-fi.org/GenderDescriptor,Not Selected,Not Selected,Not Selected
gender_descriptors,tpdm,uri://tpdm.ed-fi.org/GenderDescriptor,Other,Other,Other
grade_level_descriptors,tpdm,uri://tpdm.ed-fi.org/GradeLevelDescriptor,Doctoral Program,Doctoral Program,Doctoral Program
grade_level_descriptors,tpdm,uri://tpdm.ed-fi.org/GradeLevelDescriptor,Freshman,Freshman,Freshman
grade_level_descriptors,tpdm,uri://tpdm.ed-fi.org/GradeLevelDescriptor,Junior,Junior,Junior
grade_level_descriptors,tpdm,uri://tpdm.ed-fi.org/GradeLevelDescriptor,Master's Program,Master's Program,Master's Program
grade_level_descriptors,tpdm,uri://tpdm.ed-fi.org/GradeLevelDescriptor,Postbaccalaureate,Postbaccalaureate,Postbaccalaureate
grade_level_descriptors,tpdm,uri://tpdm.ed-fi.org/GradeLevelDescriptor,Professional Certification,Professional Certification,Professional Certification
grade_level_descriptors,tpdm,uri://tpdm.ed-fi.org/GradeLevelDescriptor,Senior,Senior,Senior
grade_level_descriptors,tpdm,uri://tpdm.ed-fi.org/GradeLevelDescriptor,Sophomore,Sophomore,Sophomore
grade_level_descriptors,tpdm,uri://tpdm.ed-fi.org/GradeLevelDescriptor,Undergraduate,Undergraduate,Undergraduate
objective_rating_level_descriptors,tpdm,uri://tpdm.ed-fi.org/ObjectiveRatingLevelDescriptor,Accomplished,Accomplished,Accomplished
objective_rating_level_descriptors,tpdm,uri://tpdm.ed-fi.org/ObjectiveRatingLevelDescriptor,Demonstrated,Demonstrated,Demonstrated
objective_rating_level_descriptors,tpdm,uri://tpdm.ed-fi.org/ObjectiveRatingLevelDescriptor,Developing,Developing,Developing
objective_rating_level_descriptors,tpdm,uri://tpdm.ed-fi.org/ObjectiveRatingLevelDescriptor,Effective,Effective,Effective
objective_rating_level_descriptors,tpdm,uri://tpdm.ed-fi.org/ObjectiveRatingLevelDescriptor,Highly Effective,Highly Effective,Highly Effective
objective_rating_level_descriptors,tpdm,uri://tpdm.ed-fi.org/ObjectiveRatingLevelDescriptor,Ineffective,Ineffective,Ineffective
objective_rating_level_descriptors,tpdm,uri://tpdm.ed-fi.org/ObjectiveRatingLevelDescriptor,Minimally Effective,Minimally Effective,Minimally Effective
objective_rating_level_descriptors,tpdm,uri://tpdm.ed-fi.org/ObjectiveRatingLevelDescriptor,Not Demonstrated,Not Demonstrated,Not Demonstrated
objective_rating_level_descriptors,tpdm,uri://tpdm.ed-fi.org/ObjectiveRatingLevelDescriptor,Skilled,Skilled,Skilled
performance_evaluation_rating_level_descriptors,tpdm,uri://tpdm.ed-fi.org/PerformanceEvaluationRatingLevelDescriptor,Accomplished,Accomplished,Accomplished
performance_evaluation_rating_level_descriptors,tpdm,uri://tpdm.ed-fi.org/PerformanceEvaluationRatingLevelDescriptor,Demonstrated,Demonstrated,Demonstrated
performance_evaluation_rating_level_descriptors,tpdm,uri://tpdm.ed-fi.org/PerformanceEvaluationRatingLevelDescriptor,Developing,Developing,Developing
performance_evaluation_rating_level_descriptors,tpdm,uri://tpdm.ed-fi.org/PerformanceEvaluationRatingLevelDescriptor,Effective,Effective,Effective
performance_evaluation_rating_level_descriptors,tpdm,uri://tpdm.ed-fi.org/PerformanceEvaluationRatingLevelDescriptor,Highly Effective,Highly Effective,Highly Effective
performance_evaluation_rating_level_descriptors,tpdm,uri://tpdm.ed-fi.org/PerformanceEvaluationRatingLevelDescriptor,Ineffective,Ineffective,Ineffective
performance_evaluation_rating_level_descriptors,tpdm,uri://tpdm.ed-fi.org/PerformanceEvaluationRatingLevelDescriptor,Minimally Effective,Minimally Effective,Minimally Effective
performance_evaluation_rating_level_descriptors,tpdm,uri://tpdm.ed-fi.org/PerformanceEvaluationRatingLevelDescriptor,Not Demonstrated,Not Demonstrated,Not Demonstrated
performance_evaluation_rating_level_descriptors,tpdm,uri://tpdm.ed-fi.org/PerformanceEvaluationRatingLevelDescriptor,Skilled,Skilled,Skilled
performance_evaluation_type_descriptors,tpdm,uri://tpdm.ed-fi.org/PerformanceEvaluationTypeDescriptor,Formal Evaluation,Formal Evaluation,Formal Evaluation
performance_evaluation_type_descriptors,tpdm,uri://tpdm.ed-fi.org/PerformanceEvaluationTypeDescriptor,Formal Evaluation Self-Rating,Formal Evaluation Self-Rating,Formal Evaluation Self-Rating
performance_evaluation_type_descriptors,tpdm,uri://tpdm.ed-fi.org/PerformanceEvaluationTypeDescriptor,Formal Observation,Formal Observation,Formal Observation
performance_evaluation_type_descriptors,tpdm,uri://tpdm.ed-fi.org/PerformanceEvaluationTypeDescriptor,Formal Observation Self-Rating,Formal Observation Self-Rating,Formal Observation Self-Rating
performance_evaluation_type_descriptors,tpdm,uri://tpdm.ed-fi.org/PerformanceEvaluationTypeDescriptor,Informal Observation,Informal Observation,Informal Observation
performance_evaluation_type_descriptors,tpdm,uri://tpdm.ed-fi.org/PerformanceEvaluationTypeDescriptor,Informal Observation Self-Rating,Informal Observation Self-Rating,Informal Observation Self-Rating
performance_evaluation_type_descriptors,tpdm,uri://tpdm.ed-fi.org/PerformanceEvaluationTypeDescriptor,Student Growth Measures,Student Growth Measures,Student Growth Measures
performance_evaluation_type_descriptors,tpdm,uri://tpdm.ed-fi.org/PerformanceEvaluationTypeDescriptor,Student Survey,Student Survey,Student Survey
performance_evaluation_type_descriptors,tpdm,uri://tpdm.ed-fi.org/PerformanceEvaluationTypeDescriptor,Student Work,Student Work,Student Work
performance_evaluation_type_descriptors,tpdm,uri://tpdm.ed-fi.org/PerformanceEvaluationTypeDescriptor,Walkthrough,Walkthrough,Walkthrough
program_type_descriptors,tpdm,uri://tpdm.ed-fi.org/ProgramTypeDescriptor,Alternative,Alternative,"Training offered in ESC's, community colleges, private vendors, etc."
program_type_descriptors,tpdm,uri://tpdm.ed-fi.org/ProgramTypeDescriptor,Continuing Education Certificate,Continuing Education Certificate,Certificates offered by education institution
program_type_descriptors,tpdm,uri://tpdm.ed-fi.org/ProgramTypeDescriptor,Post-Baccalaureate,Post-Baccalaureate,Master's + Teaching certificate
program_type_descriptors,tpdm,uri://tpdm.ed-fi.org/ProgramTypeDescriptor,Traditional Certification Program,Traditional Certification Program,Traditional Certification Program
reason_exited_descriptors,tpdm,uri://tpdm.ed-fi.org/ReasonExitedDescriptor,Completed,Completed,Completed
reason_exited_descriptors,tpdm,uri://tpdm.ed-fi.org/ReasonExitedDescriptor,Received Degree,Received Degree,Received Degree
rubric_rating_level_descriptors,tpdm,uri://tpdm.ed-fi.org/RubricRatingLevelDescriptor,Accomplished,Accomplished,Accomplished
rubric_rating_level_descriptors,tpdm,uri://tpdm.ed-fi.org/RubricRatingLevelDescriptor,Demonstrated,Demonstrated,Demonstrated
rubric_rating_level_descriptors,tpdm,uri://tpdm.ed-fi.org/RubricRatingLevelDescriptor,Developing,Developing,Developing
rubric_rating_level_descriptors,tpdm,uri://tpdm.ed-fi.org/RubricRatingLevelDescriptor,Effective,Effective,Effective
rubric_rating_level_descriptors,tpdm,uri://tpdm.ed-fi.org/RubricRatingLevelDescriptor,Highly Effective,Highly Effective,Highly Effective
rubric_rating_level_descriptors,tpdm,uri://tpdm.ed-fi.org/RubricRatingLevelDescriptor,Ineffective,Ineffective,Ineffective
rubric_rating_level_descriptors,tpdm,uri://tpdm.ed-fi.org/RubricRatingLevelDescriptor,Minimally Effective,Minimally Effective,Minimally Effective
rubric_rating_level_descriptors,tpdm,uri://tpdm.ed-fi.org/RubricRatingLevelDescriptor,Not Demonstrated,Not Demonstrated,Not Demonstrated
rubric_rating_level_descriptors,tpdm,uri://tpdm.ed-fi.org/RubricRatingLevelDescriptor,Skilled,Skilled,Skilled
assessment_reporting_method_descriptors,Assessment,uri://www.nwea.org/map/AssessmentReportingMethodDescriptor,ACT College Readiness (Spring) ,Projected Proficiency,Projected Proficiency in linked assessment
assessment_reporting_method_descriptors,Assessment,uri://www.nwea.org/map/AssessmentReportingMethodDescriptor,Achievement Quintile,Achievement Quintile,Achievement Quintile
assessment_reporting_method_descriptors,Assessment,uri://www.nwea.org/map/AssessmentReportingMethodDescriptor,Course,Measurement Scale,Specific RIT scale that applies  to the associated test.
assessment_reporting_method_descriptors,Assessment,uri://www.nwea.org/map/AssessmentReportingMethodDescriptor,Fall-To-Fall Conditional Growth Index,Fall-To-Fall Conditional Growth Index,Calculation that enables you to compare student growth. Measures growth from the previous academic year fall term to the fall term chosen at export. It incorporates: -weeks of instruction before testing -how high students scored in the first term.
assessment_reporting_method_descriptors,Assessment,uri://www.nwea.org/map/AssessmentReportingMethodDescriptor,Fall-To-Fall Conditional Growth Percentile,Fall-To-Fall Conditional Growth Percentile,Translates the Conditional Growth Index to national percentile rankings for growth. Measures growth from the previous academic year fall term to the fall term chosen at export.
assessment_reporting_method_descriptors,Assessment,uri://www.nwea.org/map/AssessmentReportingMethodDescriptor,Fall-To-Fall Met Projected Growth,Fall-To-Fall Met Projected Growth,"Whether Projected Growth was met or not. Asterisk means Observed Growth Standard Error (SE) could be large enough to put the outcome in question, so evaluate in combination with other points of data."
assessment_reporting_method_descriptors,Assessment,uri://www.nwea.org/map/AssessmentReportingMethodDescriptor,Fall-To-Fall Observed Growth,Fall-To-Fall Observed Growth,Actual growth from previous academic year fall term to the fall term chosen at export.
assessment_reporting_method_descriptors,Assessment,uri://www.nwea.org/map/AssessmentReportingMethodDescriptor,Fall-To-Fall Observed Growth SE,Fall-To-Fall Observed Growth SE,Standard Error associated with calculation for FalltoFallObservedGrowth.
assessment_reporting_method_descriptors,Assessment,uri://www.nwea.org/map/AssessmentReportingMethodDescriptor,Fall-To-Fall Projected Growth,Fall-To-Fall Projected Growth,Projected RIT growth from previous academic year fall term to the fall term chosen at export. Based on previous fall term RIT score and weeks of instruction.
assessment_reporting_method_descriptors,Assessment,uri://www.nwea.org/map/AssessmentReportingMethodDescriptor,Fall-To-Spring Conditional Growth Index,Fall-To-Spring Conditional Growth Index,Calculation that enables you to compare student growth. Measures growth from the previous academic year fall term to the spring term chosen at export. It incorporates: -weeks of instruction before testing -how high students scored in the first term.
assessment_reporting_method_descriptors,Assessment,uri://www.nwea.org/map/AssessmentReportingMethodDescriptor,Fall-To-Spring Conditional Growth Percentile,Fall-To-Spring Conditional Growth Percentile,Translates the Conditional Growth Index to national percentile rankings for growth. Measures growth from the previous academic year fall term to the spring term chosen at export.
assessment_reporting_method_descriptors,Assessment,uri://www.nwea.org/map/AssessmentReportingMethodDescriptor,Fall-To-Spring Met Projected Growth,Fall-To-Spring Met Projected Growth,"Whether Projected Growth was met or not. Asterisk means Observed Growth Standard Error (SE) could be large enough to put the outcome in question, so evaluate in combination with other points of data."
assessment_reporting_method_descriptors,Assessment,uri://www.nwea.org/map/AssessmentReportingMethodDescriptor,Fall-To-Spring Observed Growth,Fall-To-Spring Observed Growth,Actual growth from previous academic year fall term to the spring term chosen at export.
assessment_reporting_method_descriptors,Assessment,uri://www.nwea.org/map/AssessmentReportingMethodDescriptor,Fall-To-Spring Observed Growth SE,Fall-To-Spring Observed Growth SE,Standard Error associated with calculation for FalltoSpringObservedGrowth.
assessment_reporting_method_descriptors,Assessment,uri://www.nwea.org/map/AssessmentReportingMethodDescriptor,Fall-To-Spring Projected Growth,Fall-To-Spring Projected Growth,Projected RIT growth from previous academic year fall term to the spring term chosen at export.  Based on previous fall term RIT score and weeks of instruction.
assessment_reporting_method_descriptors,Assessment,uri://www.nwea.org/map/AssessmentReportingMethodDescriptor,Fall-To-Winter Conditional Growth Index,Fall-To-Winter Conditional Growth Index,Calculation that enables you to compare student growth. Measures growth from the previous academic year fall term to the winter term chosen at export. It incorporates: -weeks of instruction before testing -how high students scored in the first term.
assessment_reporting_method_descriptors,Assessment,uri://www.nwea.org/map/AssessmentReportingMethodDescriptor,Fall-To-Winter Conditional Growth Percentile,Fall-To-Winter Conditional Growth Percentile,Translates the Conditional Growth Index to national percentile rankings for growth. Measures growth from the previous academic year fall term to the winter term chosen at export.
assessment_reporting_method_descriptors,Assessment,uri://www.nwea.org/map/AssessmentReportingMethodDescriptor,Fall-To-Winter Met Projected Growth,Fall-To-Winter Met Projected Growth,"Whether Projected Growth was met or not. Asterisk means Observed Growth Standard Error (SE) could be large enough to put the outcome in question, so evaluate in combination with other points of data."
assessment_reporting_method_descriptors,Assessment,uri://www.nwea.org/map/AssessmentReportingMethodDescriptor,Fall-To-Winter Observed Growth,Fall-To-Winter Observed Growth,Actual growth from previous academic year fall term to the winter term chosen at export.
assessment_reporting_method_descriptors,Assessment,uri://www.nwea.org/map/AssessmentReportingMethodDescriptor,Fall-To-Winter Observed Growth SE,Fall-To-Winter Observed Growth SE,Standard Error associated with calculation for FalltoWinterObservedGrowth.
assessment_reporting_method_descriptors,Assessment,uri://www.nwea.org/map/AssessmentReportingMethodDescriptor,Fall-To-Winter Projected Growth,Fall-To-Winter Projected Growth,Projected RIT growth from previous academic year fall term to the winter term chosen at export. Based on previous fall term RIT score and weeks of instruction.
assessment_reporting_method_descriptors,Assessment,uri://www.nwea.org/map/AssessmentReportingMethodDescriptor,Goal Adjective,Goal Adjective,Goal adjective related to the goal score. This is defined using the goal score percentile as it relates to a norm set and its associative cut sheet.
assessment_reporting_method_descriptors,Assessment,uri://www.nwea.org/map/AssessmentReportingMethodDescriptor,Goal Range,Goal Range,RIT range based on the standard error and RIT score.
assessment_reporting_method_descriptors,Assessment,uri://www.nwea.org/map/AssessmentReportingMethodDescriptor,Growth Measure YN,Growth Measure YN,"When more than one result record exists for a given student and test, only one record counts for growth reporting, marked TRUE."
assessment_reporting_method_descriptors,Assessment,uri://www.nwea.org/map/AssessmentReportingMethodDescriptor,Lexile Max,Lexile Max,Upper end of the range.
assessment_reporting_method_descriptors,Assessment,uri://www.nwea.org/map/AssessmentReportingMethodDescriptor,Lexile Min,Lexile Min,Lower end of the range.
assessment_reporting_method_descriptors,Assessment,uri://www.nwea.org/map/AssessmentReportingMethodDescriptor,Lexile Score,Lexile Score,Score resulting from a correlation between NWEAâ€™s RIT score and the Lexile  scale (a measure defined by MetaMetricsÂ®). Available only for Reading tests.
assessment_reporting_method_descriptors,Assessment,uri://www.nwea.org/map/AssessmentReportingMethodDescriptor,Massachusetts Comprehensive Assessment System (MCA,Projected Proficiency,Projected Proficiency in linked assessment
assessment_reporting_method_descriptors,Assessment,uri://www.nwea.org/map/AssessmentReportingMethodDescriptor,Percent Correct,Percent Correct,Percent Correct
assessment_reporting_method_descriptors,Assessment,uri://www.nwea.org/map/AssessmentReportingMethodDescriptor,Quantile Max,Quantile Max,Upper end of the range.
assessment_reporting_method_descriptors,Assessment,uri://www.nwea.org/map/AssessmentReportingMethodDescriptor,Quantile Min,Quantile Min,Lower end of the range
assessment_reporting_method_descriptors,Assessment,uri://www.nwea.org/map/AssessmentReportingMethodDescriptor,Quantile Score,Quantile Score,Score resulting from a correlation between NWEAâ€™s RIT score and the Quantile scale (a measure defined by MetaMetricsÂ®). Available only for Math tests.
assessment_reporting_method_descriptors,Assessment,uri://www.nwea.org/map/AssessmentReportingMethodDescriptor,RIT Scale Score,Scale Score,Overall RIT score of the test
assessment_reporting_method_descriptors,Assessment,uri://www.nwea.org/map/AssessmentReportingMethodDescriptor,SAT (Spring) ,Projected Proficiency,Projected Proficiency in linked assessment
assessment_reporting_method_descriptors,Assessment,uri://www.nwea.org/map/AssessmentReportingMethodDescriptor,SEM,SEM,RIT score variance
assessment_reporting_method_descriptors,Assessment,uri://www.nwea.org/map/AssessmentReportingMethodDescriptor,Spring-To-Spring Conditional Growth Index,Spring-To-Spring Conditional Growth Index,Calculation that enables you to compare student growth. Measures growth from the previous academic year spring term to spring term chosen at export. It incorporates: -weeks of instruction before testing -how high students scored in the first term. 
assessment_reporting_method_descriptors,Assessment,uri://www.nwea.org/map/AssessmentReportingMethodDescriptor,Spring-To-Spring Conditional Growth Percentile,Spring-To-Spring Conditional Growth Percentile,Translates the Conditional Growth Index to national percentile rankings for growth. Measures growth from the previous academic year spring term to spring term chosen at export.
assessment_reporting_method_descriptors,Assessment,uri://www.nwea.org/map/AssessmentReportingMethodDescriptor,Spring-To-Spring Met Projected Growth,Spring-To-Spring Met Projected Growth,"Whether Projected Growth was met or not. Asterisk means Observed Growth Standard Error (SE) could be large enough to put the outcome in question, so evaluate in combination with other points of data."
assessment_reporting_method_descriptors,Assessment,uri://www.nwea.org/map/AssessmentReportingMethodDescriptor,Spring-To-Spring Observed Growth,Spring-To-Spring Observed Growth,Actual growth from previous academic year spring term to spring term chosen at export.
assessment_reporting_method_descriptors,Assessment,uri://www.nwea.org/map/AssessmentReportingMethodDescriptor,Spring-To-Spring Observed Growth SE,Spring-To-Spring Observed Growth SE,Standard Error associated with calculation for FalltoSpringObservedGrowth.
assessment_reporting_method_descriptors,Assessment,uri://www.nwea.org/map/AssessmentReportingMethodDescriptor,Spring-To-Spring Projected Growth,Spring-To-Spring Projected Growth,Projected RIT growth from previous academic year spring term to spring term chosen at export.  Based on previous fall term RIT score and weeks of instruction.
assessment_reporting_method_descriptors,Assessment,uri://www.nwea.org/map/AssessmentReportingMethodDescriptor,Subject,Subject,Academic Subject
assessment_reporting_method_descriptors,Assessment,uri://www.nwea.org/map/AssessmentReportingMethodDescriptor,Term Name,Term Name,Term Name
assessment_reporting_method_descriptors,Assessment,uri://www.nwea.org/map/AssessmentReportingMethodDescriptor,Test Duration Minutes,Test Duration Minutes,Test duration in minutes
assessment_reporting_method_descriptors,Assessment,uri://www.nwea.org/map/AssessmentReportingMethodDescriptor,Test Name,Test Name,Full name of the test.
assessment_reporting_method_descriptors,Assessment,uri://www.nwea.org/map/AssessmentReportingMethodDescriptor,Test Percentile,Test Percentile,Student ranking percentile
assessment_reporting_method_descriptors,Assessment,uri://www.nwea.org/map/AssessmentReportingMethodDescriptor,Winter-To-Spring Conditional Growth Index,Winter-To-Spring Conditional Growth Index,Calculation that enables you to compare student growth. Measures growth from the previous academic year winter term to spring term chosen at export. It incorporates: -weeks of instruction before testing -how high students scored in the first term.
assessment_reporting_method_descriptors,Assessment,uri://www.nwea.org/map/AssessmentReportingMethodDescriptor,Winter-To-Spring Conditional Growth Percentile,Winter-To-Spring Conditional Growth Percentile,Translates the Conditional Growth Index to national percentile rankings for growth. Measures growth from the previous academic year winter term to spring term chosen at export.
assessment_reporting_method_descriptors,Assessment,uri://www.nwea.org/map/AssessmentReportingMethodDescriptor,Winter-To-Spring Met Projected Growth,Winter-To-Spring Met Projected Growth,"Whether Projected Growth was met or not. Asterisk means Observed Growth Standard Error (SE) could be large enough to put the outcome in question, so evaluate in combination with other points of data."
assessment_reporting_method_descriptors,Assessment,uri://www.nwea.org/map/AssessmentReportingMethodDescriptor,Winter-To-Spring Observed Growth,Winter-To-Spring Observed Growth,Actual growth from previous academic year winter term to spring term chosen at export.
assessment_reporting_method_descriptors,Assessment,uri://www.nwea.org/map/AssessmentReportingMethodDescriptor,Winter-To-Spring Observed Growth SE,Winter-To-Spring Observed Growth SE,Standard Error associated with calculation for FalltoSpringObservedGrowth.
assessment_reporting_method_descriptors,Assessment,uri://www.nwea.org/map/AssessmentReportingMethodDescriptor,Winter-To-Spring Projected Growth,Winter-To-Spring Projected Growth,Projected RIT growth from previous academic year winter term to spring term chosen at export.  Based on previous fall term RIT score and weeks of instruction.
assessment_reporting_method_descriptors,Assessment,uri://www.nwea.org/map/AssessmentReportingMethodDescriptor,Winter-To-Winter Conditional Growth Index,Winter-To-Winter Conditional Growth Index,Calculation that enables you to compare student growth. Measures growth from the previous academic year winter term to the winter term chosen at export. It incorporates: -weeks of instruction before testing -how high students scored in the first term.
assessment_reporting_method_descriptors,Assessment,uri://www.nwea.org/map/AssessmentReportingMethodDescriptor,Winter-To-Winter Conditional Growth Percentile,Winter-To-Winter Conditional Growth Percentile,Translates the Conditional Growth Index to national percentile rankings for growth. Measures growth from the previous academic year winter term to the winter term chosen at export.
assessment_reporting_method_descriptors,Assessment,uri://www.nwea.org/map/AssessmentReportingMethodDescriptor,Winter-To-Winter Met Projected Growth,Winter-To-Winter Met Projected Growth,"Whether Projected Growth was met or not. Asterisk means Observed Growth Standard Error (SE) could be large enough to put the outcome in question, so evaluate in combination with other points of data."
assessment_reporting_method_descriptors,Assessment,uri://www.nwea.org/map/AssessmentReportingMethodDescriptor,Winter-To-Winter Observed Growth,Winter-To-Winter Observed Growth,Actual growth from previous academic year winter term to the winter term chosen at export.
assessment_reporting_method_descriptors,Assessment,uri://www.nwea.org/map/AssessmentReportingMethodDescriptor,Winter-To-Winter Observed Growth SE,Winter-To-Winter Observed Growth SE,Standard Error associated with calculation for FalltoSpringObservedGrowth.
assessment_reporting_method_descriptors,Assessment,uri://www.nwea.org/map/AssessmentReportingMethodDescriptor,Winter-To-Winter Projected Growth,Winter-To-Winter Projected Growth,Projected RIT growth from previous academic year winter term to the winter term chosen at export.  Based on previous fall term RIT score and weeks of instruction.
performance_level_descriptors,Assessment,uri://www.nwea.org/map/PerformanceLevelDescriptor,*,*,* goal adjective could not be computed)
performance_level_descriptors,Assessment,uri://www.nwea.org/map/PerformanceLevelDescriptor,Avg,Avg,Avg (percentile > 40 to <= 60)
performance_level_descriptors,Assessment,uri://www.nwea.org/map/PerformanceLevelDescriptor,FALSE,FALSE,FALSE
performance_level_descriptors,Assessment,uri://www.nwea.org/map/PerformanceLevelDescriptor,HiAvg,HiAvg,HiAvg (percentile > 60 to <= 80)
performance_level_descriptors,Assessment,uri://www.nwea.org/map/PerformanceLevelDescriptor,High,High,High (percentile > 80
performance_level_descriptors,Assessment,uri://www.nwea.org/map/PerformanceLevelDescriptor,LoAvg,LoAvg,LoAvg (percentile > 20 to <= 40)
performance_level_descriptors,Assessment,uri://www.nwea.org/map/PerformanceLevelDescriptor,Low,Low,Low (percentile <= 20)
performance_level_descriptors,Assessment,uri://www.nwea.org/map/PerformanceLevelDescriptor,No,No,"Growth projection not met. Asterisk means Observed Growth Standard Error (SE) could be large enough to put the outcome in question, so evaluate in combination with other points of data."
performance_level_descriptors,Assessment,uri://www.nwea.org/map/PerformanceLevelDescriptor,No*,No*,"Growth projection not met. Asterisk means Observed Growth Standard Error (SE) could be large enough to put the outcome in question, so evaluate in combination with other points of data."
performance_level_descriptors,Assessment,uri://www.nwea.org/map/PerformanceLevelDescriptor,TRUE,TRUE,TRUE
performance_level_descriptors,Assessment,uri://www.nwea.org/map/PerformanceLevelDescriptor,Yes,Yes,Student met growth projection.
performance_level_descriptors,Assessment,uri://www.nwea.org/map/PerformanceLevelDescriptor,Yes*,Yes*,Student met growth projection.
assessment_reporting_method_descriptors,Assessment,uri://www.nwea.org/mapFluency/AssessmentReportingMethodDescriptor,Assigned Test Type,Assigned Test Type,Assigned Test Type
assessment_reporting_method_descriptors,Assessment,uri://www.nwea.org/mapFluency/AssessmentReportingMethodDescriptor,Attempted,Attempted,Attempted
assessment_reporting_method_descriptors,Assessment,uri://www.nwea.org/mapFluency/AssessmentReportingMethodDescriptor,Correct,Correct,Correct
assessment_reporting_method_descriptors,Assessment,uri://www.nwea.org/mapFluency/AssessmentReportingMethodDescriptor,Domain Score,Domain Score,Domain Score
assessment_reporting_method_descriptors,Assessment,uri://www.nwea.org/mapFluency/AssessmentReportingMethodDescriptor,Dyslexia Screener Outcome,Dyslexia Screener Outcome,Dyslexia Screener Outcome
assessment_reporting_method_descriptors,Assessment,uri://www.nwea.org/mapFluency/AssessmentReportingMethodDescriptor,Literal Comprehension Score (Not Scored),Literal Comprehension Score (Not Scored),Literal Comprehension Score (Not Scored)
assessment_reporting_method_descriptors,Assessment,uri://www.nwea.org/mapFluency/AssessmentReportingMethodDescriptor,Oral Reading Accuracy Score,Oral Reading Accuracy Score,Oral Reading Accuracy Score
assessment_reporting_method_descriptors,Assessment,uri://www.nwea.org/mapFluency/AssessmentReportingMethodDescriptor,Performance Level,Performance Level,Performance Level
assessment_reporting_method_descriptors,Assessment,uri://www.nwea.org/mapFluency/AssessmentReportingMethodDescriptor,Result Type,Result Type,Result Type
assessment_reporting_method_descriptors,Assessment,uri://www.nwea.org/mapFluency/AssessmentReportingMethodDescriptor,School Name,School Name,School Name
assessment_reporting_method_descriptors,Assessment,uri://www.nwea.org/mapFluency/AssessmentReportingMethodDescriptor,Score,Score,Score
assessment_reporting_method_descriptors,Assessment,uri://www.nwea.org/mapFluency/AssessmentReportingMethodDescriptor,Term Name,Term Name,Term Name
assessment_reporting_method_descriptors,Assessment,uri://www.nwea.org/mapFluency/AssessmentReportingMethodDescriptor,Test Completion Date,Test Completion Date,Test Completion Date
assessment_reporting_method_descriptors,Assessment,uri://www.nwea.org/mapFluency/AssessmentReportingMethodDescriptor,Test Percentile,Test Percentile,Test Percentile
assessment_reporting_method_descriptors,Assessment,uri://www.nwea.org/mapFluency/AssessmentReportingMethodDescriptor,Universal Screener Outcome,Universal Screener Outcome,Universal Screener Outcome
assessment_reporting_method_descriptors,Assessment,uri://www.nwea.org/mapFluency/AssessmentReportingMethodDescriptor,WCPM,WCPM,WCPM
assessment_reporting_method_descriptors,Assessment,uri://www.nwea.org/mapFluency/AssessmentReportingMethodDescriptor,ZPD Level,ZPD Level,ZPD Level
assessment_reporting_method_descriptors,Assessment,uri://www.nwea.org/mapFluency/AssessmentReportingMethodDescriptor,ZPD Name,ZPD Name,ZPD Name
performance_level_descriptors,Assessment,uri://www.nwea.org/mapFluency/PerformanceLevelDescriptor,0,0,0
performance_level_descriptors,Assessment,uri://www.nwea.org/mapFluency/PerformanceLevelDescriptor,1,1,1
performance_level_descriptors,Assessment,uri://www.nwea.org/mapFluency/PerformanceLevelDescriptor,2,2,2
performance_level_descriptors,Assessment,uri://www.nwea.org/mapFluency/PerformanceLevelDescriptor,3,3,3
performance_level_descriptors,Assessment,uri://www.nwea.org/mapFluency/PerformanceLevelDescriptor,4,4,4
performance_level_descriptors,Assessment,uri://www.nwea.org/mapFluency/PerformanceLevelDescriptor,5,5,5
performance_level_descriptors,Assessment,uri://www.nwea.org/mapFluency/PerformanceLevelDescriptor,Approaching Expectation,Approaching Expectation,Approaching Expectation
performance_level_descriptors,Assessment,uri://www.nwea.org/mapFluency/PerformanceLevelDescriptor,Below Expectation,Below Expectation,Below Expectation
performance_level_descriptors,Assessment,uri://www.nwea.org/mapFluency/PerformanceLevelDescriptor,Blending & Segmenting,Blending & Segmenting,Blending & Segmenting
performance_level_descriptors,Assessment,uri://www.nwea.org/mapFluency/PerformanceLevelDescriptor,Decodable Words: Beginning,Decodable Words: Beginning,Decodable Words: Beginning
performance_level_descriptors,Assessment,uri://www.nwea.org/mapFluency/PerformanceLevelDescriptor,Decodable Words: Multisyllabic,Decodable Words: Multisyllabic,Decodable Words: Multisyllabic
performance_level_descriptors,Assessment,uri://www.nwea.org/mapFluency/PerformanceLevelDescriptor,Decodable: CVC,Decodable: CVC,Decodable: CVC
performance_level_descriptors,Assessment,uri://www.nwea.org/mapFluency/PerformanceLevelDescriptor,Decodable: One-syllable,Decodable: One-syllable,Decodable: One-syllable
performance_level_descriptors,Assessment,uri://www.nwea.org/mapFluency/PerformanceLevelDescriptor,Exceeds Expectation,Exceeds Expectation,Exceeds Expectation
performance_level_descriptors,Assessment,uri://www.nwea.org/mapFluency/PerformanceLevelDescriptor,Initial Letters & Syllables,Initial Letters & Syllables,Initial Letters & Syllables
performance_level_descriptors,Assessment,uri://www.nwea.org/mapFluency/PerformanceLevelDescriptor,Initial Sounds,Initial Sounds,Initial Sounds
performance_level_descriptors,Assessment,uri://www.nwea.org/mapFluency/PerformanceLevelDescriptor,Introduce - Letters & Sounds,Introduce - Letters & Sounds,Introduce - Letters & Sounds
performance_level_descriptors,Assessment,uri://www.nwea.org/mapFluency/PerformanceLevelDescriptor,Introduce - Rhymes & Syllables,Introduce - Rhymes & Syllables,Introduce - Rhymes & Syllables
performance_level_descriptors,Assessment,uri://www.nwea.org/mapFluency/PerformanceLevelDescriptor,Letters & Sounds,Letters & Sounds,Letters & Sounds
performance_level_descriptors,Assessment,uri://www.nwea.org/mapFluency/PerformanceLevelDescriptor,Letters in Words,Letters in Words,Letters in Words
performance_level_descriptors,Assessment,uri://www.nwea.org/mapFluency/PerformanceLevelDescriptor,Meets Expectation,Meets Expectation,Meets Expectation
performance_level_descriptors,Assessment,uri://www.nwea.org/mapFluency/PerformanceLevelDescriptor,No Expectation,No Expectation,No Expectation
performance_level_descriptors,Assessment,uri://www.nwea.org/mapFluency/PerformanceLevelDescriptor,No Score,No Score,No Score
performance_level_descriptors,Assessment,uri://www.nwea.org/mapFluency/PerformanceLevelDescriptor,Phonemic Manipulation,Phonemic Manipulation,Phonemic Manipulation
performance_level_descriptors,Assessment,uri://www.nwea.org/mapFluency/PerformanceLevelDescriptor,Reinforce - Decodable Words: Multisyllabic,Reinforce - Decodable Words: Multisyllabic,Reinforce - Decodable Words: Multisyllabic
performance_level_descriptors,Assessment,uri://www.nwea.org/mapFluency/PerformanceLevelDescriptor,Reinforce - Decodable: One-syllable,Reinforce - Decodable: One-syllable,Reinforce - Decodable: One-syllable
performance_level_descriptors,Assessment,uri://www.nwea.org/mapFluency/PerformanceLevelDescriptor,Reinforce - Phonemic Manipulation,Reinforce - Phonemic Manipulation,Reinforce - Phonemic Manipulation
performance_level_descriptors,Assessment,uri://www.nwea.org/mapFluency/PerformanceLevelDescriptor,Reinforce - Syllable & Phoneme Manipulation,Reinforce - Syllable & Phoneme Manipulation,Reinforce - Syllable & Phoneme Manipulation
performance_level_descriptors,Assessment,uri://www.nwea.org/mapFluency/PerformanceLevelDescriptor,Rhymes & Syllables,Rhymes & Syllables,Rhymes & Syllables
performance_level_descriptors,Assessment,uri://www.nwea.org/mapFluency/PerformanceLevelDescriptor,Syllable & Phoneme Manipulation,Syllable & Phoneme Manipulation,Syllable & Phoneme Manipulation
performance_level_descriptors,Assessment,uri://www.nwea.org/mapFluency/PerformanceLevelDescriptor,Syllable Blending & Initial Sounds,Syllable Blending & Initial Sounds,Syllable Blending & Initial Sounds